{"type":"FeatureCollection","features":[{"type":"Feature","geometry":{"type":"Polygon","coordinates":[[[129.065352,35.180911],[129.065351,35.180844],[129.065459,35.180843],[129.06546,35.180909],[129.065352,35.180911]]]},"properties":{}},{"type":"Feature","geometry":{"type":"Polygon","coordinates":[[[129.065829,35.180848],[129.065844,35.180739],[129.06592,35.180746],[129.065905,35.180855],[129.065829,35.180848]]]},"properties":{}},{"type":"Feature","geometry":{"type":"Polygon","coordinates":[[[129.065671,35.180813],[129.065686,35.180666],[129.065799,35.180673],[129.065785,35.180821],[129.065671,35.180813]]]},"properties":{}},{"type":"Feature","geometry":{"type":"Polygon","coordinates":[[[129.065954,35.180785],[129.065975,35.180709],[129.066058,35.180724],[129.066038,35.1808],[129.065954,35.180785]]]},"properties":{}},{"type":"Feature","geometry":{"type":"Polygon","coordinates":[[[129.06632,35.18089],[129.066253,35.180891],[129.066252,35.180814],[129.066319,35.180813],[129.06632,35.18089]]]},"properties":{}},{"type":"Feature","geometry":{"type":"Polygon","coordinates":[[[129.066459,35.180766],[129.06655,35.180787],[129.066529,35.180847],[129.066438,35.180826],[129.066459,35.180766]]]},"properties":{}},{"type":"Feature","geometry":{"type":"Polygon","coordinates":[[[129.067066,35.180671],[129.067253,35.180701],[129.067222,35.180831],[129.067035,35.180801],[129.067066,35.180671]]]},"properties":{}},{"type":"Feature","geometry":{"type":"Polygon","coordinates":[[[129.067372,35.180751],[129.067439,35.18075],[129.067442,35.180859],[129.067365,35.18086],[129.067363,35.180782],[129.067277,35.180784],[129.067275,35.180699],[129.06737,35.180697],[129.067372,35.180751]]]},"properties":{}},{"type":"Feature","geometry":{"type":"Polygon","coordinates":[[[129.067636,35.1808],[129.06761,35.180891],[129.067536,35.180877],[129.067561,35.180786],[129.067636,35.1808]]]},"properties":{}},{"type":"Feature","geometry":{"type":"Polygon","coordinates":[[[129.067959,35.180923],[129.067828,35.180902],[129.067847,35.180826],[129.067978,35.180847],[129.067959,35.180923]]]},"properties":{}},{"type":"Feature","geometry":{"type":"Polygon","coordinates":[[[129.067667,35.180805],[129.067723,35.180813],[129.067703,35.180905],[129.067647,35.180897],[129.067667,35.180805]]]},"properties":{}},{"type":"Feature","geometry":{"type":"Polygon","coordinates":[[[129.066983,35.180955],[129.067115,35.180972],[129.067103,35.181033],[129.066972,35.181017],[129.066983,35.180955]]]},"properties":{}},{"type":"Feature","geometry":{"type":"Polygon","coordinates":[[[129.067176,35.180994],[129.067203,35.181019],[129.067174,35.181041],[129.067146,35.181017],[129.067176,35.180994]]]},"properties":{}},{"type":"Feature","geometry":{"type":"Polygon","coordinates":[[[129.066733,35.180903],[129.066707,35.180961],[129.066645,35.180943],[129.066684,35.180855],[129.066863,35.180909],[129.06685,35.180938],[129.066733,35.180903]]]},"properties":{}},{"type":"Feature","geometry":{"type":"Polygon","coordinates":[[[129.066409,35.181029],[129.066286,35.181019],[129.066289,35.180995],[129.066412,35.181006],[129.066409,35.181029]]]},"properties":{}},{"type":"Feature","geometry":{"type":"Polygon","coordinates":[[[129.066295,35.181103],[129.066388,35.181118],[129.066366,35.181209],[129.066273,35.181194],[129.066295,35.181103]]]},"properties":{}},{"type":"Feature","geometry":{"type":"Polygon","coordinates":[[[129.066609,35.18125],[129.066404,35.181217],[129.066423,35.18114],[129.066628,35.181174],[129.066609,35.18125]]]},"properties":{}},{"type":"Feature","geometry":{"type":"Polygon","coordinates":[[[129.066541,35.181095],[129.066553,35.181033],[129.066647,35.181046],[129.066635,35.181108],[129.066541,35.181095]]]},"properties":{}},{"type":"Feature","geometry":{"type":"Polygon","coordinates":[[[129.067491,35.181109],[129.067506,35.181001],[129.067677,35.181016],[129.067662,35.181125],[129.067491,35.181109]]]},"properties":{}},{"type":"Feature","geometry":{"type":"Polygon","coordinates":[[[129.067996,35.181022],[129.068072,35.181025],[129.068068,35.181103],[129.067991,35.1811],[129.067996,35.181022]]]},"properties":{}},{"type":"Feature","geometry":{"type":"Polygon","coordinates":[[[129.067779,35.180995],[129.067929,35.181018],[129.067897,35.181155],[129.067747,35.181133],[129.067779,35.180995]]]},"properties":{}},{"type":"Feature","geometry":{"type":"Polygon","coordinates":[[[129.067226,35.181188],[129.067187,35.181348],[129.067056,35.181327],[129.067095,35.181167],[129.067226,35.181188]]]},"properties":{}},{"type":"Feature","geometry":{"type":"Polygon","coordinates":[[[129.067257,35.181188],[129.067333,35.181193],[129.067327,35.181256],[129.067251,35.181251],[129.067257,35.181188]]]},"properties":{}},{"type":"Feature","geometry":{"type":"Polygon","coordinates":[[[129.067603,35.181297],[129.067491,35.181278],[129.067509,35.18121],[129.067621,35.181229],[129.067603,35.181297]]]},"properties":{}},{"type":"Feature","geometry":{"type":"Polygon","coordinates":[[[129.067732,35.181246],[129.067985,35.181284],[129.067997,35.181231],[129.068016,35.181234],[129.067974,35.181418],[129.067702,35.181376],[129.067732,35.181246]]]},"properties":{}},{"type":"Feature","geometry":{"type":"Polygon","coordinates":[[[129.067545,35.18139],[129.067544,35.181328],[129.067601,35.181327],[129.067602,35.18139],[129.067545,35.18139]]]},"properties":{}},{"type":"Feature","geometry":{"type":"Polygon","coordinates":[[[129.067254,35.181365],[129.067265,35.181288],[129.067417,35.181303],[129.067405,35.181381],[129.067254,35.181365]]]},"properties":{}},{"type":"Feature","geometry":{"type":"Polygon","coordinates":[[[129.066905,35.181302],[129.066939,35.181149],[129.067071,35.181169],[129.067036,35.181322],[129.066905,35.181302]]]},"properties":{}},{"type":"Feature","geometry":{"type":"Polygon","coordinates":[[[129.066777,35.181188],[129.066764,35.18128],[129.066651,35.18127],[129.066663,35.181177],[129.066777,35.181188]]]},"properties":{}},{"type":"Feature","geometry":{"type":"Polygon","coordinates":[[[129.066442,35.181356],[129.066375,35.18135],[129.066377,35.181334],[129.066444,35.18134],[129.066442,35.181356]]]},"properties":{}},{"type":"Feature","geometry":{"type":"Polygon","coordinates":[[[129.065535,35.181302],[129.065495,35.181336],[129.065419,35.181277],[129.065459,35.181243],[129.065535,35.181302]]]},"properties":{}},{"type":"Feature","geometry":{"type":"Polygon","coordinates":[[[129.065891,35.181277],[129.0659,35.181216],[129.065938,35.181219],[129.065929,35.181281],[129.065891,35.181277]]]},"properties":{}},{"type":"Feature","geometry":{"type":"Polygon","coordinates":[[[129.065694,35.181115],[129.06573,35.181124],[129.065711,35.181176],[129.065675,35.181168],[129.065694,35.181115]]]},"properties":{}},{"type":"Feature","geometry":{"type":"Polygon","coordinates":[[[129.065802,35.181028],[129.065768,35.181084],[129.065717,35.181063],[129.065752,35.181007],[129.065802,35.181028]]]},"properties":{}},{"type":"Feature","geometry":{"type":"Polygon","coordinates":[[[129.065257,35.181131],[129.065333,35.181128],[129.065338,35.181206],[129.065262,35.181209],[129.065257,35.181131]]]},"properties":{}},{"type":"Feature","geometry":{"type":"Polygon","coordinates":[[[129.064678,35.180874],[129.064778,35.180845],[129.064936,35.18122],[129.064972,35.181209],[129.065037,35.181363],[129.064943,35.18139],[129.064877,35.181233],[129.064835,35.181245],[129.064678,35.180874]]]},"properties":{"class":"apartments","subtype":"residential","num_floors":20}},{"type":"Feature","geometry":{"type":"Polygon","coordinates":[[[129.065917,35.181472],[129.065545,35.181464],[129.065544,35.181487],[129.06543,35.181485],[129.065433,35.181415],[129.065918,35.181426],[129.065917,35.181472]]]},"properties":{}},{"type":"Feature","geometry":{"type":"Polygon","coordinates":[[[129.06538,35.181506],[129.065274,35.18152],[129.065256,35.181433],[129.065363,35.181419],[129.06538,35.181506]]]},"properties":{}},{"type":"Feature","geometry":{"type":"Polygon","coordinates":[[[129.065165,35.1814],[129.06517,35.181477],[129.065048,35.181482],[129.065044,35.181405],[129.065165,35.1814]]]},"properties":{}},{"type":"Feature","geometry":{"type":"Polygon","coordinates":[[[129.065138,35.181594],[129.065083,35.181581],[129.065091,35.181558],[129.065146,35.181571],[129.065138,35.181594]]]},"properties":{}},{"type":"Feature","geometry":{"type":"Polygon","coordinates":[[[129.065736,35.181639],[129.065898,35.181635],[129.065901,35.181723],[129.065739,35.181727],[129.065736,35.181639]]]},"properties":{}},{"type":"Feature","geometry":{"type":"Polygon","coordinates":[[[129.06545,35.181618],[129.06549,35.181615],[129.065487,35.181593],[129.065527,35.181589],[129.065543,35.181698],[129.065463,35.181706],[129.06545,35.181618]]]},"properties":{}},{"type":"Feature","geometry":{"type":"Polygon","coordinates":[[[129.065309,35.181687],[129.065306,35.181601],[129.065402,35.181599],[129.065404,35.181685],[129.065309,35.181687]]]},"properties":{}},{"type":"Feature","geometry":{"type":"Polygon","coordinates":[[[129.065245,35.18167],[129.065248,35.1816],[129.065267,35.1816],[129.065264,35.181671],[129.065245,35.18167]]]},"properties":{}},{"type":"Feature","geometry":{"type":"Polygon","coordinates":[[[129.065415,35.181867],[129.065414,35.18196],[129.065281,35.181959],[129.065282,35.181866],[129.065415,35.181867]]]},"properties":{}},{"type":"Feature","geometry":{"type":"Polygon","coordinates":[[[129.065249,35.181969],[129.065115,35.181979],[129.065105,35.181891],[129.065239,35.181881],[129.065249,35.181969]]]},"properties":{}},{"type":"Feature","geometry":{"type":"Polygon","coordinates":[[[129.065557,35.181852],[129.065549,35.181968],[129.065463,35.181964],[129.065471,35.181848],[129.065557,35.181852]]]},"properties":{}},{"type":"Feature","geometry":{"type":"Polygon","coordinates":[[[129.06564,35.181928],[129.065634,35.181835],[129.06571,35.181832],[129.065716,35.181925],[129.06564,35.181928]]]},"properties":{}},{"type":"Feature","geometry":{"type":"Polygon","coordinates":[[[129.065737,35.18185],[129.065742,35.181749],[129.065913,35.181755],[129.065908,35.181856],[129.065737,35.18185]]]},"properties":{}},{"type":"Feature","geometry":{"type":"Polygon","coordinates":[[[129.06566,35.181739],[129.065695,35.181785],[129.065661,35.181803],[129.065626,35.181756],[129.06566,35.181739]]]},"properties":{}},{"type":"Feature","geometry":{"type":"Polygon","coordinates":[[[129.065468,35.181729],[129.065544,35.181728],[129.065546,35.181822],[129.06547,35.181823],[129.065468,35.181729]]]},"properties":{}},{"type":"Feature","geometry":{"type":"Polygon","coordinates":[[[129.065246,35.181839],[129.065072,35.181856],[129.065063,35.18179],[129.065237,35.181773],[129.065246,35.181839]]]},"properties":{}},{"type":"Feature","geometry":{"type":"Polygon","coordinates":[[[129.065403,35.181728],[129.065396,35.181806],[129.065301,35.1818],[129.065308,35.181723],[129.065403,35.181728]]]},"properties":{}},{"type":"Feature","geometry":{"type":"Polygon","coordinates":[[[129.066094,35.181845],[129.06608,35.181636],[129.066201,35.181631],[129.066215,35.18184],[129.066094,35.181845]]]},"properties":{}},{"type":"Feature","geometry":{"type":"Polygon","coordinates":[[[129.066675,35.181845],[129.066688,35.181784],[129.066716,35.181788],[129.066703,35.181849],[129.066675,35.181845]]]},"properties":{}},{"type":"Feature","geometry":{"type":"Polygon","coordinates":[[[129.06647,35.181787],[129.066533,35.181803],[129.066512,35.181863],[129.066448,35.181847],[129.06647,35.181787]]]},"properties":{}},{"type":"Feature","geometry":{"type":"Polygon","coordinates":[[[129.066856,35.181887],[129.066826,35.181865],[129.066853,35.181841],[129.066883,35.181863],[129.066856,35.181887]]]},"properties":{}},{"type":"Feature","geometry":{"type":"Polygon","coordinates":[[[129.066978,35.181871],[129.066988,35.181809],[129.067082,35.18182],[129.067072,35.181881],[129.066978,35.181871]]]},"properties":{}},{"type":"Feature","geometry":{"type":"Polygon","coordinates":[[[129.067132,35.181936],[129.06716,35.181814],[129.067253,35.181828],[129.067225,35.18195],[129.067132,35.181936]]]},"properties":{}},{"type":"Feature","geometry":{"type":"Polygon","coordinates":[[[129.067328,35.181967],[129.06734,35.181874],[129.067463,35.181885],[129.067451,35.181978],[129.067328,35.181967]]]},"properties":{}},{"type":"Feature","geometry":{"type":"Polygon","coordinates":[[[129.067512,35.181983],[129.067521,35.181906],[129.067616,35.181914],[129.067607,35.181991],[129.067512,35.181983]]]},"properties":{}},{"type":"Feature","geometry":{"type":"Polygon","coordinates":[[[129.067692,35.182017],[129.06773,35.181904],[129.06784,35.181929],[129.067803,35.182041],[129.067692,35.182017]]]},"properties":{}},{"type":"Feature","geometry":{"type":"Polygon","coordinates":[[[129.06787,35.181787],[129.067861,35.181849],[129.067728,35.181836],[129.067738,35.181774],[129.06787,35.181787]]]},"properties":{}},{"type":"Feature","geometry":{"type":"Polygon","coordinates":[[[129.067359,35.18178],[129.067372,35.181719],[129.067503,35.181737],[129.067491,35.181798],[129.067359,35.18178]]]},"properties":{}},{"type":"Feature","geometry":{"type":"Polygon","coordinates":[[[129.067746,35.181747],[129.067758,35.181685],[129.06789,35.181702],[129.067878,35.181763],[129.067746,35.181747]]]},"properties":{}},{"type":"Feature","geometry":{"type":"Polygon","coordinates":[[[129.0679,35.181656],[129.067788,35.181639],[129.067811,35.181532],[129.067923,35.181548],[129.0679,35.181656]]]},"properties":{}},{"type":"Feature","geometry":{"type":"Polygon","coordinates":[[[129.067704,35.181534],[129.06768,35.181633],[129.067568,35.181615],[129.067591,35.181516],[129.067704,35.181534]]]},"properties":{}},{"type":"Feature","geometry":{"type":"Polygon","coordinates":[[[129.067408,35.18156],[129.067432,35.181501],[129.067559,35.181535],[129.067535,35.181594],[129.067408,35.18156]]]},"properties":{}},{"type":"Feature","geometry":{"type":"Polygon","coordinates":[[[129.06701,35.181664],[129.067014,35.181602],[129.067129,35.181608],[129.067124,35.18167],[129.06701,35.181664]]]},"properties":{}},{"type":"Feature","geometry":{"type":"Polygon","coordinates":[[[129.067393,35.181631],[129.067525,35.181648],[129.067513,35.181709],[129.067382,35.181692],[129.067393,35.181631]]]},"properties":{}},{"type":"Feature","geometry":{"type":"Polygon","coordinates":[[[129.067206,35.181577],[129.067318,35.181596],[129.067279,35.181748],[129.067167,35.181729],[129.067206,35.181577]]]},"properties":{}},{"type":"Feature","geometry":{"type":"Polygon","coordinates":[[[129.066205,35.181575],[129.066087,35.181543],[129.066155,35.181373],[129.066273,35.181404],[129.066205,35.181575]]]},"properties":{}},{"type":"Feature","geometry":{"type":"Polygon","coordinates":[[[129.066936,35.181425],[129.066884,35.181437],[129.066874,35.181405],[129.066926,35.181393],[129.066936,35.181425]]]},"properties":{}},{"type":"Feature","geometry":{"type":"Polygon","coordinates":[[[129.067038,35.181425],[129.067132,35.181438],[129.067119,35.181499],[129.067025,35.181486],[129.067038,35.181425]]]},"properties":{}},{"type":"Feature","geometry":{"type":"Polygon","coordinates":[[[129.0685,35.181503],[129.068387,35.181488],[129.068399,35.181427],[129.068512,35.181441],[129.0685,35.181503]]]},"properties":{}},{"type":"Feature","geometry":{"type":"Polygon","coordinates":[[[129.070049,35.181409],[129.070124,35.181574],[129.069948,35.181628],[129.069872,35.181463],[129.070049,35.181409]]]},"properties":{}},{"type":"Feature","geometry":{"type":"Polygon","coordinates":[[[129.068839,35.18168],[129.068829,35.181773],[129.068686,35.181763],[129.068697,35.18167],[129.068839,35.18168]]]},"properties":{}},{"type":"Feature","geometry":{"type":"Polygon","coordinates":[[[129.068213,35.181907],[129.068118,35.181895],[129.068146,35.181741],[129.068241,35.181753],[129.068213,35.181907]]]},"properties":{}},{"type":"Feature","geometry":{"type":"Polygon","coordinates":[[[129.068412,35.181793],[129.068393,35.181917],[129.06828,35.181905],[129.068299,35.181782],[129.068412,35.181793]]]},"properties":{}},{"type":"Feature","geometry":{"type":"Polygon","coordinates":[[[129.068635,35.181925],[129.068626,35.181923],[129.068612,35.181969],[129.068483,35.181942],[129.068522,35.181814],[129.06879,35.181869],[129.068751,35.181997],[129.068621,35.18197],[129.068635,35.181925]]]},"properties":{}},{"type":"Feature","geometry":{"type":"Polygon","coordinates":[[[129.069328,35.182112],[129.069212,35.182141],[129.069118,35.181888],[129.069234,35.181859],[129.069328,35.182112]]]},"properties":{}},{"type":"Feature","geometry":{"type":"Polygon","coordinates":[[[129.070135,35.181758],[129.070056,35.181698],[129.07011,35.181649],[129.07019,35.181709],[129.070135,35.181758]]]},"properties":{}},{"type":"Feature","geometry":{"type":"Polygon","coordinates":[[[129.070625,35.181834],[129.07057,35.181751],[129.070755,35.18167],[129.070785,35.181806],[129.0708,35.181829],[129.070727,35.18186],[129.070691,35.181805],[129.070625,35.181834]]]},"properties":{"class":"apartments","subtype":"residential","num_floors":14}},{"type":"Feature","geometry":{"type":"Polygon","coordinates":[[[129.070842,35.181919],[129.070779,35.181939],[129.070746,35.181867],[129.070871,35.181828],[129.070934,35.181961],[129.070872,35.181981],[129.070842,35.181919]]]},"properties":{}},{"type":"Feature","geometry":{"type":"Polygon","coordinates":[[[129.071207,35.181592],[129.071503,35.182057],[129.071382,35.182108],[129.071336,35.182037],[129.071259,35.182069],[129.071279,35.182101],[129.071169,35.182148],[129.071138,35.182099],[129.071119,35.182011],[129.071292,35.181937],[129.071101,35.181637],[129.071207,35.181592]]]},"properties":{"class":"apartments","subtype":"residential","num_floors":15}},{"type":"Feature","geometry":{"type":"Polygon","coordinates":[[[129.072171,35.181932],[129.072111,35.181846],[129.072134,35.181835],[129.072195,35.181921],[129.072171,35.181932]]]},"properties":{}},{"type":"Feature","geometry":{"type":"Polygon","coordinates":[[[129.072298,35.181604],[129.072212,35.181635],[129.072185,35.181585],[129.072271,35.181553],[129.072298,35.181604]]]},"properties":{}},{"type":"Feature","geometry":{"type":"Polygon","coordinates":[[[129.070395,35.18143],[129.070477,35.181393],[129.070614,35.181596],[129.070531,35.181633],[129.070395,35.18143]]]},"properties":{}},{"type":"Feature","geometry":{"type":"Polygon","coordinates":[[[129.070184,35.181315],[129.070219,35.18141],[129.070271,35.181397],[129.070255,35.181355],[129.070294,35.181345],[129.070365,35.181535],[129.070197,35.181577],[129.070106,35.181335],[129.070184,35.181315]]]},"properties":{}},{"type":"Feature","geometry":{"type":"Polygon","coordinates":[[[129.070598,35.181451],[129.070652,35.181407],[129.07072,35.181461],[129.070666,35.181506],[129.070598,35.181451]]]},"properties":{}},{"type":"Feature","geometry":{"type":"Polygon","coordinates":[[[129.071669,35.181599],[129.071598,35.181505],[129.071735,35.181435],[129.071806,35.181529],[129.071669,35.181599]]]},"properties":{}},{"type":"Feature","geometry":{"type":"Polygon","coordinates":[[[129.072174,35.181505],[129.072239,35.181491],[129.072252,35.181534],[129.072187,35.181547],[129.072174,35.181505]]]},"properties":{}},{"type":"Feature","geometry":{"type":"Polygon","coordinates":[[[129.072116,35.181424],[129.072193,35.181404],[129.072225,35.181488],[129.072148,35.181508],[129.072116,35.181424]]]},"properties":{}},{"type":"Feature","geometry":{"type":"Polygon","coordinates":[[[129.071628,35.181425],[129.071541,35.181476],[129.071436,35.181357],[129.07142,35.181366],[129.071369,35.181308],[129.071593,35.181176],[129.071643,35.181233],[129.071575,35.181273],[129.071662,35.181371],[129.071608,35.181403],[129.071628,35.181425]]]},"properties":{"class":"apartments","subtype":"residential","num_floors":15}},{"type":"Feature","geometry":{"type":"Polygon","coordinates":[[[129.072023,35.181331],[129.071929,35.181373],[129.071813,35.181198],[129.071908,35.181156],[129.072023,35.181331]]]},"properties":{}},{"type":"Feature","geometry":{"type":"Polygon","coordinates":[[[129.071983,35.181063],[129.07182,35.181139],[129.071779,35.181082],[129.071943,35.181005],[129.071983,35.181063]]]},"properties":{}},{"type":"Feature","geometry":{"type":"Polygon","coordinates":[[[129.071387,35.181118],[129.071336,35.181054],[129.071392,35.181024],[129.071444,35.181088],[129.071387,35.181118]]]},"properties":{}},{"type":"Feature","geometry":{"type":"Polygon","coordinates":[[[129.07019,35.181033],[129.070232,35.181102],[129.070148,35.181137],[129.070106,35.181068],[129.07019,35.181033]]]},"properties":{}},{"type":"Feature","geometry":{"type":"Polygon","coordinates":[[[129.070299,35.181114],[129.07039,35.181095],[129.07042,35.181191],[129.070329,35.18121],[129.070299,35.181114]]]},"properties":{}},{"type":"Feature","geometry":{"type":"Polygon","coordinates":[[[129.070624,35.18118],[129.070592,35.181107],[129.070681,35.181081],[129.070712,35.181154],[129.070624,35.18118]]]},"properties":{}},{"type":"Feature","geometry":{"type":"Polygon","coordinates":[[[129.070288,35.181226],[129.070198,35.181251],[129.070168,35.181178],[129.070257,35.181153],[129.070288,35.181226]]]},"properties":{}},{"type":"Feature","geometry":{"type":"Polygon","coordinates":[[[129.070339,35.181247],[129.070419,35.181236],[129.070428,35.18128],[129.070348,35.18129],[129.070339,35.181247]]]},"properties":{}},{"type":"Feature","geometry":{"type":"Polygon","coordinates":[[[129.070581,35.181412],[129.070426,35.181095],[129.070501,35.18107],[129.070656,35.181387],[129.070581,35.181412]]]},"properties":{}},{"type":"Feature","geometry":{"type":"Polygon","coordinates":[[[129.07023,35.181331],[129.070215,35.181289],[129.070292,35.18127],[129.070307,35.181313],[129.07023,35.181331]]]},"properties":{}},{"type":"Feature","geometry":{"type":"Polygon","coordinates":[[[129.069867,35.181213],[129.069937,35.18118],[129.070045,35.181332],[129.069975,35.181365],[129.069867,35.181213]]]},"properties":{}},{"type":"Feature","geometry":{"type":"Polygon","coordinates":[[[129.068427,35.181397],[129.068433,35.181319],[129.068529,35.181324],[129.068522,35.181402],[129.068427,35.181397]]]},"properties":{}},{"type":"Feature","geometry":{"type":"Polygon","coordinates":[[[129.068212,35.181387],[129.068079,35.181374],[129.068095,35.181265],[129.068228,35.181278],[129.068212,35.181387]]]},"properties":{}},{"type":"Feature","geometry":{"type":"Polygon","coordinates":[[[129.06852,35.180632],[129.068921,35.180532],[129.069367,35.18171],[129.068992,35.1818],[129.06852,35.180632]]]},"properties":{"class":"train_station","subtype":"transportation"}},{"type":"Feature","geometry":{"type":"Polygon","coordinates":[[[129.068573,35.181234],[129.068557,35.18117],[129.068636,35.181156],[129.068653,35.181221],[129.068573,35.181234]]]},"properties":{}},{"type":"Feature","geometry":{"type":"Polygon","coordinates":[[[129.068406,35.181226],[129.068303,35.181211],[129.068312,35.181165],[129.068415,35.18118],[129.068406,35.181226]]]},"properties":{}},{"type":"Feature","geometry":{"type":"Polygon","coordinates":[[[129.068459,35.181067],[129.06845,35.181144],[129.068317,35.181135],[129.068326,35.181057],[129.068459,35.181067]]]},"properties":{}},{"type":"Feature","geometry":{"type":"Polygon","coordinates":[[[129.070071,35.181316],[129.06985,35.180963],[129.069922,35.180933],[129.070143,35.181286],[129.070071,35.181316]]]},"properties":{}},{"type":"Feature","geometry":{"type":"Polygon","coordinates":[[[129.069751,35.180864],[129.069912,35.181167],[129.069813,35.181202],[129.069652,35.180899],[129.069751,35.180864]]]},"properties":{}},{"type":"Feature","geometry":{"type":"Polygon","coordinates":[[[129.07005,35.180985],[129.070157,35.180939],[129.0702,35.181008],[129.070093,35.181053],[129.07005,35.180985]]]},"properties":{}},{"type":"Feature","geometry":{"type":"Polygon","coordinates":[[[129.070092,35.180882],[129.070119,35.180933],[129.070032,35.180963],[129.070006,35.180913],[129.070092,35.180882]]]},"properties":{}},{"type":"Feature","geometry":{"type":"Polygon","coordinates":[[[129.069793,35.180869],[129.069879,35.180837],[129.069919,35.180907],[129.069833,35.180939],[129.069793,35.180869]]]},"properties":{}},{"type":"Feature","geometry":{"type":"Polygon","coordinates":[[[129.068365,35.180992],[129.068378,35.180892],[129.06853,35.180905],[129.068517,35.181005],[129.068365,35.180992]]]},"properties":{}},{"type":"Feature","geometry":{"type":"Polygon","coordinates":[[[129.068322,35.180929],[129.068311,35.181007],[129.068178,35.180994],[129.068189,35.180917],[129.068322,35.180929]]]},"properties":{}},{"type":"Feature","geometry":{"type":"Polygon","coordinates":[[[129.06821,35.180717],[129.068305,35.18072],[129.068302,35.180782],[129.068207,35.180779],[129.06821,35.180717]]]},"properties":{}},{"type":"Feature","geometry":{"type":"Polygon","coordinates":[[[129.06966,35.180875],[129.069633,35.180824],[129.069695,35.180802],[129.069722,35.180853],[129.06966,35.180875]]]},"properties":{}},{"type":"Feature","geometry":{"type":"Polygon","coordinates":[[[129.070023,35.180755],[129.07008,35.180855],[129.069982,35.180892],[129.069925,35.180792],[129.070023,35.180755]]]},"properties":{}},{"type":"Feature","geometry":{"type":"Polygon","coordinates":[[[129.070277,35.180663],[129.070343,35.180784],[129.070281,35.180806],[129.070215,35.180685],[129.070277,35.180663]]]},"properties":{}},{"type":"Feature","geometry":{"type":"Polygon","coordinates":[[[129.070084,35.180734],[129.070182,35.180698],[129.070238,35.180798],[129.07014,35.180834],[129.070084,35.180734]]]},"properties":{}},{"type":"Feature","geometry":{"type":"Polygon","coordinates":[[[129.07054,35.180809],[129.070427,35.180797],[129.070438,35.180728],[129.070551,35.180739],[129.07054,35.180809]]]},"properties":{}},{"type":"Feature","geometry":{"type":"Polygon","coordinates":[[[129.070261,35.180858],[129.070228,35.180896],[129.070182,35.180868],[129.070215,35.18083],[129.070261,35.180858]]]},"properties":{}},{"type":"Feature","geometry":{"type":"Polygon","coordinates":[[[129.070607,35.181013],[129.07038,35.18099],[129.070391,35.180912],[129.070618,35.180935],[129.070607,35.181013]]]},"properties":{}},{"type":"Feature","geometry":{"type":"Polygon","coordinates":[[[129.071551,35.180887],[129.071631,35.180846],[129.071709,35.180949],[129.07163,35.18099],[129.071551,35.180887]]]},"properties":{}},{"type":"Feature","geometry":{"type":"Polygon","coordinates":[[[129.071584,35.181004],[129.071495,35.181054],[129.071434,35.180981],[129.071522,35.180931],[129.071584,35.181004]]]},"properties":{}},{"type":"Feature","geometry":{"type":"Polygon","coordinates":[[[129.071725,35.180876],[129.071777,35.180841],[129.07182,35.180884],[129.071768,35.180919],[129.071725,35.180876]]]},"properties":{}},{"type":"Feature","geometry":{"type":"Polygon","coordinates":[[[129.071539,35.180864],[129.071503,35.180818],[129.07156,35.180788],[129.071596,35.180835],[129.071539,35.180864]]]},"properties":{}},{"type":"Feature","geometry":{"type":"Polygon","coordinates":[[[129.07183,35.180652],[129.071848,35.180693],[129.071823,35.180701],[129.071805,35.180659],[129.07183,35.180652]]]},"properties":{}},{"type":"Feature","geometry":{"type":"Polygon","coordinates":[[[129.072117,35.180648],[129.072056,35.180672],[129.071982,35.180542],[129.072043,35.180519],[129.072117,35.180648]]]},"properties":{}},{"type":"Feature","geometry":{"type":"Polygon","coordinates":[[[129.071379,35.180679],[129.071422,35.180652],[129.071463,35.180695],[129.071421,35.180722],[129.071379,35.180679]]]},"properties":{}},{"type":"Feature","geometry":{"type":"Polygon","coordinates":[[[129.070129,35.180584],[129.070203,35.180558],[129.070246,35.180639],[129.070171,35.180665],[129.070129,35.180584]]]},"properties":{}},{"type":"Feature","geometry":{"type":"Polygon","coordinates":[[[129.07047,35.180497],[129.070584,35.180493],[129.070588,35.180555],[129.070474,35.180559],[129.07047,35.180497]]]},"properties":{}},{"type":"Feature","geometry":{"type":"Polygon","coordinates":[[[129.070422,35.18051],[129.070423,35.180573],[129.070271,35.180574],[129.07027,35.180512],[129.070422,35.18051]]]},"properties":{}},{"type":"Feature","geometry":{"type":"Polygon","coordinates":[[[129.071396,35.180434],[129.071505,35.180393],[129.071614,35.180582],[129.071506,35.180624],[129.071478,35.180575],[129.071349,35.180625],[129.071298,35.180536],[129.071427,35.180487],[129.071396,35.180434]]]},"properties":{"class":"apartments","subtype":"residential","num_floors":22}},{"type":"Feature","geometry":{"type":"Polygon","coordinates":[[[129.072101,35.180543],[129.072242,35.180505],[129.072271,35.180579],[129.07213,35.180616],[129.072101,35.180543]]]},"properties":{}},{"type":"Feature","geometry":{"type":"Polygon","coordinates":[[[129.071695,35.180406],[129.071808,35.180371],[129.07189,35.180545],[129.071777,35.180581],[129.071695,35.180406]]]},"properties":{}},{"type":"Feature","geometry":{"type":"Polygon","coordinates":[[[129.07213,35.180472],[129.072097,35.180388],[129.072161,35.180371],[129.072194,35.180455],[129.07213,35.180472]]]},"properties":{}},{"type":"Feature","geometry":{"type":"Polygon","coordinates":[[[129.071731,35.180258],[129.07178,35.180361],[129.071704,35.180385],[129.071656,35.180282],[129.071731,35.180258]]]},"properties":{}},{"type":"Feature","geometry":{"type":"Polygon","coordinates":[[[129.071916,35.18017],[129.071961,35.18025],[129.071863,35.180286],[129.071818,35.180206],[129.071916,35.18017]]]},"properties":{}},{"type":"Feature","geometry":{"type":"Polygon","coordinates":[[[129.071252,35.179999],[129.071404,35.179936],[129.071456,35.18002],[129.071405,35.180041],[129.071459,35.180129],[129.071402,35.180152],[129.071522,35.180347],[129.071402,35.180396],[129.071281,35.180198],[129.071355,35.180167],[129.071252,35.179999]]]},"properties":{"class":"apartments","subtype":"residential","num_floors":19}},{"type":"Feature","geometry":{"type":"Polygon","coordinates":[[[129.071645,35.180102],[129.071713,35.180209],[129.071653,35.180235],[129.071585,35.180127],[129.071645,35.180102]]]},"properties":{}},{"type":"Feature","geometry":{"type":"Polygon","coordinates":[[[129.070718,35.180248],[129.070948,35.180152],[129.071006,35.180245],[129.070923,35.18028],[129.071099,35.180563],[129.071002,35.180603],[129.070829,35.180323],[129.070778,35.180344],[129.070718,35.180248]]]},"properties":{"class":"apartments","subtype":"residential","num_floors":19}},{"type":"Feature","geometry":{"type":"Polygon","coordinates":[[[129.069933,35.180426],[129.069788,35.180485],[129.069703,35.180347],[129.069848,35.180288],[129.069933,35.180426]]]},"properties":{}},{"type":"Feature","geometry":{"type":"Polygon","coordinates":[[[129.069995,35.180335],[129.069931,35.180226],[129.070214,35.180114],[129.070278,35.180223],[129.069995,35.180335]]]},"properties":{"name":"거성교회","class":"church","subtype":"religious"}},{"type":"Feature","geometry":{"type":"Polygon","coordinates":[[[129.069843,35.18014],[129.06983,35.180186],[129.069774,35.180175],[129.069787,35.18013],[129.069843,35.18014]]]},"properties":{}},{"type":"Feature","geometry":{"type":"Polygon","coordinates":[[[129.069524,35.180126],[129.069573,35.180228],[129.069473,35.180261],[129.069423,35.180158],[129.069524,35.180126]]]},"properties":{}},{"type":"Feature","geometry":{"type":"Polygon","coordinates":[[[129.068193,35.180152],[129.06818,35.180121],[129.068231,35.180107],[129.068244,35.180138],[129.068193,35.180152]]]},"properties":{}},{"type":"Feature","geometry":{"type":"Polygon","coordinates":[[[129.068184,35.1803],[129.068175,35.180331],[129.068101,35.180317],[129.068109,35.180286],[129.068184,35.1803]]]},"properties":{}},{"type":"Feature","geometry":{"type":"Polygon","coordinates":[[[129.068294,35.180281],[129.068301,35.180347],[129.068247,35.180351],[129.068241,35.180285],[129.068294,35.180281]]]},"properties":{}},{"type":"Feature","geometry":{"type":"Polygon","coordinates":[[[129.06815,35.180407],[129.068084,35.180415],[129.068077,35.180382],[129.068144,35.180374],[129.06815,35.180407]]]},"properties":{}},{"type":"Feature","geometry":{"type":"Polygon","coordinates":[[[129.068178,35.180508],[129.068058,35.180517],[129.068049,35.18044],[129.06817,35.180431],[129.068178,35.180508]]]},"properties":{}},{"type":"Feature","geometry":{"type":"Polygon","coordinates":[[[129.068349,35.180469],[129.068333,35.180522],[129.068241,35.180503],[129.068257,35.18045],[129.068349,35.180469]]]},"properties":{}},{"type":"Feature","geometry":{"type":"Polygon","coordinates":[[[129.069436,35.18036],[129.069524,35.180332],[129.069615,35.180528],[129.069527,35.180555],[129.069436,35.18036]]]},"properties":{}},{"type":"Feature","geometry":{"type":"Polygon","coordinates":[[[129.069986,35.180584],[129.070074,35.180555],[129.070099,35.180606],[129.070011,35.180635],[129.069986,35.180584]]]},"properties":{}},{"type":"Feature","geometry":{"type":"Polygon","coordinates":[[[129.070074,35.180707],[129.070036,35.180649],[129.070107,35.180618],[129.070145,35.180676],[129.070074,35.180707]]]},"properties":{}},{"type":"Feature","geometry":{"type":"Polygon","coordinates":[[[129.06991,35.180768],[129.069869,35.180699],[129.069978,35.180656],[129.070019,35.180725],[129.06991,35.180768]]]},"properties":{}},{"type":"Feature","geometry":{"type":"Polygon","coordinates":[[[129.069744,35.180644],[129.069775,35.180705],[129.069601,35.180764],[129.06957,35.180703],[129.069744,35.180644]]]},"properties":{}},{"type":"Feature","geometry":{"type":"Polygon","coordinates":[[[129.068245,35.180553],[129.068434,35.180571],[129.068425,35.180633],[129.068236,35.180615],[129.068245,35.180553]]]},"properties":{}},{"type":"Feature","geometry":{"type":"Polygon","coordinates":[[[129.06798,35.180616],[129.067962,35.180724],[129.067848,35.180711],[129.067867,35.180603],[129.06798,35.180616]]]},"properties":{}},{"type":"Feature","geometry":{"type":"Polygon","coordinates":[[[129.067557,35.180611],[129.067549,35.180673],[129.067416,35.180662],[129.067424,35.1806],[129.067557,35.180611]]]},"properties":{}},{"type":"Feature","geometry":{"type":"Polygon","coordinates":[[[129.067353,35.180522],[129.067331,35.18063],[129.0672,35.180612],[129.067221,35.180505],[129.067353,35.180522]]]},"properties":{}},{"type":"Feature","geometry":{"type":"Polygon","coordinates":[[[129.067575,35.180677],[129.067596,35.180585],[129.067727,35.180605],[129.067706,35.180697],[129.067575,35.180677]]]},"properties":{}},{"type":"Feature","geometry":{"type":"Polygon","coordinates":[[[129.06798,35.180529],[129.067885,35.18052],[129.0679,35.180412],[129.067995,35.180421],[129.06798,35.180529]]]},"properties":{}},{"type":"Feature","geometry":{"type":"Polygon","coordinates":[[[129.067628,35.180381],[129.067607,35.180473],[129.067495,35.180455],[129.067516,35.180363],[129.067628,35.180381]]]},"properties":{}},{"type":"Feature","geometry":{"type":"Polygon","coordinates":[[[129.067751,35.180495],[129.067658,35.18048],[129.067676,35.180403],[129.067769,35.180418],[129.067751,35.180495]]]},"properties":{}},{"type":"Feature","geometry":{"type":"Polygon","coordinates":[[[129.067078,35.180474],[129.067191,35.18049],[129.067168,35.180598],[129.067055,35.180582],[129.067078,35.180474]]]},"properties":{}},{"type":"Feature","geometry":{"type":"Polygon","coordinates":[[[129.066849,35.1804],[129.06698,35.180423],[129.066943,35.18056],[129.066813,35.180537],[129.066849,35.1804]]]},"properties":{}},{"type":"Feature","geometry":{"type":"Polygon","coordinates":[[[129.066603,35.180382],[129.066585,35.18049],[129.066471,35.180477],[129.066489,35.180369],[129.066603,35.180382]]]},"properties":{}},{"type":"Feature","geometry":{"type":"Polygon","coordinates":[[[129.066794,35.180397],[129.066758,35.180518],[129.066628,35.180492],[129.066664,35.180371],[129.066794,35.180397]]]},"properties":{}},{"type":"Feature","geometry":{"type":"Polygon","coordinates":[[[129.066282,35.180545],[129.066413,35.180561],[129.066388,35.1807],[129.066256,35.180683],[129.066282,35.180545]]]},"properties":{}},{"type":"Feature","geometry":{"type":"Polygon","coordinates":[[[129.066469,35.180709],[129.066471,35.180623],[129.066633,35.180625],[129.066631,35.180711],[129.066469,35.180709]]]},"properties":{}},{"type":"Feature","geometry":{"type":"Polygon","coordinates":[[[129.066703,35.180664],[129.066797,35.180674],[129.066779,35.180782],[129.066685,35.180772],[129.066703,35.180664]]]},"properties":{}},{"type":"Feature","geometry":{"type":"Polygon","coordinates":[[[129.065526,35.180617],[129.065514,35.180663],[129.06544,35.180651],[129.065451,35.180605],[129.065526,35.180617]]]},"properties":{}},{"type":"Feature","geometry":{"type":"Polygon","coordinates":[[[129.065271,35.180657],[129.065279,35.180712],[129.065252,35.180715],[129.065244,35.18066],[129.065271,35.180657]]]},"properties":{}},{"type":"Feature","geometry":{"type":"Polygon","coordinates":[[[129.064741,35.180573],[129.064744,35.180661],[129.064664,35.180663],[129.064661,35.180575],[129.064741,35.180573]]]},"properties":{}},{"type":"Feature","geometry":{"type":"Polygon","coordinates":[[[129.064655,35.180399],[129.06471,35.180511],[129.064623,35.18054],[129.064567,35.180427],[129.064655,35.180399]]]},"properties":{}},{"type":"Feature","geometry":{"type":"Polygon","coordinates":[[[129.065515,35.180517],[129.065512,35.180548],[129.065474,35.180545],[129.065477,35.180514],[129.065515,35.180517]]]},"properties":{}},{"type":"Feature","geometry":{"type":"Polygon","coordinates":[[[129.065831,35.180484],[129.065907,35.180487],[129.065901,35.18058],[129.065825,35.180577],[129.065831,35.180484]]]},"properties":{}},{"type":"Feature","geometry":{"type":"Polygon","coordinates":[[[129.065653,35.180531],[129.065649,35.180487],[129.065703,35.180484],[129.065707,35.180528],[129.065653,35.180531]]]},"properties":{}},{"type":"Feature","geometry":{"type":"Polygon","coordinates":[[[129.065754,35.180362],[129.065745,35.18044],[129.06565,35.180433],[129.065659,35.180355],[129.065754,35.180362]]]},"properties":{}},{"type":"Feature","geometry":{"type":"Polygon","coordinates":[[[129.065498,35.180345],[129.065593,35.180349],[129.065589,35.180412],[129.065494,35.180407],[129.065498,35.180345]]]},"properties":{}},{"type":"Feature","geometry":{"type":"Polygon","coordinates":[[[129.06502,35.180275],[129.065018,35.180322],[129.064961,35.18032],[129.064963,35.180273],[129.06502,35.180275]]]},"properties":{}},{"type":"Feature","geometry":{"type":"Polygon","coordinates":[[[129.06444,35.180139],[129.064625,35.18057],[129.064526,35.180598],[129.064341,35.180166],[129.064382,35.180155],[129.064245,35.179836],[129.06435,35.179806],[129.064487,35.180126],[129.06444,35.180139]]]},"properties":{"class":"apartments","subtype":"residential","num_floors":20}},{"type":"Feature","geometry":{"type":"Polygon","coordinates":[[[129.065205,35.180138],[129.065145,35.180163],[129.065101,35.180095],[129.065161,35.18007],[129.065205,35.180138]]]},"properties":{}},{"type":"Feature","geometry":{"type":"Polygon","coordinates":[[[129.065043,35.180176],[129.065018,35.18015],[129.06505,35.180129],[129.065075,35.180156],[129.065043,35.180176]]]},"properties":{}},{"type":"Feature","geometry":{"type":"Polygon","coordinates":[[[129.065434,35.180163],[129.065558,35.180205],[129.065586,35.180147],[129.065684,35.180179],[129.06563,35.180287],[129.065409,35.180214],[129.065434,35.180163]]]},"properties":{}},{"type":"Feature","geometry":{"type":"Polygon","coordinates":[[[129.066423,35.180232],[129.066429,35.180154],[129.066505,35.180157],[129.066499,35.180235],[129.066423,35.180232]]]},"properties":{}},{"type":"Feature","geometry":{"type":"Polygon","coordinates":[[[129.066188,35.180323],[129.06616,35.180318],[129.066142,35.180387],[129.066068,35.180374],[129.066105,35.180229],[129.066226,35.18025],[129.066191,35.180387],[129.066172,35.180384],[129.066188,35.180323]]]},"properties":{}},{"type":"Feature","geometry":{"type":"Polygon","coordinates":[[[129.066449,35.180328],[129.066417,35.180482],[129.066305,35.180466],[129.066337,35.180313],[129.066449,35.180328]]]},"properties":{}},{"type":"Feature","geometry":{"type":"Polygon","coordinates":[[[129.066973,35.180367],[129.066842,35.180347],[129.066866,35.18024],[129.066997,35.180259],[129.066973,35.180367]]]},"properties":{}},{"type":"Feature","geometry":{"type":"Polygon","coordinates":[[[129.066529,35.180211],[129.06661,35.18021],[129.06661,35.180276],[129.06653,35.180277],[129.066529,35.180211]]]},"properties":{}},{"type":"Feature","geometry":{"type":"Polygon","coordinates":[[[129.066801,35.180222],[129.066788,35.180346],[129.066674,35.180338],[129.066688,35.180213],[129.066801,35.180222]]]},"properties":{}},{"type":"Feature","geometry":{"type":"Polygon","coordinates":[[[129.067093,35.180264],[129.067243,35.180287],[129.067215,35.18041],[129.067065,35.180387],[129.067093,35.180264]]]},"properties":{}},{"type":"Feature","geometry":{"type":"Polygon","coordinates":[[[129.067247,35.180447],[129.067271,35.180309],[129.067403,35.180324],[129.067378,35.180463],[129.067247,35.180447]]]},"properties":{}},{"type":"Feature","geometry":{"type":"Polygon","coordinates":[[[129.06793,35.180306],[129.067941,35.18022],[129.067998,35.180225],[129.067987,35.18031],[129.06793,35.180306]]]},"properties":{}},{"type":"Feature","geometry":{"type":"Polygon","coordinates":[[[129.067642,35.180214],[129.067538,35.180203],[129.06755,35.180126],[129.067654,35.180137],[129.067642,35.180214]]]},"properties":{}},{"type":"Feature","geometry":{"type":"Polygon","coordinates":[[[129.067678,35.180275],[129.067701,35.180183],[129.067832,35.180205],[129.067809,35.180296],[129.067678,35.180275]]]},"properties":{}},{"type":"Feature","geometry":{"type":"Polygon","coordinates":[[[129.067346,35.180064],[129.067478,35.180076],[129.06746,35.180208],[129.067327,35.180195],[129.067346,35.180064]]]},"properties":{}},{"type":"Feature","geometry":{"type":"Polygon","coordinates":[[[129.067122,35.180177],[129.06715,35.18007],[129.067299,35.180096],[129.067271,35.180203],[129.067122,35.180177]]]},"properties":{}},{"type":"Feature","geometry":{"type":"Polygon","coordinates":[[[129.066948,35.180029],[129.067062,35.180042],[129.067041,35.180165],[129.066928,35.180153],[129.066948,35.180029]]]},"properties":{}},{"type":"Feature","geometry":{"type":"Polygon","coordinates":[[[129.067998,35.180127],[129.067985,35.180129],[129.067996,35.180194],[129.067956,35.180199],[129.067943,35.180122],[129.068076,35.180107],[129.068091,35.180194],[129.068011,35.180203],[129.067998,35.180127]]]},"properties":{}},{"type":"Feature","geometry":{"type":"Polygon","coordinates":[[[129.067767,35.179972],[129.067885,35.180004],[129.067857,35.180071],[129.06774,35.180038],[129.067767,35.179972]]]},"properties":{}},{"type":"Feature","geometry":{"type":"Polygon","coordinates":[[[129.066961,35.179885],[129.067093,35.179902],[129.067078,35.179979],[129.066947,35.179962],[129.066961,35.179885]]]},"properties":{}},{"type":"Feature","geometry":{"type":"Polygon","coordinates":[[[129.067362,35.17991],[129.067339,35.180001],[129.067293,35.179994],[129.067315,35.179902],[129.067362,35.17991]]]},"properties":{}},{"type":"Feature","geometry":{"type":"Polygon","coordinates":[[[129.067514,35.179883],[129.067499,35.180022],[129.067385,35.180014],[129.0674,35.179875],[129.067514,35.179883]]]},"properties":{}},{"type":"Feature","geometry":{"type":"Polygon","coordinates":[[[129.067699,35.180057],[129.067567,35.180039],[129.067592,35.179916],[129.067724,35.179934],[129.067699,35.180057]]]},"properties":{}},{"type":"Feature","geometry":{"type":"Polygon","coordinates":[[[129.066785,35.179934],[129.066807,35.179827],[129.066929,35.179843],[129.066908,35.179951],[129.066785,35.179934]]]},"properties":{}},{"type":"Feature","geometry":{"type":"Polygon","coordinates":[[[129.066605,35.179797],[129.066718,35.179811],[129.06669,35.179965],[129.066577,35.179952],[129.066605,35.179797]]]},"properties":{}},{"type":"Feature","geometry":{"type":"Polygon","coordinates":[[[129.066586,35.179792],[129.066554,35.179946],[129.066423,35.179928],[129.066454,35.179774],[129.066586,35.179792]]]},"properties":{}},{"type":"Feature","geometry":{"type":"Polygon","coordinates":[[[129.066274,35.179741],[129.066274,35.179851],[129.066207,35.179851],[129.066207,35.179741],[129.066274,35.179741]]]},"properties":{}},{"type":"Feature","geometry":{"type":"Polygon","coordinates":[[[129.066149,35.17971],[129.066123,35.179848],[129.06601,35.179834],[129.066036,35.179696],[129.066149,35.17971]]]},"properties":{}},{"type":"Feature","geometry":{"type":"Polygon","coordinates":[[[129.066892,35.179999],[129.066856,35.180152],[129.066725,35.180132],[129.066761,35.179978],[129.066892,35.179999]]]},"properties":{}},{"type":"Feature","geometry":{"type":"Polygon","coordinates":[[[129.066621,35.180024],[129.066611,35.180117],[129.06644,35.180105],[129.06645,35.180012],[129.066621,35.180024]]]},"properties":{}},{"type":"Feature","geometry":{"type":"Polygon","coordinates":[[[129.065603,35.180008],[129.065724,35.180027],[129.065706,35.180103],[129.065585,35.180084],[129.065603,35.180008]]]},"properties":{}},{"type":"Feature","geometry":{"type":"Polygon","coordinates":[[[129.065584,35.180002],[129.065563,35.180078],[129.065442,35.180057],[129.065462,35.179981],[129.065584,35.180002]]]},"properties":{}},{"type":"Feature","geometry":{"type":"Polygon","coordinates":[[[129.065638,35.179893],[129.06575,35.17991],[129.065731,35.179987],[129.065619,35.179969],[129.065638,35.179893]]]},"properties":{}},{"type":"Feature","geometry":{"type":"Polygon","coordinates":[[[129.065297,35.180075],[129.065297,35.180028],[129.065383,35.180028],[129.065383,35.180075],[129.065297,35.180075]]]},"properties":{}},{"type":"Feature","geometry":{"type":"Polygon","coordinates":[[[129.064875,35.179981],[129.064894,35.180034],[129.064868,35.18004],[129.064849,35.179988],[129.064875,35.179981]]]},"properties":{}},{"type":"Feature","geometry":{"type":"Polygon","coordinates":[[[129.064637,35.179868],[129.064636,35.179758],[129.064717,35.179757],[129.064718,35.179867],[129.064637,35.179868]]]},"properties":{}},{"type":"Feature","geometry":{"type":"Polygon","coordinates":[[[129.064923,35.179741],[129.064944,35.179793],[129.06488,35.17981],[129.064859,35.179758],[129.064923,35.179741]]]},"properties":{}},{"type":"Feature","geometry":{"type":"Polygon","coordinates":[[[129.064982,35.179825],[129.064986,35.179888],[129.064824,35.179894],[129.06482,35.179831],[129.064982,35.179825]]]},"properties":{}},{"type":"Feature","geometry":{"type":"Polygon","coordinates":[[[129.065603,35.179887],[129.065586,35.179955],[129.06539,35.179923],[129.065407,35.179854],[129.065603,35.179887]]]},"properties":{}},{"type":"Feature","geometry":{"type":"Polygon","coordinates":[[[129.065629,35.179788],[129.065661,35.179634],[129.065774,35.17965],[129.065742,35.179803],[129.065629,35.179788]]]},"properties":{}},{"type":"Feature","geometry":{"type":"Polygon","coordinates":[[[129.065246,35.179602],[129.06524,35.179711],[129.065221,35.17971],[129.065227,35.179601],[129.065246,35.179602]]]},"properties":{}},{"type":"Feature","geometry":{"type":"Polygon","coordinates":[[[129.064852,35.179554],[129.064965,35.179569],[129.064945,35.179676],[129.064832,35.179662],[129.064852,35.179554]]]},"properties":{}},{"type":"Feature","geometry":{"type":"Polygon","coordinates":[[[129.064728,35.179603],[129.064665,35.179584],[129.064683,35.179547],[129.064745,35.179567],[129.064728,35.179603]]]},"properties":{}},{"type":"Feature","geometry":{"type":"Polygon","coordinates":[[[129.065388,35.179386],[129.065372,35.179526],[129.065258,35.179517],[129.065274,35.179378],[129.065388,35.179386]]]},"properties":{}},{"type":"Feature","geometry":{"type":"Polygon","coordinates":[[[129.065866,35.179413],[129.065998,35.17943],[129.065972,35.179568],[129.06584,35.179552],[129.065866,35.179413]]]},"properties":{}},{"type":"Feature","geometry":{"type":"Polygon","coordinates":[[[129.06552,35.179573],[129.065427,35.179558],[129.065461,35.17942],[129.065554,35.179436],[129.06552,35.179573]]]},"properties":{}},{"type":"Feature","geometry":{"type":"Polygon","coordinates":[[[129.065693,35.179395],[129.065806,35.179411],[129.065778,35.179541],[129.065665,35.179525],[129.065693,35.179395]]]},"properties":{}},{"type":"Feature","geometry":{"type":"Polygon","coordinates":[[[129.066201,35.179437],[129.06617,35.179599],[129.066057,35.179584],[129.066088,35.179423],[129.066201,35.179437]]]},"properties":{}},{"type":"Feature","geometry":{"type":"Polygon","coordinates":[[[129.066987,35.179627],[129.066855,35.179611],[129.06687,35.179534],[129.067002,35.17955],[129.066987,35.179627]]]},"properties":{}},{"type":"Feature","geometry":{"type":"Polygon","coordinates":[[[129.066642,35.179662],[129.066664,35.179523],[129.066759,35.179533],[129.066737,35.179672],[129.066642,35.179662]]]},"properties":{}},{"type":"Feature","geometry":{"type":"Polygon","coordinates":[[[129.066575,35.179543],[129.06655,35.179642],[129.066456,35.179626],[129.066482,35.179527],[129.066575,35.179543]]]},"properties":{}},{"type":"Feature","geometry":{"type":"Polygon","coordinates":[[[129.066944,35.179664],[129.066932,35.179726],[129.066838,35.179714],[129.066849,35.179652],[129.066944,35.179664]]]},"properties":{}},{"type":"Feature","geometry":{"type":"Polygon","coordinates":[[[129.067014,35.179664],[129.067146,35.17968],[129.067133,35.179757],[129.067001,35.179741],[129.067014,35.179664]]]},"properties":{}},{"type":"Feature","geometry":{"type":"Polygon","coordinates":[[[129.06722,35.179732],[129.067234,35.179639],[129.067328,35.179649],[129.067314,35.179741],[129.06722,35.179732]]]},"properties":{}},{"type":"Feature","geometry":{"type":"Polygon","coordinates":[[[129.067501,35.179764],[129.067388,35.179752],[129.067406,35.179629],[129.06752,35.17964],[129.067501,35.179764]]]},"properties":{}},{"type":"Feature","geometry":{"type":"Polygon","coordinates":[[[129.06716,35.17957],[129.067147,35.179648],[129.067015,35.179632],[129.067028,35.179555],[129.06716,35.17957]]]},"properties":{}},{"type":"Feature","geometry":{"type":"Polygon","coordinates":[[[129.067569,35.179582],[129.067417,35.17957],[129.067433,35.179431],[129.067585,35.179442],[129.067569,35.179582]]]},"properties":{}},{"type":"Feature","geometry":{"type":"Polygon","coordinates":[[[129.067281,35.179517],[129.067286,35.179455],[129.067363,35.179459],[129.067357,35.179521],[129.067281,35.179517]]]},"properties":{}},{"type":"Feature","geometry":{"type":"Polygon","coordinates":[[[129.067159,35.179533],[129.067047,35.179514],[129.067066,35.179438],[129.067178,35.179456],[129.067159,35.179533]]]},"properties":{}},{"type":"Feature","geometry":{"type":"Polygon","coordinates":[[[129.069308,35.179725],[129.069263,35.179636],[129.069923,35.17941],[129.069969,35.179499],[129.069308,35.179725]]]},"properties":{"class":"apartments","subtype":"residential","num_floors":19}},{"type":"Feature","geometry":{"type":"Polygon","coordinates":[[[129.068121,35.179921],[129.068065,35.179913],[129.068073,35.179875],[129.06813,35.179883],[129.068121,35.179921]]]},"properties":{}},{"type":"Feature","geometry":{"type":"Polygon","coordinates":[[[129.069878,35.179994],[129.069862,35.180031],[129.069817,35.180018],[129.069833,35.179981],[129.069878,35.179994]]]},"properties":{}},{"type":"Feature","geometry":{"type":"Polygon","coordinates":[[[129.069931,35.180028],[129.069917,35.179963],[129.069997,35.179951],[129.070011,35.180016],[129.069931,35.180028]]]},"properties":{}},{"type":"Feature","geometry":{"type":"Polygon","coordinates":[[[129.070435,35.179639],[129.070546,35.179595],[129.070762,35.179963],[129.07065,35.180007],[129.070435,35.179639]]]},"properties":{"class":"apartments","subtype":"residential","num_floors":19}},{"type":"Feature","geometry":{"type":"Polygon","coordinates":[[[129.07033,35.18003],[129.07023,35.180064],[129.070157,35.179922],[129.070256,35.179888],[129.07033,35.18003]]]},"properties":{}},{"type":"Feature","geometry":{"type":"Polygon","coordinates":[[[129.071837,35.180062],[129.071926,35.18012],[129.071855,35.180193],[129.071758,35.18013],[129.071812,35.180075],[129.071738,35.180026],[129.071791,35.179972],[129.071873,35.180025],[129.071837,35.180062]]]},"properties":{}},{"type":"Feature","geometry":{"type":"Polygon","coordinates":[[[129.072006,35.180024],[129.071903,35.180049],[129.07188,35.179985],[129.071983,35.17996],[129.072006,35.180024]]]},"properties":{}},{"type":"Feature","geometry":{"type":"Polygon","coordinates":[[[129.071778,35.179952],[129.071706,35.179983],[129.071606,35.179827],[129.071677,35.179796],[129.071778,35.179952]]]},"properties":{}},{"type":"Feature","geometry":{"type":"Polygon","coordinates":[[[129.070903,35.179488],[129.071015,35.179444],[129.071231,35.179812],[129.071119,35.179856],[129.070903,35.179488]]]},"properties":{"class":"apartments","subtype":"residential","num_floors":20}},{"type":"Feature","geometry":{"type":"Polygon","coordinates":[[[129.070746,35.179547],[129.070856,35.179505],[129.070896,35.179575],[129.070786,35.179617],[129.070746,35.179547]]]},"properties":{}},{"type":"Feature","geometry":{"type":"Polygon","coordinates":[[[129.070324,35.179408],[129.07041,35.179338],[129.070591,35.179486],[129.070505,35.179556],[129.070324,35.179408]]]},"properties":{}},{"type":"Feature","geometry":{"type":"Polygon","coordinates":[[[129.071714,35.179631],[129.07168,35.179583],[129.071774,35.179539],[129.071808,35.179586],[129.071714,35.179631]]]},"properties":{}},{"type":"Feature","geometry":{"type":"Polygon","coordinates":[[[129.07217,35.179547],[129.07212,35.179584],[129.072083,35.179552],[129.072133,35.179515],[129.07217,35.179547]]]},"properties":{}},{"type":"Feature","geometry":{"type":"Polygon","coordinates":[[[129.071888,35.179229],[129.071902,35.179176],[129.07194,35.179183],[129.071925,35.179236],[129.071888,35.179229]]]},"properties":{}},{"type":"Feature","geometry":{"type":"Polygon","coordinates":[[[129.072239,35.179242],[129.072204,35.179195],[129.072285,35.179155],[129.07232,35.179202],[129.072239,35.179242]]]},"properties":{}},{"type":"Feature","geometry":{"type":"Polygon","coordinates":[[[129.072013,35.17917],[129.071974,35.179125],[129.07205,35.17908],[129.072153,35.179196],[129.072109,35.179222],[129.072046,35.179151],[129.072013,35.17917]]]},"properties":{}},{"type":"Feature","geometry":{"type":"Polygon","coordinates":[[[129.071435,35.179243],[129.071383,35.179257],[129.071367,35.179215],[129.071418,35.179201],[129.071435,35.179243]]]},"properties":{}},{"type":"Feature","geometry":{"type":"Polygon","coordinates":[[[129.071272,35.179248],[129.071335,35.179228],[129.07136,35.179279],[129.071297,35.179299],[129.071272,35.179248]]]},"properties":{}},{"type":"Feature","geometry":{"type":"Polygon","coordinates":[[[129.070977,35.179136],[129.07102,35.17911],[129.071036,35.179128],[129.070992,35.179154],[129.070977,35.179136]]]},"properties":{}},{"type":"Feature","geometry":{"type":"Polygon","coordinates":[[[129.070732,35.179238],[129.07081,35.179204],[129.070949,35.179417],[129.070831,35.179469],[129.070778,35.179387],[129.070637,35.179449],[129.070567,35.179341],[129.070748,35.179262],[129.070732,35.179238]]]},"properties":{"class":"apartments","subtype":"residential","num_floors":23}},{"type":"Feature","geometry":{"type":"Polygon","coordinates":[[[129.069135,35.179452],[129.069081,35.179349],[129.069558,35.179183],[129.069612,35.179285],[129.069135,35.179452]]]},"properties":{"class":"apartments","subtype":"residential","num_floors":20}},{"type":"Feature","geometry":{"type":"Polygon","coordinates":[[[129.069123,35.179201],[129.069028,35.179205],[129.069025,35.179158],[129.06912,35.179155],[129.069123,35.179201]]]},"properties":{}},{"type":"Feature","geometry":{"type":"Polygon","coordinates":[[[129.070015,35.179136],[129.069987,35.179086],[129.070048,35.179062],[129.070076,35.179112],[129.070015,35.179136]]]},"properties":{}},{"type":"Feature","geometry":{"type":"Polygon","coordinates":[[[129.069696,35.179035],[129.069783,35.179006],[129.069818,35.179078],[129.069731,35.179107],[129.069696,35.179035]]]},"properties":{}},{"type":"Feature","geometry":{"type":"Polygon","coordinates":[[[129.069594,35.178956],[129.06962,35.179031],[129.069529,35.179052],[129.069503,35.178978],[129.069594,35.178956]]]},"properties":{}},{"type":"Feature","geometry":{"type":"Polygon","coordinates":[[[129.069196,35.179047],[129.069175,35.178995],[129.069265,35.178971],[129.069286,35.179023],[129.069196,35.179047]]]},"properties":{}},{"type":"Feature","geometry":{"type":"Polygon","coordinates":[[[129.069499,35.179073],[129.0694,35.179107],[129.069357,35.179026],[129.069457,35.178992],[129.069499,35.179073]]]},"properties":{}},{"type":"Feature","geometry":{"type":"Polygon","coordinates":[[[129.069646,35.179056],[129.069674,35.179118],[129.069573,35.179148],[129.069545,35.179086],[129.069646,35.179056]]]},"properties":{}},{"type":"Feature","geometry":{"type":"Polygon","coordinates":[[[129.069332,35.179134],[129.069229,35.179159],[129.069198,35.179075],[129.069301,35.179049],[129.069332,35.179134]]]},"properties":{}},{"type":"Feature","geometry":{"type":"Polygon","coordinates":[[[129.069162,35.179085],[129.069007,35.179123],[129.068984,35.179059],[129.069139,35.179022],[129.069162,35.179085]]]},"properties":{}},{"type":"Feature","geometry":{"type":"Polygon","coordinates":[[[129.068944,35.178996],[129.068879,35.178851],[129.068981,35.178821],[129.069045,35.178966],[129.068944,35.178996]]]},"properties":{}},{"type":"Feature","geometry":{"type":"Polygon","coordinates":[[[129.069274,35.178762],[129.069328,35.178863],[129.069254,35.17889],[129.0692,35.178789],[129.069274,35.178762]]]},"properties":{}},{"type":"Feature","geometry":{"type":"Polygon","coordinates":[[[129.069117,35.178904],[129.069091,35.178807],[129.069157,35.178795],[129.069183,35.178892],[129.069117,35.178904]]]},"properties":{}},{"type":"Feature","geometry":{"type":"Polygon","coordinates":[[[129.069322,35.178922],[129.06941,35.178894],[129.069444,35.178966],[129.069355,35.178994],[129.069322,35.178922]]]},"properties":{}},{"type":"Feature","geometry":{"type":"Polygon","coordinates":[[[129.069483,35.178952],[129.069449,35.178857],[129.069539,35.178835],[129.069574,35.17893],[129.069483,35.178952]]]},"properties":{}},{"type":"Feature","geometry":{"type":"Polygon","coordinates":[[[129.069636,35.178933],[129.069731,35.178892],[129.069781,35.17897],[129.069685,35.179011],[129.069636,35.178933]]]},"properties":{}},{"type":"Feature","geometry":{"type":"Polygon","coordinates":[[[129.069943,35.179018],[129.069867,35.178877],[129.069941,35.178851],[129.070017,35.178992],[129.069943,35.179018]]]},"properties":{}},{"type":"Feature","geometry":{"type":"Polygon","coordinates":[[[129.070107,35.178848],[129.070093,35.178877],[129.070057,35.178865],[129.070072,35.178836],[129.070107,35.178848]]]},"properties":{}},{"type":"Feature","geometry":{"type":"Polygon","coordinates":[[[129.069611,35.178784],[129.069688,35.178766],[129.069725,35.178872],[129.069647,35.17889],[129.069611,35.178784]]]},"properties":{}},{"type":"Feature","geometry":{"type":"Polygon","coordinates":[[[129.07062,35.178893],[129.070583,35.17881],[129.070647,35.178792],[129.070683,35.178875],[129.07062,35.178893]]]},"properties":{}},{"type":"Feature","geometry":{"type":"Polygon","coordinates":[[[129.071115,35.178792],[129.071157,35.178848],[129.071111,35.178871],[129.071069,35.178815],[129.071115,35.178792]]]},"properties":{}},{"type":"Feature","geometry":{"type":"Polygon","coordinates":[[[129.070595,35.178916],[129.07051,35.178949],[129.070459,35.178859],[129.070544,35.178826],[129.070595,35.178916]]]},"properties":{}},{"type":"Feature","geometry":{"type":"Polygon","coordinates":[[[129.070337,35.178914],[129.070312,35.178875],[129.070336,35.178865],[129.070361,35.178904],[129.070337,35.178914]]]},"properties":{}},{"type":"Feature","geometry":{"type":"Polygon","coordinates":[[[129.070608,35.179051],[129.070553,35.178975],[129.0706,35.178953],[129.070654,35.179029],[129.070608,35.179051]]]},"properties":{}},{"type":"Feature","geometry":{"type":"Polygon","coordinates":[[[129.070409,35.178959],[129.070447,35.179042],[129.07017,35.179128],[129.070132,35.179045],[129.070409,35.178959]]]},"properties":{}},{"type":"Feature","geometry":{"type":"Polygon","coordinates":[[[129.070736,35.179115],[129.070659,35.179118],[129.070657,35.179071],[129.070733,35.179068],[129.070736,35.179115]]]},"properties":{}},{"type":"Feature","geometry":{"type":"Polygon","coordinates":[[[129.070742,35.179069],[129.070862,35.179056],[129.070871,35.17911],[129.070751,35.179124],[129.070742,35.179069]]]},"properties":{}},{"type":"Feature","geometry":{"type":"Polygon","coordinates":[[[129.070678,35.179022],[129.070633,35.17893],[129.070695,35.178909],[129.070741,35.179001],[129.070678,35.179022]]]},"properties":{}},{"type":"Feature","geometry":{"type":"Polygon","coordinates":[[[129.071372,35.179013],[129.071332,35.178969],[129.071386,35.178936],[129.071426,35.178981],[129.071372,35.179013]]]},"properties":{}},{"type":"Feature","geometry":{"type":"Polygon","coordinates":[[[129.071585,35.179015],[129.071501,35.179049],[129.071471,35.179],[129.071555,35.178965],[129.071585,35.179015]]]},"properties":{}},{"type":"Feature","geometry":{"type":"Polygon","coordinates":[[[129.071237,35.178922],[129.07132,35.179071],[129.071206,35.179113],[129.071123,35.178964],[129.071237,35.178922]]]},"properties":{"class":"apartments","subtype":"residential","num_floors":10}},{"type":"Feature","geometry":{"type":"Polygon","coordinates":[[[129.071463,35.179],[129.071497,35.17906],[129.071412,35.179092],[129.071378,35.179032],[129.071463,35.179]]]},"properties":{}},{"type":"Feature","geometry":{"type":"Polygon","coordinates":[[[129.071524,35.179072],[129.071612,35.179045],[129.071655,35.179137],[129.071567,35.179165],[129.071524,35.179072]]]},"properties":{}},{"type":"Feature","geometry":{"type":"Polygon","coordinates":[[[129.072191,35.17917],[129.072092,35.179038],[129.072161,35.179004],[129.07226,35.179135],[129.072191,35.17917]]]},"properties":{}},{"type":"Feature","geometry":{"type":"Polygon","coordinates":[[[129.072134,35.178955],[129.072049,35.179009],[129.071966,35.178922],[129.072051,35.178868],[129.072134,35.178955]]]},"properties":{}},{"type":"Feature","geometry":{"type":"Polygon","coordinates":[[[129.071463,35.178977],[129.071435,35.178927],[129.071521,35.178895],[129.071549,35.178946],[129.071463,35.178977]]]},"properties":{}},{"type":"Feature","geometry":{"type":"Polygon","coordinates":[[[129.071287,35.178874],[129.071483,35.178801],[129.071517,35.178861],[129.071321,35.178934],[129.071287,35.178874]]]},"properties":{}},{"type":"Feature","geometry":{"type":"Polygon","coordinates":[[[129.07177,35.178826],[129.0717,35.17886],[129.071659,35.178803],[129.071729,35.17877],[129.07177,35.178826]]]},"properties":{}},{"type":"Feature","geometry":{"type":"Polygon","coordinates":[[[129.071924,35.178801],[129.071976,35.178767],[129.072019,35.178809],[129.071966,35.178844],[129.071924,35.178801]]]},"properties":{}},{"type":"Feature","geometry":{"type":"Polygon","coordinates":[[[129.071853,35.178722],[129.071816,35.178676],[129.071872,35.178646],[129.071909,35.178692],[129.071853,35.178722]]]},"properties":{}},{"type":"Feature","geometry":{"type":"Polygon","coordinates":[[[129.071346,35.178657],[129.071408,35.178635],[129.071454,35.178727],[129.071392,35.178748],[129.071346,35.178657]]]},"properties":{}},{"type":"Feature","geometry":{"type":"Polygon","coordinates":[[[129.070901,35.178685],[129.071029,35.178879],[129.070958,35.17891],[129.07083,35.178717],[129.070901,35.178685]]]},"properties":{}},{"type":"Feature","geometry":{"type":"Polygon","coordinates":[[[129.070797,35.178827],[129.070748,35.178845],[129.070704,35.178764],[129.070754,35.178746],[129.070797,35.178827]]]},"properties":{}},{"type":"Feature","geometry":{"type":"Polygon","coordinates":[[[129.070514,35.178759],[129.07053,35.178801],[129.070453,35.178821],[129.070436,35.178779],[129.070514,35.178759]]]},"properties":{}},{"type":"Feature","geometry":{"type":"Polygon","coordinates":[[[129.070593,35.178722],[129.07062,35.178784],[129.070569,35.178799],[129.070542,35.178736],[129.070593,35.178722]]]},"properties":{}},{"type":"Feature","geometry":{"type":"Polygon","coordinates":[[[129.070223,35.178736],[129.070202,35.178672],[129.07028,35.178655],[129.070301,35.178719],[129.070223,35.178736]]]},"properties":{}},{"type":"Feature","geometry":{"type":"Polygon","coordinates":[[[129.070567,35.178672],[129.070418,35.178723],[129.070387,35.178662],[129.070536,35.178611],[129.070567,35.178672]]]},"properties":{}},{"type":"Feature","geometry":{"type":"Polygon","coordinates":[[[129.070807,35.178702],[129.070772,35.178643],[129.070845,35.178614],[129.07088,35.178674],[129.070807,35.178702]]]},"properties":{}},{"type":"Feature","geometry":{"type":"Polygon","coordinates":[[[129.071109,35.178762],[129.071037,35.178793],[129.070963,35.178675],[129.071034,35.178645],[129.071109,35.178762]]]},"properties":{}},{"type":"Feature","geometry":{"type":"Polygon","coordinates":[[[129.071175,35.178817],[129.071094,35.178653],[129.071157,35.178633],[129.071238,35.178796],[129.071175,35.178817]]]},"properties":{}},{"type":"Feature","geometry":{"type":"Polygon","coordinates":[[[129.070944,35.178654],[129.070913,35.178592],[129.071013,35.178559],[129.071044,35.17862],[129.070944,35.178654]]]},"properties":{}},{"type":"Feature","geometry":{"type":"Polygon","coordinates":[[[129.070648,35.178541],[129.07068,35.178602],[129.070606,35.178628],[129.070574,35.178567],[129.070648,35.178541]]]},"properties":{}},{"type":"Feature","geometry":{"type":"Polygon","coordinates":[[[129.070298,35.178541],[129.070259,35.178447],[129.070322,35.178429],[129.070362,35.178523],[129.070298,35.178541]]]},"properties":{}},{"type":"Feature","geometry":{"type":"Polygon","coordinates":[[[129.070875,35.178556],[129.070835,35.178474],[129.07091,35.178449],[129.07095,35.178531],[129.070875,35.178556]]]},"properties":{}},{"type":"Feature","geometry":{"type":"Polygon","coordinates":[[[129.070732,35.178611],[129.07069,35.17853],[129.070789,35.178495],[129.070831,35.178576],[129.070732,35.178611]]]},"properties":{}},{"type":"Feature","geometry":{"type":"Polygon","coordinates":[[[129.071048,35.17853],[129.071109,35.178508],[129.071148,35.178578],[129.071086,35.1786],[129.071048,35.17853]]]},"properties":{}},{"type":"Feature","geometry":{"type":"Polygon","coordinates":[[[129.071589,35.178526],[129.071527,35.178547],[129.07149,35.178476],[129.071552,35.178455],[129.071589,35.178526]]]},"properties":{}},{"type":"Feature","geometry":{"type":"Polygon","coordinates":[[[129.071424,35.178583],[129.071394,35.17851],[129.071457,35.178492],[129.071488,35.178565],[129.071424,35.178583]]]},"properties":{}},{"type":"Feature","geometry":{"type":"Polygon","coordinates":[[[129.071351,35.178537],[129.071378,35.178599],[129.071328,35.178614],[129.071301,35.178552],[129.071351,35.178537]]]},"properties":{}},{"type":"Feature","geometry":{"type":"Polygon","coordinates":[[[129.071255,35.178595],[129.071282,35.178658],[129.071231,35.178672],[129.071204,35.17861],[129.071255,35.178595]]]},"properties":{}},{"type":"Feature","geometry":{"type":"Polygon","coordinates":[[[129.071827,35.178595],[129.071843,35.178625],[129.071806,35.178638],[129.07179,35.178608],[129.071827,35.178595]]]},"properties":{}},{"type":"Feature","geometry":{"type":"Polygon","coordinates":[[[129.072064,35.178531],[129.072069,35.178575],[129.072015,35.17858],[129.07201,35.178536],[129.072064,35.178531]]]},"properties":{}},{"type":"Feature","geometry":{"type":"Polygon","coordinates":[[[129.071859,35.178403],[129.071892,35.178384],[129.071946,35.178447],[129.071913,35.178466],[129.071859,35.178403]]]},"properties":{}},{"type":"Feature","geometry":{"type":"Polygon","coordinates":[[[129.071224,35.178402],[129.071204,35.178349],[129.071242,35.178339],[129.071263,35.178392],[129.071224,35.178402]]]},"properties":{}},{"type":"Feature","geometry":{"type":"Polygon","coordinates":[[[129.071291,35.178335],[129.071364,35.178308],[129.071397,35.178369],[129.071323,35.178396],[129.071291,35.178335]]]},"properties":{}},{"type":"Feature","geometry":{"type":"Polygon","coordinates":[[[129.071626,35.178377],[129.071615,35.178377],[129.07161,35.178373],[129.07161,35.178368],[129.071605,35.178364],[129.071605,35.17836],[129.071599,35.178355],[129.071599,35.178351],[129.071605,35.178347],[129.071615,35.178347],[129.071621,35.178342],[129.071631,35.178342],[129.071631,35.178347],[129.071637,35.178351],[129.071637,35.178355],[129.071642,35.17836],[129.071642,35.178368],[129.071637,35.178373],[129.071631,35.178373],[129.071626,35.178377]]]},"properties":{}},{"type":"Feature","geometry":{"type":"Polygon","coordinates":[[[129.072267,35.178345],[129.072194,35.178393],[129.072109,35.178307],[129.072078,35.178328],[129.072002,35.178251],[129.072033,35.17823],[129.072101,35.178298],[129.072174,35.17825],[129.072267,35.178345]]]},"properties":{}},{"type":"Feature","geometry":{"type":"Polygon","coordinates":[[[129.071526,35.178328],[129.071451,35.178354],[129.07142,35.178294],[129.071494,35.178268],[129.071526,35.178328]]]},"properties":{}},{"type":"Feature","geometry":{"type":"Polygon","coordinates":[[[129.070832,35.17836],[129.07078,35.178372],[129.070718,35.178192],[129.07077,35.17818],[129.070832,35.17836]]]},"properties":{}},{"type":"Feature","geometry":{"type":"Polygon","coordinates":[[[129.070934,35.178328],[129.070873,35.17823],[129.070945,35.1782],[129.071006,35.178299],[129.070934,35.178328]]]},"properties":{}},{"type":"Feature","geometry":{"type":"Polygon","coordinates":[[[129.071112,35.178253],[129.071039,35.178281],[129.070993,35.178201],[129.071067,35.178173],[129.071112,35.178253]]]},"properties":{}},{"type":"Feature","geometry":{"type":"Polygon","coordinates":[[[129.071141,35.178153],[129.071214,35.178124],[129.07126,35.178204],[129.071187,35.178232],[129.071141,35.178153]]]},"properties":{}},{"type":"Feature","geometry":{"type":"Polygon","coordinates":[[[129.070856,35.178218],[129.070818,35.178159],[129.070889,35.178128],[129.070927,35.178186],[129.070856,35.178218]]]},"properties":{}},{"type":"Feature","geometry":{"type":"Polygon","coordinates":[[[129.070459,35.178153],[129.070493,35.178225],[129.07043,35.178245],[129.070396,35.178173],[129.070459,35.178153]]]},"properties":{}},{"type":"Feature","geometry":{"type":"Polygon","coordinates":[[[129.070348,35.178248],[129.070207,35.178312],[129.070129,35.178196],[129.07027,35.178132],[129.070348,35.178248]]]},"properties":{}},{"type":"Feature","geometry":{"type":"Polygon","coordinates":[[[129.070667,35.178279],[129.070619,35.178254],[129.070635,35.178234],[129.070683,35.178259],[129.070667,35.178279]]]},"properties":{}},{"type":"Feature","geometry":{"type":"Polygon","coordinates":[[[129.07031,35.178404],[129.070246,35.178422],[129.070233,35.178391],[129.070297,35.178373],[129.07031,35.178404]]]},"properties":{}},{"type":"Feature","geometry":{"type":"Polygon","coordinates":[[[129.070416,35.178329],[129.070516,35.178296],[129.070577,35.178419],[129.070477,35.178452],[129.070416,35.178329]]]},"properties":{}},{"type":"Feature","geometry":{"type":"Polygon","coordinates":[[[129.070606,35.178343],[129.070681,35.178318],[129.070712,35.178379],[129.070638,35.178404],[129.070606,35.178343]]]},"properties":{}},{"type":"Feature","geometry":{"type":"Polygon","coordinates":[[[129.071128,35.178434],[129.071091,35.178351],[129.071142,35.178337],[129.071179,35.178419],[129.071128,35.178434]]]},"properties":{}},{"type":"Feature","geometry":{"type":"Polygon","coordinates":[[[129.071065,35.178393],[129.071042,35.178405],[129.07108,35.178451],[129.071046,35.178469],[129.070971,35.178377],[129.071027,35.178347],[129.071065,35.178393]]]},"properties":{}},{"type":"Feature","geometry":{"type":"Polygon","coordinates":[[[129.070395,35.178509],[129.070352,35.178428],[129.070402,35.178411],[129.070444,35.178491],[129.070395,35.178509]]]},"properties":{}},{"type":"Feature","geometry":{"type":"Polygon","coordinates":[[[129.069979,35.17844],[129.069967,35.178486],[129.069865,35.178468],[129.069877,35.178422],[129.069979,35.17844]]]},"properties":{}},{"type":"Feature","geometry":{"type":"Polygon","coordinates":[[[129.070104,35.178474],[129.070083,35.178421],[129.070147,35.178404],[129.070168,35.178456],[129.070104,35.178474]]]},"properties":{}},{"type":"Feature","geometry":{"type":"Polygon","coordinates":[[[129.069503,35.178405],[129.069579,35.17838],[129.069628,35.178483],[129.069553,35.178507],[129.069503,35.178405]]]},"properties":{}},{"type":"Feature","geometry":{"type":"Polygon","coordinates":[[[129.069321,35.178387],[129.069023,35.17849],[129.068986,35.178419],[129.069284,35.178316],[129.069321,35.178387]]]},"properties":{}},{"type":"Feature","geometry":{"type":"Polygon","coordinates":[[[129.069756,35.17829],[129.069834,35.178273],[129.069868,35.178379],[129.06979,35.178396],[129.069756,35.17829]]]},"properties":{}},{"type":"Feature","geometry":{"type":"Polygon","coordinates":[[[129.069752,35.178407],[129.069678,35.178434],[129.069635,35.178353],[129.069709,35.178327],[129.069752,35.178407]]]},"properties":{}},{"type":"Feature","geometry":{"type":"Polygon","coordinates":[[[129.06991,35.178329],[129.069965,35.178341],[129.069955,35.178371],[129.0699,35.178359],[129.06991,35.178329]]]},"properties":{}},{"type":"Feature","geometry":{"type":"Polygon","coordinates":[[[129.069936,35.178229],[129.070002,35.178191],[129.070064,35.178263],[129.069998,35.178301],[129.069936,35.178229]]]},"properties":{}},{"type":"Feature","geometry":{"type":"Polygon","coordinates":[[[129.06972,35.178231],[129.069691,35.178158],[129.069781,35.178134],[129.06981,35.178207],[129.06972,35.178231]]]},"properties":{}},{"type":"Feature","geometry":{"type":"Polygon","coordinates":[[[129.069665,35.178257],[129.069603,35.178278],[129.069576,35.178227],[129.069638,35.178206],[129.069665,35.178257]]]},"properties":{}},{"type":"Feature","geometry":{"type":"Polygon","coordinates":[[[129.069405,35.178147],[129.069467,35.178126],[129.069503,35.178197],[129.069441,35.178218],[129.069405,35.178147]]]},"properties":{}},{"type":"Feature","geometry":{"type":"Polygon","coordinates":[[[129.069212,35.178135],[129.069243,35.178196],[129.069144,35.17823],[129.069113,35.17817],[129.069212,35.178135]]]},"properties":{}},{"type":"Feature","geometry":{"type":"Polygon","coordinates":[[[129.069525,35.178238],[129.069554,35.178312],[129.06949,35.178329],[129.069461,35.178255],[129.069525,35.178238]]]},"properties":{}},{"type":"Feature","geometry":{"type":"Polygon","coordinates":[[[129.069279,35.178187],[129.069368,35.17816],[129.069453,35.178346],[129.069365,35.178373],[129.069279,35.178187]]]},"properties":{}},{"type":"Feature","geometry":{"type":"Polygon","coordinates":[[[129.069274,35.178278],[129.069111,35.178331],[129.069121,35.178351],[129.068984,35.178396],[129.068954,35.178334],[129.069254,35.178237],[129.069274,35.178278]]]},"properties":{}},{"type":"Feature","geometry":{"type":"Polygon","coordinates":[[[129.069091,35.178191],[129.069119,35.178241],[129.069033,35.178273],[129.069005,35.178223],[129.069091,35.178191]]]},"properties":{}},{"type":"Feature","geometry":{"type":"Polygon","coordinates":[[[129.068761,35.178151],[129.068865,35.178126],[129.068928,35.178306],[129.068825,35.178331],[129.068761,35.178151]]]},"properties":{}},{"type":"Feature","geometry":{"type":"Polygon","coordinates":[[[129.069289,35.178564],[129.06924,35.178581],[129.069208,35.17852],[129.069257,35.178503],[129.069289,35.178564]]]},"properties":{}},{"type":"Feature","geometry":{"type":"Polygon","coordinates":[[[129.069348,35.178567],[129.069303,35.178499],[129.069327,35.178488],[129.069371,35.178556],[129.069348,35.178567]]]},"properties":{}},{"type":"Feature","geometry":{"type":"Polygon","coordinates":[[[129.069675,35.178586],[129.069612,35.178607],[129.069577,35.178535],[129.06964,35.178515],[129.069675,35.178586]]]},"properties":{}},{"type":"Feature","geometry":{"type":"Polygon","coordinates":[[[129.06947,35.178421],[129.069525,35.178522],[129.069427,35.178558],[129.069372,35.178457],[129.06947,35.178421]]]},"properties":{}},{"type":"Feature","geometry":{"type":"Polygon","coordinates":[[[129.070209,35.178561],[129.070107,35.178591],[129.070079,35.178529],[129.070181,35.178499],[129.070209,35.178561]]]},"properties":{}},{"type":"Feature","geometry":{"type":"Polygon","coordinates":[[[129.06994,35.178558],[129.06994,35.178646],[129.069832,35.178646],[129.069832,35.178558],[129.06994,35.178558]]]},"properties":{}},{"type":"Feature","geometry":{"type":"Polygon","coordinates":[[[129.069472,35.178662],[129.069411,35.178683],[129.069373,35.178613],[129.069435,35.178591],[129.069472,35.178662]]]},"properties":{}},{"type":"Feature","geometry":{"type":"Polygon","coordinates":[[[129.069508,35.178648],[129.069478,35.178575],[129.069542,35.178558],[129.069572,35.178631],[129.069508,35.178648]]]},"properties":{}},{"type":"Feature","geometry":{"type":"Polygon","coordinates":[[[129.069236,35.178684],[129.069138,35.17872],[129.069061,35.17858],[129.06916,35.178544],[129.069236,35.178684]]]},"properties":{}},{"type":"Feature","geometry":{"type":"Polygon","coordinates":[[[129.069559,35.178754],[129.069534,35.178692],[129.069611,35.178671],[129.069636,35.178734],[129.069559,35.178754]]]},"properties":{}},{"type":"Feature","geometry":{"type":"Polygon","coordinates":[[[129.069688,35.178615],[129.069719,35.178688],[129.069655,35.178706],[129.069624,35.178634],[129.069688,35.178615]]]},"properties":{}},{"type":"Feature","geometry":{"type":"Polygon","coordinates":[[[129.06974,35.178624],[129.069816,35.178621],[129.069819,35.178684],[129.069743,35.178686],[129.06974,35.178624]]]},"properties":{}},{"type":"Feature","geometry":{"type":"Polygon","coordinates":[[[129.070177,35.178678],[129.070197,35.178731],[129.070107,35.178753],[129.070087,35.178701],[129.070177,35.178678]]]},"properties":{}},{"type":"Feature","geometry":{"type":"Polygon","coordinates":[[[129.069974,35.178723],[129.070051,35.178703],[129.070084,35.178787],[129.070007,35.178807],[129.069974,35.178723]]]},"properties":{}},{"type":"Feature","geometry":{"type":"Polygon","coordinates":[[[129.069848,35.178843],[129.069801,35.178764],[129.069874,35.178735],[129.069921,35.178815],[129.069848,35.178843]]]},"properties":{}},{"type":"Feature","geometry":{"type":"Polygon","coordinates":[[[129.069497,35.17869],[129.069539,35.178783],[129.069476,35.178802],[129.069434,35.178709],[129.069497,35.17869]]]},"properties":{}},{"type":"Feature","geometry":{"type":"Polygon","coordinates":[[[129.069359,35.178827],[129.069296,35.178694],[129.069359,35.178674],[129.069422,35.178807],[129.069359,35.178827]]]},"properties":{}},{"type":"Feature","geometry":{"type":"Polygon","coordinates":[[[129.06903,35.178628],[129.069083,35.178752],[129.068956,35.178789],[129.068903,35.178664],[129.06903,35.178628]]]},"properties":{}},{"type":"Feature","geometry":{"type":"Polygon","coordinates":[[[129.068831,35.178695],[129.068883,35.178684],[129.068904,35.178747],[129.068852,35.178759],[129.068831,35.178695]]]},"properties":{}},{"type":"Feature","geometry":{"type":"Polygon","coordinates":[[[129.066237,35.178664],[129.066278,35.178733],[129.066217,35.178757],[129.066176,35.178688],[129.066237,35.178664]]]},"properties":{}},{"type":"Feature","geometry":{"type":"Polygon","coordinates":[[[129.066308,35.178623],[129.066377,35.178589],[129.066419,35.178645],[129.06635,35.17868],[129.066308,35.178623]]]},"properties":{}},{"type":"Feature","geometry":{"type":"Polygon","coordinates":[[[129.066288,35.178493],[129.06634,35.178558],[129.066283,35.178588],[129.066232,35.178523],[129.066288,35.178493]]]},"properties":{}},{"type":"Feature","geometry":{"type":"Polygon","coordinates":[[[129.06689,35.17853],[129.066715,35.178613],[129.066681,35.178565],[129.066856,35.178483],[129.06689,35.17853]]]},"properties":{}},{"type":"Feature","geometry":{"type":"Polygon","coordinates":[[[129.067189,35.178493],[129.06714,35.17844],[129.067183,35.178414],[129.067232,35.178467],[129.067189,35.178493]]]},"properties":{}},{"type":"Feature","geometry":{"type":"Polygon","coordinates":[[[129.067546,35.17807],[129.067603,35.178137],[129.067521,35.178185],[129.067553,35.178222],[129.067455,35.178278],[129.067384,35.178194],[129.067112,35.178352],[129.067051,35.178281],[129.067322,35.178125],[129.067365,35.178175],[129.067546,35.17807]]]},"properties":{}},{"type":"Feature","geometry":{"type":"Polygon","coordinates":[[[129.066265,35.178035],[129.066477,35.178303],[129.066398,35.178345],[129.066186,35.178077],[129.066265,35.178035]]]},"properties":{}},{"type":"Feature","geometry":{"type":"Polygon","coordinates":[[[129.066136,35.178359],[129.066074,35.178323],[129.066096,35.178297],[129.066041,35.178266],[129.066069,35.178234],[129.066186,35.178302],[129.066136,35.178359]]]},"properties":{}},{"type":"Feature","geometry":{"type":"Polygon","coordinates":[[[129.066117,35.178405],[129.066193,35.178359],[129.066281,35.178456],[129.066205,35.178502],[129.066117,35.178405]]]},"properties":{}},{"type":"Feature","geometry":{"type":"Polygon","coordinates":[[[129.065965,35.178394],[129.065885,35.178461],[129.065817,35.178407],[129.065896,35.17834],[129.065965,35.178394]]]},"properties":{}},{"type":"Feature","geometry":{"type":"Polygon","coordinates":[[[129.064848,35.178417],[129.065432,35.177945],[129.065518,35.178016],[129.064934,35.178488],[129.064848,35.178417]]]},"properties":{"class":"apartments","subtype":"residential","num_floors":25}},{"type":"Feature","geometry":{"type":"Polygon","coordinates":[[[129.064534,35.178669],[129.064719,35.178524],[129.064803,35.178595],[129.064631,35.178731],[129.064426,35.179043],[129.06432,35.178996],[129.064534,35.178669]]]},"properties":{"class":"apartments","subtype":"residential","num_floors":20}},{"type":"Feature","geometry":{"type":"Polygon","coordinates":[[[129.067673,35.178956],[129.067651,35.178916],[129.067725,35.178889],[129.067747,35.178929],[129.067673,35.178956]]]},"properties":{}},{"type":"Feature","geometry":{"type":"Polygon","coordinates":[[[129.067583,35.179014],[129.067511,35.179044],[129.067474,35.178985],[129.067546,35.178955],[129.067583,35.179014]]]},"properties":{}},{"type":"Feature","geometry":{"type":"Polygon","coordinates":[[[129.067791,35.179018],[129.067819,35.179056],[129.067796,35.179068],[129.067768,35.17903],[129.067791,35.179018]]]},"properties":{}},{"type":"Feature","geometry":{"type":"Polygon","coordinates":[[[129.067742,35.179053],[129.067748,35.179119],[129.06764,35.179125],[129.067635,35.179059],[129.067742,35.179053]]]},"properties":{}},{"type":"Feature","geometry":{"type":"Polygon","coordinates":[[[129.067579,35.179067],[129.067597,35.179131],[129.067518,35.179146],[129.0675,35.179081],[129.067579,35.179067]]]},"properties":{}},{"type":"Feature","geometry":{"type":"Polygon","coordinates":[[[129.067402,35.179168],[129.06735,35.179078],[129.067424,35.17905],[129.067475,35.17914],[129.067402,35.179168]]]},"properties":{}},{"type":"Feature","geometry":{"type":"Polygon","coordinates":[[[129.067003,35.179061],[129.067079,35.179072],[129.067069,35.179118],[129.066994,35.179107],[129.067003,35.179061]]]},"properties":{}},{"type":"Feature","geometry":{"type":"Polygon","coordinates":[[[129.06716,35.179089],[129.067228,35.179088],[129.06723,35.179143],[129.067163,35.179144],[129.06716,35.179089]]]},"properties":{}},{"type":"Feature","geometry":{"type":"Polygon","coordinates":[[[129.066847,35.179232],[129.066752,35.179226],[129.066759,35.179164],[129.066854,35.17917],[129.066847,35.179232]]]},"properties":{}},{"type":"Feature","geometry":{"type":"Polygon","coordinates":[[[129.066682,35.179214],[129.066606,35.179214],[129.066607,35.179159],[129.066683,35.17916],[129.066682,35.179214]]]},"properties":{}},{"type":"Feature","geometry":{"type":"Polygon","coordinates":[[[129.067668,35.17919],[129.06767,35.179256],[129.067589,35.179258],[129.067588,35.179192],[129.067668,35.17919]]]},"properties":{}},{"type":"Feature","geometry":{"type":"Polygon","coordinates":[[[129.067725,35.179244],[129.067728,35.179213],[129.067804,35.179218],[129.067801,35.179249],[129.067725,35.179244]]]},"properties":{}},{"type":"Feature","geometry":{"type":"Polygon","coordinates":[[[129.067459,35.179341],[129.06746,35.179201],[129.067555,35.179201],[129.067554,35.179341],[129.067459,35.179341]]]},"properties":{}},{"type":"Feature","geometry":{"type":"Polygon","coordinates":[[[129.067072,35.179176],[129.067044,35.179298],[129.066931,35.17928],[129.06696,35.179158],[129.067072,35.179176]]]},"properties":{}},{"type":"Feature","geometry":{"type":"Polygon","coordinates":[[[129.067232,35.179317],[129.06711,35.179303],[129.067128,35.179195],[129.067251,35.179209],[129.067232,35.179317]]]},"properties":{}},{"type":"Feature","geometry":{"type":"Polygon","coordinates":[[[129.06737,35.179334],[129.067274,35.179328],[129.067282,35.179251],[129.067377,35.179257],[129.06737,35.179334]]]},"properties":{}},{"type":"Feature","geometry":{"type":"Polygon","coordinates":[[[129.067678,35.179289],[129.067671,35.179382],[129.067576,35.179377],[129.067583,35.179284],[129.067678,35.179289]]]},"properties":{}},{"type":"Feature","geometry":{"type":"Polygon","coordinates":[[[129.066889,35.17949],[129.066921,35.179353],[129.067033,35.17937],[129.067001,35.179508],[129.066889,35.17949]]]},"properties":{}},{"type":"Feature","geometry":{"type":"Polygon","coordinates":[[[129.066558,35.179323],[129.066776,35.17938],[129.066796,35.179328],[129.066823,35.179335],[129.066766,35.179483],[129.06652,35.17942],[129.066558,35.179323]]]},"properties":{}},{"type":"Feature","geometry":{"type":"Polygon","coordinates":[[[129.066419,35.179304],[129.066395,35.179412],[129.066264,35.179392],[129.066288,35.179285],[129.066419,35.179304]]]},"properties":{}},{"type":"Feature","geometry":{"type":"Polygon","coordinates":[[[129.066126,35.179246],[129.066257,35.17927],[129.066228,35.179376],[129.066098,35.179353],[129.066126,35.179246]]]},"properties":{}},{"type":"Feature","geometry":{"type":"Polygon","coordinates":[[[129.065069,35.179375],[129.065164,35.179383],[129.065159,35.179429],[129.065064,35.179422],[129.065069,35.179375]]]},"properties":{}},{"type":"Feature","geometry":{"type":"Polygon","coordinates":[[[129.064971,35.179316],[129.064937,35.179303],[129.064957,35.179268],[129.064991,35.179281],[129.064971,35.179316]]]},"properties":{}},{"type":"Feature","geometry":{"type":"Polygon","coordinates":[[[129.065459,35.179338],[129.065468,35.17926],[129.065582,35.179269],[129.065573,35.179346],[129.065459,35.179338]]]},"properties":{}},{"type":"Feature","geometry":{"type":"Polygon","coordinates":[[[129.066,35.17927],[129.065987,35.179386],[129.065855,35.179377],[129.065867,35.17926],[129.066,35.17927]]]},"properties":{}},{"type":"Feature","geometry":{"type":"Polygon","coordinates":[[[129.065826,35.179191],[129.065816,35.179354],[129.065683,35.179349],[129.065693,35.179185],[129.065826,35.179191]]]},"properties":{}},{"type":"Feature","geometry":{"type":"Polygon","coordinates":[[[129.06544,35.17919],[129.065447,35.179152],[129.06556,35.179165],[129.065553,35.179204],[129.06544,35.17919]]]},"properties":{}},{"type":"Feature","geometry":{"type":"Polygon","coordinates":[[[129.064883,35.179215],[129.064878,35.179219],[129.064872,35.179215],[129.064872,35.179188],[129.064878,35.179184],[129.064899,35.179184],[129.064905,35.179188],[129.064905,35.179215],[129.064899,35.179219],[129.064888,35.179219],[129.064883,35.179215]]]},"properties":{}},{"type":"Feature","geometry":{"type":"Polygon","coordinates":[[[129.065315,35.179309],[129.065333,35.179216],[129.065427,35.179228],[129.06541,35.17932],[129.065315,35.179309]]]},"properties":{}},{"type":"Feature","geometry":{"type":"Polygon","coordinates":[[[129.065305,35.177277],[129.065179,35.177275],[129.065184,35.176986],[129.065383,35.176989],[129.065382,35.177014],[129.065426,35.177014],[129.065422,35.17722],[129.065388,35.177219],[129.065389,35.177208],[129.065307,35.177207],[129.065305,35.177277]]]},"properties":{}},{"type":"Feature","geometry":{"type":"Polygon","coordinates":[[[129.066548,35.177123],[129.066526,35.177022],[129.066919,35.176967],[129.066941,35.177068],[129.066548,35.177123]]]},"properties":{"class":"apartments","subtype":"residential","num_floors":25}},{"type":"Feature","geometry":{"type":"Polygon","coordinates":[[[129.066183,35.177348],[129.066425,35.177154],[129.066514,35.177229],[129.066272,35.177422],[129.066183,35.177348]]]},"properties":{"class":"apartments","subtype":"residential","num_floors":20}},{"type":"Feature","geometry":{"type":"Polygon","coordinates":[[[129.065145,35.177388],[129.065142,35.177637],[129.065037,35.177636],[129.065038,35.177572],[129.06468,35.177569],[129.064679,35.177614],[129.064458,35.177612],[129.064459,35.177566],[129.064076,35.177564],[129.064075,35.177617],[129.063955,35.177616],[129.063957,35.177379],[129.06407,35.17738],[129.064069,35.177473],[129.064539,35.177476],[129.06454,35.177418],[129.064663,35.177418],[129.064662,35.177466],[129.065023,35.177468],[129.065024,35.177388],[129.065145,35.177388]]]},"properties":{}},{"type":"Feature","geometry":{"type":"Polygon","coordinates":[[[129.065611,35.17781],[129.066116,35.1774],[129.066204,35.177473],[129.065698,35.177882],[129.065611,35.17781]]]},"properties":{"class":"apartments","subtype":"residential","num_floors":25}},{"type":"Feature","geometry":{"type":"Polygon","coordinates":[[[129.065366,35.177617],[129.065566,35.177784],[129.065478,35.177854],[129.065278,35.177687],[129.065366,35.177617]]]},"properties":{"class":"apartments","subtype":"residential","num_floors":25}},{"type":"Feature","geometry":{"type":"Polygon","coordinates":[[[129.065879,35.178039],[129.065881,35.178086],[129.065843,35.178087],[129.065841,35.17804],[129.065879,35.178039]]]},"properties":{}},{"type":"Feature","geometry":{"type":"Polygon","coordinates":[[[129.067125,35.178209],[129.067038,35.178256],[129.0666,35.177718],[129.066687,35.177671],[129.067125,35.178209]]]},"properties":{}},{"type":"Feature","geometry":{"type":"Polygon","coordinates":[[[129.06656,35.178236],[129.0665,35.178162],[129.06668,35.178064],[129.06674,35.178138],[129.06656,35.178236]]]},"properties":{}},{"type":"Feature","geometry":{"type":"Polygon","coordinates":[[[129.068933,35.177714],[129.068868,35.177728],[129.068844,35.177653],[129.068909,35.177639],[129.068933,35.177714]]]},"properties":{}},{"type":"Feature","geometry":{"type":"Polygon","coordinates":[[[129.069149,35.177572],[129.069187,35.1777],[129.069004,35.177736],[129.068966,35.177608],[129.069149,35.177572]]]},"properties":{}},{"type":"Feature","geometry":{"type":"Polygon","coordinates":[[[129.068852,35.177577],[129.068811,35.177544],[129.068838,35.177522],[129.068879,35.177555],[129.068852,35.177577]]]},"properties":{}},{"type":"Feature","geometry":{"type":"Polygon","coordinates":[[[129.069923,35.177824],[129.069921,35.177785],[129.069959,35.177784],[129.069962,35.177822],[129.069923,35.177824]]]},"properties":{}},{"type":"Feature","geometry":{"type":"Polygon","coordinates":[[[129.068643,35.177697],[129.068735,35.17768],[129.068763,35.177776],[129.068671,35.177794],[129.068643,35.177697]]]},"properties":{}},{"type":"Feature","geometry":{"type":"Polygon","coordinates":[[[129.068637,35.17787],[129.068573,35.177888],[129.068547,35.177825],[129.068611,35.177808],[129.068637,35.17787]]]},"properties":{}},{"type":"Feature","geometry":{"type":"Polygon","coordinates":[[[129.068957,35.177818],[129.069028,35.177787],[129.069091,35.177885],[129.06902,35.177916],[129.068957,35.177818]]]},"properties":{}},{"type":"Feature","geometry":{"type":"Polygon","coordinates":[[[129.068838,35.177836],[129.068927,35.17781],[129.068995,35.177965],[129.068906,35.177991],[129.068838,35.177836]]]},"properties":{}},{"type":"Feature","geometry":{"type":"Polygon","coordinates":[[[129.068768,35.177826],[129.06881,35.177962],[129.068697,35.177985],[129.068656,35.177849],[129.068768,35.177826]]]},"properties":{"class":"apartments","subtype":"residential","num_floors":9}},{"type":"Feature","geometry":{"type":"Polygon","coordinates":[[[129.069023,35.178079],[129.069069,35.178159],[129.068996,35.178187],[129.06895,35.178108],[129.069023,35.178079]]]},"properties":{}},{"type":"Feature","geometry":{"type":"Polygon","coordinates":[[[129.069529,35.178073],[129.069418,35.178113],[129.069391,35.178063],[129.069502,35.178023],[129.069529,35.178073]]]},"properties":{}},{"type":"Feature","geometry":{"type":"Polygon","coordinates":[[[129.069054,35.17805],[129.069126,35.17802],[129.069181,35.178108],[129.069109,35.178138],[129.069054,35.17805]]]},"properties":{}},{"type":"Feature","geometry":{"type":"Polygon","coordinates":[[[129.069324,35.178058],[129.069355,35.178131],[129.069266,35.178156],[129.069235,35.178083],[129.069324,35.178058]]]},"properties":{}},{"type":"Feature","geometry":{"type":"Polygon","coordinates":[[[129.069931,35.178069],[129.069971,35.178162],[129.069881,35.178187],[129.069842,35.178093],[129.069931,35.178069]]]},"properties":{}},{"type":"Feature","geometry":{"type":"Polygon","coordinates":[[[129.070067,35.178075],[129.070119,35.17804],[129.070144,35.178066],[129.070092,35.178101],[129.070067,35.178075]]]},"properties":{}},{"type":"Feature","geometry":{"type":"Polygon","coordinates":[[[129.069682,35.178063],[129.069744,35.178041],[129.069771,35.178092],[129.069709,35.178114],[129.069682,35.178063]]]},"properties":{}},{"type":"Feature","geometry":{"type":"Polygon","coordinates":[[[129.069937,35.178044],[129.06981,35.178082],[129.069782,35.17802],[129.069908,35.177982],[129.069937,35.178044]]]},"properties":{}},{"type":"Feature","geometry":{"type":"Polygon","coordinates":[[[129.070028,35.178015],[129.069992,35.177955],[129.070113,35.177906],[129.070148,35.177966],[129.070028,35.178015]]]},"properties":{}},{"type":"Feature","geometry":{"type":"Polygon","coordinates":[[[129.069508,35.177954],[129.06967,35.177898],[129.069727,35.17801],[129.069566,35.178066],[129.069508,35.177954]]]},"properties":{}},{"type":"Feature","geometry":{"type":"Polygon","coordinates":[[[129.069854,35.17789],[129.069868,35.177955],[129.069748,35.177972],[129.069717,35.177819],[129.069783,35.17781],[129.069801,35.177897],[129.069854,35.17789]]]},"properties":{}},{"type":"Feature","geometry":{"type":"Polygon","coordinates":[[[129.070066,35.177825],[129.07009,35.177877],[129.069977,35.177912],[129.069953,35.177861],[129.070066,35.177825]]]},"properties":{}},{"type":"Feature","geometry":{"type":"Polygon","coordinates":[[[129.07034,35.1779],[129.07031,35.177827],[129.070373,35.177809],[129.070403,35.177882],[129.07034,35.1779]]]},"properties":{}},{"type":"Feature","geometry":{"type":"Polygon","coordinates":[[[129.070229,35.177908],[129.07023,35.177861],[129.070287,35.177862],[129.070286,35.177908],[129.070229,35.177908]]]},"properties":{}},{"type":"Feature","geometry":{"type":"Polygon","coordinates":[[[129.070142,35.177906],[129.070192,35.177891],[129.070211,35.177932],[129.070161,35.177948],[129.070142,35.177906]]]},"properties":{}},{"type":"Feature","geometry":{"type":"Polygon","coordinates":[[[129.070552,35.177864],[129.070613,35.17784],[129.070654,35.177909],[129.070594,35.177933],[129.070552,35.177864]]]},"properties":{}},{"type":"Feature","geometry":{"type":"Polygon","coordinates":[[[129.070753,35.177879],[129.070702,35.177892],[129.070677,35.177829],[129.070728,35.177816],[129.070753,35.177879]]]},"properties":{}},{"type":"Feature","geometry":{"type":"Polygon","coordinates":[[[129.071168,35.177875],[129.07113,35.177875],[129.071129,35.177844],[129.071168,35.177844],[129.071168,35.177875]]]},"properties":{}},{"type":"Feature","geometry":{"type":"Polygon","coordinates":[[[129.070981,35.177883],[129.071056,35.177857],[129.071087,35.177918],[129.071013,35.177944],[129.070981,35.177883]]]},"properties":{}},{"type":"Feature","geometry":{"type":"Polygon","coordinates":[[[129.071193,35.177924],[129.071213,35.177977],[129.071149,35.177993],[129.071129,35.177941],[129.071193,35.177924]]]},"properties":{}},{"type":"Feature","geometry":{"type":"Polygon","coordinates":[[[129.071078,35.177939],[129.071121,35.178008],[129.07106,35.178033],[129.071018,35.177964],[129.071078,35.177939]]]},"properties":{}},{"type":"Feature","geometry":{"type":"Polygon","coordinates":[[[129.070609,35.177993],[129.070681,35.177962],[129.070719,35.17802],[129.070647,35.178051],[129.070609,35.177993]]]},"properties":{}},{"type":"Feature","geometry":{"type":"Polygon","coordinates":[[[129.070425,35.177905],[129.07047,35.177997],[129.070407,35.178017],[129.070362,35.177925],[129.070425,35.177905]]]},"properties":{}},{"type":"Feature","geometry":{"type":"Polygon","coordinates":[[[129.070259,35.177937],[129.070323,35.177918],[129.070365,35.178011],[129.070302,35.17803],[129.070259,35.177937]]]},"properties":{}},{"type":"Feature","geometry":{"type":"Polygon","coordinates":[[[129.070228,35.17806],[129.070182,35.17798],[129.070231,35.177961],[129.070277,35.178041],[129.070228,35.17806]]]},"properties":{}},{"type":"Feature","geometry":{"type":"Polygon","coordinates":[[[129.070601,35.178056],[129.070549,35.178068],[129.070557,35.178089],[129.070453,35.178113],[129.070435,35.17806],[129.070591,35.178025],[129.070601,35.178056]]]},"properties":{}},{"type":"Feature","geometry":{"type":"Polygon","coordinates":[[[129.070534,35.178201],[129.070503,35.178152],[129.070563,35.178127],[129.070594,35.178176],[129.070534,35.178201]]]},"properties":{}},{"type":"Feature","geometry":{"type":"Polygon","coordinates":[[[129.070944,35.178123],[129.071041,35.178085],[129.071076,35.178145],[129.070978,35.178183],[129.070944,35.178123]]]},"properties":{}},{"type":"Feature","geometry":{"type":"Polygon","coordinates":[[[129.070771,35.177992],[129.070822,35.177977],[129.070867,35.178081],[129.070816,35.178096],[129.070771,35.177992]]]},"properties":{}},{"type":"Feature","geometry":{"type":"Polygon","coordinates":[[[129.07093,35.178099],[129.070859,35.177956],[129.070946,35.177927],[129.071017,35.17807],[129.07093,35.178099]]]},"properties":{}},{"type":"Feature","geometry":{"type":"Polygon","coordinates":[[[129.071343,35.178048],[129.071232,35.178087],[129.0712,35.178026],[129.071311,35.177987],[129.071343,35.178048]]]},"properties":{}},{"type":"Feature","geometry":{"type":"Polygon","coordinates":[[[129.071364,35.178071],[129.071418,35.17816],[129.071334,35.178194],[129.071279,35.178105],[129.071364,35.178071]]]},"properties":{}},{"type":"Feature","geometry":{"type":"Polygon","coordinates":[[[129.072297,35.178099],[129.072229,35.178134],[129.072156,35.178041],[129.072224,35.178006],[129.072297,35.178099]]]},"properties":{}},{"type":"Feature","geometry":{"type":"Polygon","coordinates":[[[129.071957,35.178075],[129.072021,35.178018],[129.072071,35.178055],[129.072007,35.178112],[129.071957,35.178075]]]},"properties":{}},{"type":"Feature","geometry":{"type":"Polygon","coordinates":[[[129.072194,35.17797],[129.072165,35.17801],[129.072132,35.177994],[129.072161,35.177954],[129.072194,35.17797]]]},"properties":{}},{"type":"Feature","geometry":{"type":"Polygon","coordinates":[[[129.071832,35.17791],[129.071867,35.177969],[129.071771,35.178008],[129.071735,35.177949],[129.071832,35.17791]]]},"properties":{}},{"type":"Feature","geometry":{"type":"Polygon","coordinates":[[[129.071697,35.177975],[129.071699,35.178021],[129.071642,35.178023],[129.07164,35.177976],[129.071697,35.177975]]]},"properties":{}},{"type":"Feature","geometry":{"type":"Polygon","coordinates":[[[129.07135,35.177965],[129.071425,35.177939],[129.071456,35.178],[129.071382,35.178026],[129.07135,35.177965]]]},"properties":{}},{"type":"Feature","geometry":{"type":"Polygon","coordinates":[[[129.071586,35.17797],[129.071514,35.177999],[129.071467,35.17792],[129.071539,35.177891],[129.071586,35.17797]]]},"properties":{}},{"type":"Feature","geometry":{"type":"Polygon","coordinates":[[[129.071606,35.177951],[129.071569,35.17788],[129.071657,35.177851],[129.071693,35.177922],[129.071606,35.177951]]]},"properties":{}},{"type":"Feature","geometry":{"type":"Polygon","coordinates":[[[129.07144,35.177886],[129.071411,35.177836],[129.071471,35.177812],[129.071501,35.177861],[129.07144,35.177886]]]},"properties":{}},{"type":"Feature","geometry":{"type":"Polygon","coordinates":[[[129.072065,35.177901],[129.071898,35.177714],[129.071996,35.177656],[129.072163,35.177842],[129.072065,35.177901]]]},"properties":{}},{"type":"Feature","geometry":{"type":"Polygon","coordinates":[[[129.071493,35.177779],[129.071462,35.177717],[129.071537,35.177692],[129.071568,35.177754],[129.071493,35.177779]]]},"properties":{}},{"type":"Feature","geometry":{"type":"Polygon","coordinates":[[[129.071751,35.177789],[129.071648,35.177816],[129.071598,35.17769],[129.071701,35.177663],[129.071751,35.177789]]]},"properties":{}},{"type":"Feature","geometry":{"type":"Polygon","coordinates":[[[129.071404,35.177802],[129.071375,35.177753],[129.071436,35.177729],[129.071465,35.177778],[129.071404,35.177802]]]},"properties":{}},{"type":"Feature","geometry":{"type":"Polygon","coordinates":[[[129.071277,35.177776],[129.07134,35.177756],[129.071375,35.177827],[129.071312,35.177848],[129.071277,35.177776]]]},"properties":{}},{"type":"Feature","geometry":{"type":"Polygon","coordinates":[[[129.071612,35.177832],[129.071539,35.17786],[129.071505,35.1778],[129.071578,35.177772],[129.071612,35.177832]]]},"properties":{}},{"type":"Feature","geometry":{"type":"Polygon","coordinates":[[[129.070895,35.177833],[129.070796,35.177867],[129.070765,35.177806],[129.070864,35.177772],[129.070895,35.177833]]]},"properties":{}},{"type":"Feature","geometry":{"type":"Polygon","coordinates":[[[129.070419,35.1778],[129.07047,35.177785],[129.070497,35.177847],[129.070447,35.177862],[129.070419,35.1778]]]},"properties":{}},{"type":"Feature","geometry":{"type":"Polygon","coordinates":[[[129.070291,35.177808],[129.070254,35.177737],[129.070316,35.177715],[129.070353,35.177786],[129.070291,35.177808]]]},"properties":{}},{"type":"Feature","geometry":{"type":"Polygon","coordinates":[[[129.07039,35.177751],[129.070373,35.177721],[129.070409,35.177706],[129.070427,35.177736],[129.07039,35.177751]]]},"properties":{}},{"type":"Feature","geometry":{"type":"Polygon","coordinates":[[[129.070548,35.177731],[129.070486,35.177753],[129.070448,35.177682],[129.07051,35.17766],[129.070548,35.177731]]]},"properties":{}},{"type":"Feature","geometry":{"type":"Polygon","coordinates":[[[129.070762,35.177737],[129.070723,35.177667],[129.070772,35.177649],[129.070822,35.177739],[129.070651,35.177803],[129.070617,35.177743],[129.070703,35.177711],[129.070726,35.177751],[129.070762,35.177737]]]},"properties":{}},{"type":"Feature","geometry":{"type":"Polygon","coordinates":[[[129.070875,35.17771],[129.070951,35.177686],[129.071,35.177788],[129.070925,35.177812],[129.070875,35.17771]]]},"properties":{}},{"type":"Feature","geometry":{"type":"Polygon","coordinates":[[[129.071075,35.177563],[129.071166,35.177734],[129.07108,35.177765],[129.070988,35.177593],[129.071075,35.177563]]]},"properties":{}},{"type":"Feature","geometry":{"type":"Polygon","coordinates":[[[129.070918,35.177596],[129.070951,35.177668],[129.070863,35.177696],[129.07083,35.177624],[129.070918,35.177596]]]},"properties":{}},{"type":"Feature","geometry":{"type":"Polygon","coordinates":[[[129.070657,35.177624],[129.070686,35.177673],[129.070601,35.177706],[129.070572,35.177657],[129.070657,35.177624]]]},"properties":{}},{"type":"Feature","geometry":{"type":"Polygon","coordinates":[[[129.070203,35.177632],[129.070266,35.177612],[129.070301,35.177683],[129.070238,35.177704],[129.070203,35.177632]]]},"properties":{}},{"type":"Feature","geometry":{"type":"Polygon","coordinates":[[[129.071354,35.177674],[129.071256,35.17771],[129.071125,35.177468],[129.071223,35.177433],[129.071354,35.177674]]]},"properties":{}},{"type":"Feature","geometry":{"type":"Polygon","coordinates":[[[129.071829,35.177691],[129.071791,35.177643],[129.071914,35.177579],[129.071954,35.177629],[129.071929,35.177642],[129.071945,35.177663],[129.07186,35.177708],[129.071842,35.177684],[129.071829,35.177691]]]},"properties":{"class":"apartments","subtype":"residential","num_floors":10}},{"type":"Feature","geometry":{"type":"Polygon","coordinates":[[[129.071753,35.177351],[129.071675,35.177395],[129.071652,35.177368],[129.071752,35.177312],[129.07179,35.177357],[129.07189,35.1773],[129.071959,35.177382],[129.071749,35.177501],[129.071679,35.17742],[129.071768,35.177369],[129.071753,35.177351]]]},"properties":{}},{"type":"Feature","geometry":{"type":"Polygon","coordinates":[[[129.072252,35.177212],[129.072322,35.177306],[129.07223,35.177352],[129.07216,35.177258],[129.072252,35.177212]]]},"properties":{}},{"type":"Feature","geometry":{"type":"Polygon","coordinates":[[[129.070658,35.177166],[129.070712,35.177278],[129.070649,35.177299],[129.070595,35.177186],[129.070658,35.177166]]]},"properties":{}},{"type":"Feature","geometry":{"type":"Polygon","coordinates":[[[129.070267,35.17726],[129.070245,35.17722],[129.070318,35.177192],[129.070341,35.177232],[129.070267,35.17726]]]},"properties":{}},{"type":"Feature","geometry":{"type":"Polygon","coordinates":[[[129.070115,35.177248],[129.070177,35.177225],[129.070204,35.177276],[129.070142,35.177298],[129.070115,35.177248]]]},"properties":{}},{"type":"Feature","geometry":{"type":"Polygon","coordinates":[[[129.070412,35.177279],[129.070366,35.177303],[129.070352,35.177285],[129.070397,35.177261],[129.070412,35.177279]]]},"properties":{}},{"type":"Feature","geometry":{"type":"Polygon","coordinates":[[[129.070576,35.177246],[129.070617,35.177327],[129.070543,35.177353],[129.070501,35.177271],[129.070576,35.177246]]]},"properties":{}},{"type":"Feature","geometry":{"type":"Polygon","coordinates":[[[129.071138,35.177371],[129.071208,35.177395],[129.07119,35.177431],[129.071119,35.177407],[129.071138,35.177371]]]},"properties":{}},{"type":"Feature","geometry":{"type":"Polygon","coordinates":[[[129.070974,35.177365],[129.071047,35.177495],[129.070961,35.177528],[129.070888,35.177397],[129.070974,35.177365]]]},"properties":{}},{"type":"Feature","geometry":{"type":"Polygon","coordinates":[[[129.070825,35.177389],[129.070906,35.177564],[129.070806,35.177596],[129.070724,35.177421],[129.070825,35.177389]]]},"properties":{}},{"type":"Feature","geometry":{"type":"Polygon","coordinates":[[[129.0705,35.177518],[129.070539,35.177485],[129.070567,35.177506],[129.070527,35.17754],[129.0705,35.177518]]]},"properties":{}},{"type":"Feature","geometry":{"type":"Polygon","coordinates":[[[129.070611,35.177464],[129.070674,35.177444],[129.070689,35.177475],[129.070626,35.177495],[129.070611,35.177464]]]},"properties":{}},{"type":"Feature","geometry":{"type":"Polygon","coordinates":[[[129.069808,35.177468],[129.069849,35.177549],[129.069786,35.17757],[129.069745,35.177489],[129.069808,35.177468]]]},"properties":{}},{"type":"Feature","geometry":{"type":"Polygon","coordinates":[[[129.069904,35.177436],[129.06994,35.177507],[129.069878,35.177529],[129.069842,35.177458],[129.069904,35.177436]]]},"properties":{}},{"type":"Feature","geometry":{"type":"Polygon","coordinates":[[[129.069986,35.177412],[129.070008,35.177464],[129.06997,35.177475],[129.069948,35.177423],[129.069986,35.177412]]]},"properties":{}},{"type":"Feature","geometry":{"type":"Polygon","coordinates":[[[129.070023,35.177386],[129.070183,35.177329],[129.070232,35.17742],[129.070071,35.177477],[129.070023,35.177386]]]},"properties":{}},{"type":"Feature","geometry":{"type":"Polygon","coordinates":[[[129.069863,35.177341],[129.069894,35.177402],[129.069819,35.177427],[129.069788,35.177366],[129.069863,35.177341]]]},"properties":{}},{"type":"Feature","geometry":{"type":"Polygon","coordinates":[[[129.069715,35.177388],[129.069761,35.177416],[129.069734,35.177447],[129.069687,35.17742],[129.069715,35.177388]]]},"properties":{}},{"type":"Feature","geometry":{"type":"Polygon","coordinates":[[[129.069631,35.177686],[129.069483,35.17739],[129.06957,35.177361],[129.069718,35.177656],[129.069631,35.177686]]]},"properties":{}},{"type":"Feature","geometry":{"type":"Polygon","coordinates":[[[129.068274,35.177212],[129.068403,35.17718],[129.068458,35.177328],[129.068329,35.17736],[129.068274,35.177212]]]},"properties":{}},{"type":"Feature","geometry":{"type":"Polygon","coordinates":[[[129.069372,35.177242],[129.069494,35.177195],[129.069551,35.177295],[129.069429,35.177342],[129.069372,35.177242]]]},"properties":{}},{"type":"Feature","geometry":{"type":"Polygon","coordinates":[[[129.069972,35.1773],[129.070004,35.177361],[129.06993,35.177388],[129.069897,35.177327],[129.069972,35.1773]]]},"properties":{}},{"type":"Feature","geometry":{"type":"Polygon","coordinates":[[[129.070081,35.177251],[129.070112,35.177312],[129.070037,35.177338],[129.070006,35.177276],[129.070081,35.177251]]]},"properties":{}},{"type":"Feature","geometry":{"type":"Polygon","coordinates":[[[129.069936,35.177168],[129.07001,35.177141],[129.070053,35.177222],[129.069979,35.177249],[129.069936,35.177168]]]},"properties":{}},{"type":"Feature","geometry":{"type":"Polygon","coordinates":[[[129.06965,35.177213],[129.069589,35.177115],[129.069685,35.177075],[129.069746,35.177174],[129.06965,35.177213]]]},"properties":{}},{"type":"Feature","geometry":{"type":"Polygon","coordinates":[[[129.070099,35.177106],[129.07015,35.177196],[129.070089,35.177219],[129.070038,35.17713],[129.070099,35.177106]]]},"properties":{}},{"type":"Feature","geometry":{"type":"Polygon","coordinates":[[[129.069756,35.177114],[129.069728,35.177052],[129.069779,35.177037],[129.069807,35.177099],[129.069756,35.177114]]]},"properties":{}},{"type":"Feature","geometry":{"type":"Polygon","coordinates":[[[129.069365,35.177066],[129.069317,35.177086],[129.069256,35.176987],[129.069341,35.176953],[129.069474,35.177169],[129.069378,35.177209],[129.069317,35.17711],[129.069377,35.177085],[129.069365,35.177066]]]},"properties":{}},{"type":"Feature","geometry":{"type":"Polygon","coordinates":[[[129.069224,35.176995],[129.069274,35.177086],[129.069212,35.177108],[129.069163,35.177018],[129.069224,35.176995]]]},"properties":{}},{"type":"Feature","geometry":{"type":"Polygon","coordinates":[[[129.069299,35.17722],[129.069247,35.177143],[129.069294,35.177121],[129.069347,35.177198],[129.069299,35.17722]]]},"properties":{}},{"type":"Feature","geometry":{"type":"Polygon","coordinates":[[[129.069097,35.177067],[129.06913,35.177115],[129.069071,35.177142],[129.069038,35.177093],[129.069097,35.177067]]]},"properties":{}},{"type":"Feature","geometry":{"type":"Polygon","coordinates":[[[129.068891,35.176986],[129.068928,35.177057],[129.068865,35.177078],[129.068829,35.177007],[129.068891,35.176986]]]},"properties":{}},{"type":"Feature","geometry":{"type":"Polygon","coordinates":[[[129.068976,35.176938],[129.069011,35.17701],[129.068936,35.177035],[129.068901,35.176963],[129.068976,35.176938]]]},"properties":{}},{"type":"Feature","geometry":{"type":"Polygon","coordinates":[[[129.068305,35.176821],[129.068353,35.176975],[129.068173,35.177012],[129.068125,35.176858],[129.068305,35.176821]]]},"properties":{"num_floors":8}},{"type":"Feature","geometry":{"type":"Polygon","coordinates":[[[129.069003,35.176884],[129.069069,35.176872],[129.0691,35.176991],[129.069034,35.177002],[129.069003,35.176884]]]},"properties":{}},{"type":"Feature","geometry":{"type":"Polygon","coordinates":[[[129.069278,35.176943],[129.069242,35.176918],[129.069286,35.176876],[129.069321,35.176902],[129.069278,35.176943]]]},"properties":{}},{"type":"Feature","geometry":{"type":"Polygon","coordinates":[[[129.069565,35.176909],[129.069563,35.176876],[129.069631,35.176874],[129.069633,35.176907],[129.069565,35.176909]]]},"properties":{}},{"type":"Feature","geometry":{"type":"Polygon","coordinates":[[[129.069543,35.176906],[129.069578,35.176978],[129.06949,35.177006],[129.069455,35.176934],[129.069543,35.176906]]]},"properties":{}},{"type":"Feature","geometry":{"type":"Polygon","coordinates":[[[129.069148,35.176996],[129.069101,35.176893],[129.069165,35.176874],[129.069212,35.176977],[129.069148,35.176996]]]},"properties":{}},{"type":"Feature","geometry":{"type":"Polygon","coordinates":[[[129.069645,35.176989],[129.06967,35.177028],[129.069539,35.177085],[129.069514,35.177046],[129.069645,35.176989]]]},"properties":{}},{"type":"Feature","geometry":{"type":"Polygon","coordinates":[[[129.069703,35.177033],[129.069668,35.176962],[129.06973,35.176941],[129.069765,35.177012],[129.069703,35.177033]]]},"properties":{}},{"type":"Feature","geometry":{"type":"Polygon","coordinates":[[[129.06996,35.176813],[129.069994,35.176873],[129.06992,35.176901],[129.069931,35.176921],[129.069993,35.176898],[129.070082,35.177058],[129.069898,35.177127],[129.069848,35.177037],[129.069934,35.177005],[129.06985,35.176855],[129.06996,35.176813]]]},"properties":{}},{"type":"Feature","geometry":{"type":"Polygon","coordinates":[[[129.069875,35.176975],[129.069838,35.17699],[129.06978,35.17689],[129.069707,35.176919],[129.069667,35.176849],[129.069776,35.176806],[129.069875,35.176975]]]},"properties":{}},{"type":"Feature","geometry":{"type":"Polygon","coordinates":[[[129.070887,35.177011],[129.070763,35.177054],[129.070731,35.176994],[129.070855,35.17695],[129.070887,35.177011]]]},"properties":{}},{"type":"Feature","geometry":{"type":"Polygon","coordinates":[[[129.070455,35.176985],[129.070496,35.177054],[129.070435,35.177078],[129.070394,35.177009],[129.070455,35.176985]]]},"properties":{}},{"type":"Feature","geometry":{"type":"Polygon","coordinates":[[[129.070595,35.176955],[129.070643,35.176937],[129.070724,35.177076],[129.070675,35.177095],[129.070595,35.176955]]]},"properties":{}},{"type":"Feature","geometry":{"type":"Polygon","coordinates":[[[129.070389,35.177101],[129.070339,35.177117],[129.070308,35.177056],[129.070358,35.177039],[129.070389,35.177101]]]},"properties":{}},{"type":"Feature","geometry":{"type":"Polygon","coordinates":[[[129.070578,35.177124],[129.070581,35.177093],[129.070619,35.177096],[129.070616,35.177126],[129.070578,35.177124]]]},"properties":{}},{"type":"Feature","geometry":{"type":"Polygon","coordinates":[[[129.070203,35.177196],[129.070164,35.177126],[129.070275,35.177085],[129.070313,35.177155],[129.070203,35.177196]]]},"properties":{}},{"type":"Feature","geometry":{"type":"Polygon","coordinates":[[[129.070363,35.177158],[129.070413,35.177143],[129.070443,35.177204],[129.070392,35.17722],[129.070363,35.177158]]]},"properties":{}},{"type":"Feature","geometry":{"type":"Polygon","coordinates":[[[129.070473,35.177195],[129.070445,35.177133],[129.07052,35.17711],[129.070549,35.177172],[129.070473,35.177195]]]},"properties":{}},{"type":"Feature","geometry":{"type":"Polygon","coordinates":[[[129.070714,35.177197],[129.070705,35.177142],[129.070732,35.177139],[129.07074,35.177194],[129.070714,35.177197]]]},"properties":{}},{"type":"Feature","geometry":{"type":"Polygon","coordinates":[[[129.071624,35.177216],[129.071557,35.177121],[129.071627,35.177088],[129.071694,35.177183],[129.071624,35.177216]]]},"properties":{}},{"type":"Feature","geometry":{"type":"Polygon","coordinates":[[[129.071649,35.176887],[129.071729,35.176887],[129.071729,35.176909],[129.071649,35.176909],[129.071649,35.176887]]]},"properties":{}},{"type":"Feature","geometry":{"type":"Polygon","coordinates":[[[129.07224,35.176911],[129.072242,35.176944],[129.072147,35.176947],[129.072146,35.176914],[129.07224,35.176911]]]},"properties":{}},{"type":"Feature","geometry":{"type":"Polygon","coordinates":[[[129.071539,35.176879],[129.071515,35.176828],[129.071578,35.176808],[129.071602,35.176859],[129.071539,35.176879]]]},"properties":{}},{"type":"Feature","geometry":{"type":"Polygon","coordinates":[[[129.071438,35.176906],[129.071436,35.176862],[129.071504,35.17686],[129.071506,35.176904],[129.071438,35.176906]]]},"properties":{}},{"type":"Feature","geometry":{"type":"Polygon","coordinates":[[[129.070228,35.176804],[129.070298,35.176771],[129.0704,35.176913],[129.07033,35.176947],[129.070228,35.176804]]]},"properties":{}},{"type":"Feature","geometry":{"type":"Polygon","coordinates":[[[129.070526,35.176889],[129.070436,35.176914],[129.070367,35.176747],[129.070457,35.176722],[129.070526,35.176889]]]},"properties":{}},{"type":"Feature","geometry":{"type":"Polygon","coordinates":[[[129.070559,35.17679],[129.070667,35.176746],[129.070721,35.176834],[129.070613,35.176878],[129.070559,35.17679]]]},"properties":{}},{"type":"Feature","geometry":{"type":"Polygon","coordinates":[[[129.0705,35.176723],[129.070583,35.176687],[129.070615,35.176735],[129.070531,35.176772],[129.0705,35.176723]]]},"properties":{}},{"type":"Feature","geometry":{"type":"Polygon","coordinates":[[[129.070916,35.176746],[129.070785,35.176804],[129.07074,35.176736],[129.070871,35.176678],[129.070916,35.176746]]]},"properties":{}},{"type":"Feature","geometry":{"type":"Polygon","coordinates":[[[129.070714,35.176644],[129.070741,35.176695],[129.07068,35.176717],[129.070653,35.176666],[129.070714,35.176644]]]},"properties":{}},{"type":"Feature","geometry":{"type":"Polygon","coordinates":[[[129.070219,35.176774],[129.070099,35.176564],[129.070185,35.176532],[129.070304,35.176742],[129.070219,35.176774]]]},"properties":{}},{"type":"Feature","geometry":{"type":"Polygon","coordinates":[[[129.070346,35.17671],[129.070235,35.176497],[129.070322,35.176467],[129.070433,35.17668],[129.070346,35.17671]]]},"properties":{}},{"type":"Feature","geometry":{"type":"Polygon","coordinates":[[[129.070479,35.17669],[129.070363,35.176479],[129.070449,35.176448],[129.070565,35.176659],[129.070479,35.17669]]]},"properties":{}},{"type":"Feature","geometry":{"type":"Polygon","coordinates":[[[129.070712,35.176624],[129.070636,35.176648],[129.070607,35.176586],[129.070682,35.176562],[129.070712,35.176624]]]},"properties":{}},{"type":"Feature","geometry":{"type":"Polygon","coordinates":[[[129.070759,35.176516],[129.07081,35.176653],[129.070771,35.176662],[129.07072,35.176525],[129.070759,35.176516]]]},"properties":{}},{"type":"Feature","geometry":{"type":"Polygon","coordinates":[[[129.071049,35.176599],[129.071147,35.17655],[129.071128,35.176524],[129.071206,35.176485],[129.071374,35.17671],[129.071306,35.176744],[129.071333,35.176781],[129.071286,35.176804],[129.07122,35.176716],[129.071159,35.176746],[129.071049,35.176599]]]},"properties":{"class":"apartments","subtype":"residential","num_floors":15}},{"type":"Feature","geometry":{"type":"Polygon","coordinates":[[[129.072058,35.176639],[129.071823,35.176787],[129.071757,35.176717],[129.071993,35.176569],[129.072058,35.176639]]]},"properties":{}},{"type":"Feature","geometry":{"type":"Polygon","coordinates":[[[129.071739,35.176525],[129.071813,35.176617],[129.071745,35.176654],[129.071671,35.176562],[129.071739,35.176525]]]},"properties":{}},{"type":"Feature","geometry":{"type":"Polygon","coordinates":[[[129.071623,35.176396],[129.071701,35.176512],[129.071595,35.17656],[129.071517,35.176444],[129.071623,35.176396]]]},"properties":{}},{"type":"Feature","geometry":{"type":"Polygon","coordinates":[[[129.071882,35.176411],[129.071801,35.176451],[129.071698,35.176309],[129.071779,35.176269],[129.071882,35.176411]]]},"properties":{}},{"type":"Feature","geometry":{"type":"Polygon","coordinates":[[[129.071167,35.176441],[129.071116,35.176376],[129.071195,35.176334],[129.071246,35.176399],[129.071167,35.176441]]]},"properties":{}},{"type":"Feature","geometry":{"type":"Polygon","coordinates":[[[129.070324,35.176188],[129.070437,35.17635],[129.070355,35.176389],[129.070242,35.176226],[129.070324,35.176188]]]},"properties":{}},{"type":"Feature","geometry":{"type":"Polygon","coordinates":[[[129.07022,35.176292],[129.070255,35.176338],[129.070152,35.176391],[129.070117,35.176344],[129.07022,35.176292]]]},"properties":{}},{"type":"Feature","geometry":{"type":"Polygon","coordinates":[[[129.07019,35.176399],[129.070266,35.176354],[129.070305,35.176398],[129.070229,35.176444],[129.07019,35.176399]]]},"properties":{}},{"type":"Feature","geometry":{"type":"Polygon","coordinates":[[[129.070856,35.176417],[129.070909,35.176373],[129.070964,35.176417],[129.07091,35.176461],[129.070856,35.176417]]]},"properties":{}},{"type":"Feature","geometry":{"type":"Polygon","coordinates":[[[129.071088,35.176393],[129.071141,35.17647],[129.071071,35.176502],[129.071017,35.176426],[129.071088,35.176393]]]},"properties":{}},{"type":"Feature","geometry":{"type":"Polygon","coordinates":[[[129.071048,35.176516],[129.070967,35.176556],[129.070919,35.17649],[129.070999,35.17645],[129.071048,35.176516]]]},"properties":{}},{"type":"Feature","geometry":{"type":"Polygon","coordinates":[[[129.070559,35.176516],[129.070632,35.176488],[129.070668,35.176547],[129.070595,35.176576],[129.070559,35.176516]]]},"properties":{}},{"type":"Feature","geometry":{"type":"Polygon","coordinates":[[[129.069693,35.176434],[129.06978,35.176405],[129.069857,35.176558],[129.06977,35.176587],[129.069693,35.176434]]]},"properties":{}},{"type":"Feature","geometry":{"type":"Polygon","coordinates":[[[129.069648,35.176465],[129.069704,35.176601],[129.069665,35.176611],[129.069609,35.176476],[129.069648,35.176465]]]},"properties":{}},{"type":"Feature","geometry":{"type":"Polygon","coordinates":[[[129.069532,35.176485],[129.069565,35.176546],[129.069442,35.17659],[129.069409,35.17653],[129.069532,35.176485]]]},"properties":{}},{"type":"Feature","geometry":{"type":"Polygon","coordinates":[[[129.069239,35.176517],[129.069205,35.176457],[129.069278,35.176429],[129.069312,35.176489],[129.069239,35.176517]]]},"properties":{}},{"type":"Feature","geometry":{"type":"Polygon","coordinates":[[[129.069415,35.176427],[129.069489,35.1764],[129.069522,35.176461],[129.069448,35.176488],[129.069415,35.176427]]]},"properties":{}},{"type":"Feature","geometry":{"type":"Polygon","coordinates":[[[129.070012,35.176516],[129.069938,35.176544],[129.069832,35.176353],[129.069906,35.176326],[129.070012,35.176516]]]},"properties":{}},{"type":"Feature","geometry":{"type":"Polygon","coordinates":[[[129.069538,35.176368],[129.069685,35.176313],[129.069725,35.176383],[129.069578,35.176438],[129.069538,35.176368]]]},"properties":{}},{"type":"Feature","geometry":{"type":"Polygon","coordinates":[[[129.070034,35.176253],[129.070138,35.176201],[129.070201,35.176286],[129.070097,35.176338],[129.070034,35.176253]]]},"properties":{}},{"type":"Feature","geometry":{"type":"Polygon","coordinates":[[[129.068755,35.176447],[129.068673,35.176407],[129.068703,35.176367],[129.068784,35.176407],[129.068755,35.176447]]]},"properties":{}},{"type":"Feature","geometry":{"type":"Polygon","coordinates":[[[129.068543,35.176254],[129.068499,35.176279],[129.068467,35.176243],[129.068511,35.176218],[129.068543,35.176254]]]},"properties":{}},{"type":"Feature","geometry":{"type":"MultiPolygon","coordinates":[[[[129.068137,35.176627],[129.068123,35.176585],[129.068214,35.176564],[129.068228,35.176607],[129.068137,35.176627]]],[[[129.068063,35.176655],[129.068141,35.176638],[129.068232,35.176618],[129.068299,35.17682],[129.06813,35.176857],[129.068063,35.176655]]]]},"properties":{}},{"type":"Feature","geometry":{"type":"Polygon","coordinates":[[[129.068418,35.17676],[129.068369,35.176555],[129.068488,35.176536],[129.068537,35.176741],[129.068418,35.17676]]]},"properties":{}},{"type":"Feature","geometry":{"type":"Polygon","coordinates":[[[129.068986,35.176653],[129.069023,35.176764],[129.068891,35.176793],[129.068854,35.176682],[129.068986,35.176653]]]},"properties":{"class":"apartments","subtype":"residential","num_floors":8}},{"type":"Feature","geometry":{"type":"Polygon","coordinates":[[[129.06875,35.176668],[129.068696,35.176544],[129.068785,35.176518],[129.068839,35.176642],[129.06875,35.176668]]]},"properties":{}},{"type":"Feature","geometry":{"type":"Polygon","coordinates":[[[129.069243,35.176553],[129.069344,35.176521],[129.069392,35.176624],[129.069292,35.176656],[129.069243,35.176553]]]},"properties":{}},{"type":"Feature","geometry":{"type":"Polygon","coordinates":[[[129.069096,35.176685],[129.069029,35.176565],[129.069127,35.176528],[129.069194,35.176648],[129.069096,35.176685]]]},"properties":{}},{"type":"Feature","geometry":{"type":"Polygon","coordinates":[[[129.069553,35.176674],[129.069507,35.176595],[129.06958,35.176566],[129.069626,35.176646],[129.069553,35.176674]]]},"properties":{}},{"type":"Feature","geometry":{"type":"Polygon","coordinates":[[[129.069994,35.1766],[129.070024,35.17665],[129.069964,35.176674],[129.069934,35.176625],[129.069994,35.1766]]]},"properties":{}},{"type":"Feature","geometry":{"type":"Polygon","coordinates":[[[129.069886,35.176637],[129.069919,35.176709],[129.06978,35.176752],[129.069747,35.17668],[129.069886,35.176637]]]},"properties":{}},{"type":"Feature","geometry":{"type":"Polygon","coordinates":[[[129.069352,35.176748],[129.069319,35.176676],[129.069407,35.176649],[129.06944,35.176721],[129.069352,35.176748]]]},"properties":{}},{"type":"Feature","geometry":{"type":"Polygon","coordinates":[[[129.069088,35.176783],[129.069086,35.176736],[129.069124,35.176735],[129.069127,35.176782],[129.069088,35.176783]]]},"properties":{}},{"type":"Feature","geometry":{"type":"Polygon","coordinates":[[[129.069395,35.17679],[129.069536,35.176726],[129.069595,35.176813],[129.069453,35.176877],[129.069395,35.17679]]]},"properties":{}},{"type":"Feature","geometry":{"type":"Polygon","coordinates":[[[129.069756,35.176772],[129.069646,35.176815],[129.069583,35.176705],[129.069693,35.176663],[129.069756,35.176772]]]},"properties":{}},{"type":"Feature","geometry":{"type":"Polygon","coordinates":[[[129.070113,35.176766],[129.070131,35.176808],[129.070055,35.17683],[129.070036,35.176789],[129.070113,35.176766]]]},"properties":{}},{"type":"Feature","geometry":{"type":"Polygon","coordinates":[[[129.069955,35.176791],[129.06983,35.176831],[129.069801,35.17677],[129.069926,35.176729],[129.069955,35.176791]]]},"properties":{}},{"type":"Feature","geometry":{"type":"Polygon","coordinates":[[[129.0701,35.176919],[129.070082,35.176854],[129.0702,35.176832],[129.070218,35.176896],[129.0701,35.176919]]]},"properties":{}},{"type":"Feature","geometry":{"type":"Polygon","coordinates":[[[129.068853,35.176878],[129.068773,35.176889],[129.068742,35.176737],[129.068822,35.176726],[129.068853,35.176878]]]},"properties":{}},{"type":"Feature","geometry":{"type":"Polygon","coordinates":[[[129.067197,35.176927],[129.067057,35.176948],[129.066946,35.176457],[129.067087,35.176436],[129.067197,35.176927]]]},"properties":{"class":"apartments","subtype":"residential","num_floors":25}},{"type":"Feature","geometry":{"type":"Polygon","coordinates":[[[129.066448,35.17703],[129.066308,35.177051],[129.066197,35.176561],[129.066338,35.17654],[129.066448,35.17703]]]},"properties":{"name":"거제유림아시아드 107동","class":"apartments","subtype":"residential","num_floors":25}},{"type":"Feature","geometry":{"type":"Polygon","coordinates":[[[129.065639,35.176941],[129.065139,35.176941],[129.065139,35.176582],[129.065639,35.176582],[129.065639,35.176941]]]},"properties":{}},{"type":"Feature","geometry":{"type":"Polygon","coordinates":[[[129.066168,35.176134],[129.066292,35.176116],[129.066352,35.176396],[129.066228,35.176413],[129.066168,35.176134]]]},"properties":{"class":"apartments","subtype":"residential","num_floors":25}},{"type":"Feature","geometry":{"type":"Polygon","coordinates":[[[129.066403,35.176522],[129.066382,35.176421],[129.066775,35.176366],[129.066796,35.176468],[129.066403,35.176522]]]},"properties":{"class":"apartments","subtype":"residential","num_floors":25}},{"type":"Feature","geometry":{"type":"Polygon","coordinates":[[[129.064056,35.176177],[129.064102,35.176149],[129.064399,35.176144],[129.064418,35.17616],[129.064504,35.17616],[129.064501,35.176195],[129.065067,35.176192],[129.065065,35.17616],[129.065161,35.17616],[129.065164,35.17612],[129.065711,35.176122],[129.065708,35.176221],[129.065217,35.176221],[129.065137,35.176289],[129.06514,35.176359],[129.065051,35.176359],[129.065048,35.176328],[129.065008,35.176291],[129.064507,35.176291],[129.064507,35.176313],[129.06448,35.176313],[129.06448,35.176344],[129.064107,35.176355],[129.064059,35.176331],[129.064056,35.176177]]]},"properties":{"name":"부산광역시 교육청"}},{"type":"Feature","geometry":{"type":"Polygon","coordinates":[[[129.066406,35.175721],[129.066396,35.175767],[129.066358,35.175762],[129.066368,35.175716],[129.066406,35.175721]]]},"properties":{}},{"type":"Feature","geometry":{"type":"Polygon","coordinates":[[[129.065927,35.175785],[129.06606,35.175785],[129.06606,35.175877],[129.065928,35.175877],[129.065927,35.175785]]]},"properties":{"class":"apartments","subtype":"residential","num_floors":20}},{"type":"Feature","geometry":{"type":"Polygon","coordinates":[[[129.067165,35.175836],[129.067164,35.175883],[129.067088,35.175882],[129.067089,35.175835],[129.067165,35.175836]]]},"properties":{}},{"type":"Feature","geometry":{"type":"Polygon","coordinates":[[[129.067942,35.175937],[129.06794,35.17589],[129.067978,35.175888],[129.06798,35.175935],[129.067942,35.175937]]]},"properties":{}},{"type":"Feature","geometry":{"type":"Polygon","coordinates":[[[129.067067,35.175788],[129.067056,35.175469],[129.06715,35.175467],[129.067162,35.175786],[129.067067,35.175788]]]},"properties":{}},{"type":"Feature","geometry":{"type":"Polygon","coordinates":[[[129.067978,35.175691],[129.067883,35.175686],[129.067888,35.175624],[129.067955,35.175628],[129.067958,35.175589],[129.067987,35.17559],[129.067978,35.175691]]]},"properties":{}},{"type":"Feature","geometry":{"type":"Polygon","coordinates":[[[129.068034,35.175597],[129.06809,35.175606],[129.068079,35.175652],[129.068023,35.175642],[129.068034,35.175597]]]},"properties":{}},{"type":"Feature","geometry":{"type":"Polygon","coordinates":[[[129.068454,35.175684],[129.068387,35.175602],[129.068465,35.175559],[129.068533,35.175641],[129.068454,35.175684]]]},"properties":{}},{"type":"Feature","geometry":{"type":"Polygon","coordinates":[[[129.068224,35.175727],[129.06818,35.175671],[129.068225,35.175647],[129.068313,35.175758],[129.068222,35.175806],[129.068178,35.17575],[129.068224,35.175727]]]},"properties":{}},{"type":"Feature","geometry":{"type":"Polygon","coordinates":[[[129.068657,35.175767],[129.068577,35.175808],[129.068541,35.175761],[129.068621,35.17572],[129.068657,35.175767]]]},"properties":{}},{"type":"Feature","geometry":{"type":"Polygon","coordinates":[[[129.068928,35.175642],[129.068968,35.175686],[129.068914,35.175719],[129.068874,35.175675],[129.068928,35.175642]]]},"properties":{}},{"type":"Feature","geometry":{"type":"Polygon","coordinates":[[[129.068714,35.175743],[129.068659,35.17568],[129.068735,35.175635],[129.068791,35.175697],[129.068714,35.175743]]]},"properties":{}},{"type":"Feature","geometry":{"type":"Polygon","coordinates":[[[129.069118,35.175539],[129.069163,35.175594],[129.069275,35.175532],[129.069343,35.175615],[129.069142,35.175725],[129.069029,35.175588],[129.069118,35.175539]]]},"properties":{}},{"type":"Feature","geometry":{"type":"Polygon","coordinates":[[[129.070072,35.17565],[129.070163,35.175767],[129.070033,35.175834],[129.069942,35.175717],[129.070072,35.17565]]]},"properties":{"class":"apartments","subtype":"residential","num_floors":10}},{"type":"Feature","geometry":{"type":"Polygon","coordinates":[[[129.069445,35.17561],[129.069534,35.175719],[129.069412,35.175786],[129.069365,35.175729],[129.069327,35.17575],[129.069285,35.175699],[129.069445,35.17561]]]},"properties":{"class":"apartments","subtype":"residential","num_floors":11}},{"type":"Feature","geometry":{"type":"Polygon","coordinates":[[[129.069204,35.175862],[129.069136,35.175771],[129.069256,35.175715],[129.069324,35.175798],[129.069204,35.175862]]]},"properties":{"class":"apartments","subtype":"residential","num_floors":10}},{"type":"Feature","geometry":{"type":"Polygon","coordinates":[[[129.069544,35.175734],[129.06961,35.175819],[129.069495,35.175878],[129.069476,35.175853],[129.069411,35.175886],[129.069365,35.175826],[129.069544,35.175734]]]},"properties":{"class":"apartments","subtype":"residential","num_floors":10}},{"type":"Feature","geometry":{"type":"Polygon","coordinates":[[[129.069621,35.175833],[129.069677,35.175904],[129.0695,35.175998],[129.069444,35.175927],[129.069621,35.175833]]]},"properties":{"class":"apartments","subtype":"residential","num_floors":9}},{"type":"Feature","geometry":{"type":"Polygon","coordinates":[[[129.068729,35.175901],[129.068658,35.175933],[129.068645,35.175913],[129.068715,35.175881],[129.068729,35.175901]]]},"properties":{}},{"type":"Feature","geometry":{"type":"Polygon","coordinates":[[[129.06886,35.175785],[129.068998,35.175715],[129.069054,35.17579],[129.068882,35.175877],[129.068783,35.175746],[129.068818,35.175728],[129.06886,35.175785]]]},"properties":{}},{"type":"Feature","geometry":{"type":"Polygon","coordinates":[[[129.068677,35.175801],[129.068695,35.175831],[129.06861,35.175865],[129.068592,35.175835],[129.068677,35.175801]]]},"properties":{}},{"type":"Feature","geometry":{"type":"Polygon","coordinates":[[[129.068127,35.175844],[129.068033,35.175845],[129.068033,35.17579],[129.068127,35.175789],[129.068127,35.175844]]]},"properties":{}},{"type":"Feature","geometry":{"type":"Polygon","coordinates":[[[129.068364,35.175879],[129.068424,35.175854],[129.068468,35.175922],[129.068408,35.175948],[129.068364,35.175879]]]},"properties":{}},{"type":"Feature","geometry":{"type":"Polygon","coordinates":[[[129.068356,35.175988],[129.06828,35.176011],[129.068239,35.175918],[129.068315,35.175895],[129.068356,35.175988]]]},"properties":{}},{"type":"Feature","geometry":{"type":"Polygon","coordinates":[[[129.068934,35.17597],[129.069085,35.175896],[129.069152,35.175986],[129.069001,35.176061],[129.068934,35.17597]]]},"properties":{"class":"apartments","subtype":"residential","num_floors":11}},{"type":"Feature","geometry":{"type":"Polygon","coordinates":[[[129.068908,35.176092],[129.068815,35.176137],[129.068746,35.176043],[129.068839,35.175998],[129.068908,35.176092]]]},"properties":{}},{"type":"Feature","geometry":{"type":"Polygon","coordinates":[[[129.068314,35.176138],[129.068273,35.176139],[129.068268,35.17604],[129.068349,35.176037],[129.068358,35.176202],[129.068317,35.176204],[129.068314,35.176138]]]},"properties":{}},{"type":"Feature","geometry":{"type":"Polygon","coordinates":[[[129.069122,35.176119],[129.069178,35.176202],[129.069025,35.176271],[129.06895,35.17616],[129.06905,35.176115],[129.069069,35.176143],[129.069122,35.176119]]]},"properties":{"class":"apartments","subtype":"residential","num_floors":12}},{"type":"Feature","geometry":{"type":"Polygon","coordinates":[[[129.068574,35.176123],[129.068645,35.176162],[129.068618,35.176194],[129.068547,35.176155],[129.068574,35.176123]]]},"properties":{}},{"type":"Feature","geometry":{"type":"Polygon","coordinates":[[[129.069893,35.176216],[129.069914,35.176257],[129.069864,35.176274],[129.069843,35.176234],[129.069893,35.176216]]]},"properties":{}},{"type":"Feature","geometry":{"type":"Polygon","coordinates":[[[129.070001,35.17607],[129.070077,35.176186],[129.070006,35.176218],[129.06993,35.176101],[129.070001,35.17607]]]},"properties":{}},{"type":"Feature","geometry":{"type":"Polygon","coordinates":[[[129.069595,35.17598],[129.069657,35.176063],[129.069497,35.176144],[129.069459,35.176093],[129.069556,35.176045],[129.069532,35.176012],[129.069595,35.17598]]]},"properties":{"class":"apartments","subtype":"residential","num_floors":9}},{"type":"Feature","geometry":{"type":"Polygon","coordinates":[[[129.069409,35.175991],[129.069449,35.176047],[129.069259,35.176138],[129.069238,35.176108],[129.069289,35.176084],[129.06928,35.176072],[129.069332,35.176047],[129.069322,35.176033],[129.069409,35.175991]]]},"properties":{"class":"apartments","subtype":"residential","num_floors":9}},{"type":"Feature","geometry":{"type":"Polygon","coordinates":[[[129.070652,35.175968],[129.070801,35.175892],[129.070879,35.175995],[129.070731,35.176071],[129.070652,35.175968]]]},"properties":{}},{"type":"Feature","geometry":{"type":"Polygon","coordinates":[[[129.070184,35.176181],[129.070261,35.176136],[129.0703,35.176181],[129.070223,35.176226],[129.070184,35.176181]]]},"properties":{}},{"type":"Feature","geometry":{"type":"Polygon","coordinates":[[[129.070464,35.176112],[129.070516,35.176189],[129.070422,35.176232],[129.07037,35.176155],[129.070464,35.176112]]]},"properties":{}},{"type":"Feature","geometry":{"type":"Polygon","coordinates":[[[129.070756,35.176221],[129.07079,35.176202],[129.070736,35.176139],[129.070902,35.176045],[129.070971,35.176126],[129.070739,35.176258],[129.070693,35.176204],[129.070726,35.176185],[129.070756,35.176221]]]},"properties":{}},{"type":"Feature","geometry":{"type":"Polygon","coordinates":[[[129.071403,35.176185],[129.071451,35.176165],[129.071501,35.176242],[129.071382,35.176294],[129.071268,35.176119],[129.071411,35.176057],[129.071462,35.176135],[129.07139,35.176166],[129.071403,35.176185]]]},"properties":{}},{"type":"Feature","geometry":{"type":"Polygon","coordinates":[[[129.07152,35.176172],[129.071624,35.17612],[129.071729,35.176261],[129.071626,35.176313],[129.07152,35.176172]]]},"properties":{}},{"type":"Feature","geometry":{"type":"Polygon","coordinates":[[[129.071981,35.176085],[129.072054,35.176056],[129.072078,35.176095],[129.072005,35.176124],[129.071981,35.176085]]]},"properties":{}},{"type":"Feature","geometry":{"type":"Polygon","coordinates":[[[129.071752,35.175865],[129.071931,35.176099],[129.07184,35.176145],[129.07166,35.175912],[129.071752,35.175865]]]},"properties":{}},{"type":"Feature","geometry":{"type":"Polygon","coordinates":[[[129.071547,35.176117],[129.07148,35.175997],[129.071553,35.17597],[129.07162,35.17609],[129.071547,35.176117]]]},"properties":{}},{"type":"Feature","geometry":{"type":"Polygon","coordinates":[[[129.071307,35.176012],[129.0712,35.176058],[129.071156,35.17599],[129.071263,35.175944],[129.071307,35.176012]]]},"properties":{}},{"type":"Feature","geometry":{"type":"Polygon","coordinates":[[[129.071364,35.175888],[129.071426,35.175972],[129.071369,35.176001],[129.071306,35.175916],[129.071364,35.175888]]]},"properties":{}},{"type":"Feature","geometry":{"type":"Polygon","coordinates":[[[129.071875,35.17594],[129.071944,35.175906],[129.072036,35.176027],[129.071967,35.176062],[129.071875,35.17594]]]},"properties":{}},{"type":"Feature","geometry":{"type":"Polygon","coordinates":[[[129.071778,35.17584],[129.071857,35.175798],[129.071922,35.175881],[129.071843,35.175923],[129.071778,35.17584]]]},"properties":{}},{"type":"Feature","geometry":{"type":"Polygon","coordinates":[[[129.071558,35.17591],[129.071502,35.175941],[129.071361,35.175766],[129.071417,35.175736],[129.071558,35.17591]]]},"properties":{}},{"type":"Feature","geometry":{"type":"Polygon","coordinates":[[[129.071098,35.175925],[129.071299,35.175818],[129.071336,35.175865],[129.071135,35.175972],[129.071098,35.175925]]]},"properties":{"class":"apartments","subtype":"residential","num_floors":10}},{"type":"Feature","geometry":{"type":"Polygon","coordinates":[[[129.0711,35.17579],[129.071021,35.175832],[129.070955,35.175748],[129.071035,35.175707],[129.0711,35.17579]]]},"properties":{}},{"type":"Feature","geometry":{"type":"Polygon","coordinates":[[[129.070927,35.175626],[129.070874,35.175636],[129.070868,35.175614],[129.070921,35.175605],[129.070927,35.175626]]]},"properties":{}},{"type":"Feature","geometry":{"type":"Polygon","coordinates":[[[129.071674,35.175805],[129.071546,35.175663],[129.071621,35.175617],[129.071726,35.175732],[129.07178,35.175699],[129.071804,35.175726],[129.071674,35.175805]]]},"properties":{}},{"type":"Feature","geometry":{"type":"Polygon","coordinates":[[[129.071529,35.175454],[129.071506,35.175466],[129.071562,35.175541],[129.071528,35.175558],[129.0715,35.17552],[129.0712,35.175669],[129.071145,35.175594],[129.071594,35.175371],[129.071691,35.175502],[129.071599,35.175548],[129.071529,35.175454]]]},"properties":{}},{"type":"Feature","geometry":{"type":"Polygon","coordinates":[[[129.070605,35.175295],[129.070653,35.175276],[129.070676,35.175316],[129.070628,35.175335],[129.070605,35.175295]]]},"properties":{}},{"type":"Feature","geometry":{"type":"Polygon","coordinates":[[[129.070223,35.175398],[129.070169,35.175426],[129.070081,35.175312],[129.070241,35.17523],[129.070267,35.175263],[129.070288,35.175253],[129.070314,35.175287],[129.070188,35.175352],[129.070223,35.175398]]]},"properties":{"class":"apartments","subtype":"residential","num_floors":14}},{"type":"Feature","geometry":{"type":"Polygon","coordinates":[[[129.070758,35.175401],[129.070836,35.175529],[129.070788,35.175549],[129.070709,35.175421],[129.070758,35.175401]]]},"properties":{}},{"type":"Feature","geometry":{"type":"Polygon","coordinates":[[[129.07031,35.175573],[129.070284,35.17554],[129.070338,35.175512],[129.070427,35.175622],[129.070292,35.175695],[129.070238,35.175628],[129.070277,35.175607],[129.07031,35.175573]]]},"properties":{"class":"apartments","subtype":"residential","num_floors":13}},{"type":"Feature","geometry":{"type":"Polygon","coordinates":[[[129.069645,35.175616],[129.069541,35.175484],[129.069618,35.175444],[129.069721,35.175576],[129.069645,35.175616]]]},"properties":{"class":"apartments","subtype":"residential","num_floors":10}},{"type":"Feature","geometry":{"type":"Polygon","coordinates":[[[129.068554,35.175609],[129.068392,35.175419],[129.068469,35.175375],[129.068631,35.175564],[129.068554,35.175609]]]},"properties":{}},{"type":"Feature","geometry":{"type":"Polygon","coordinates":[[[129.068419,35.175518],[129.068351,35.175554],[129.068292,35.175481],[129.06836,35.175444],[129.068419,35.175518]]]},"properties":{}},{"type":"Feature","geometry":{"type":"Polygon","coordinates":[[[129.068068,35.175473],[129.068092,35.175524],[129.068029,35.175544],[129.068005,35.175493],[129.068068,35.175473]]]},"properties":{}},{"type":"Feature","geometry":{"type":"Polygon","coordinates":[[[129.068944,35.175303],[129.069002,35.175373],[129.068881,35.175441],[129.068805,35.175351],[129.068851,35.175325],[129.068869,35.175345],[129.068944,35.175303]]]},"properties":{"class":"apartments","subtype":"residential","num_floors":10}},{"type":"Feature","geometry":{"type":"Polygon","coordinates":[[[129.068313,35.175403],[129.068267,35.175427],[129.068238,35.17539],[129.068284,35.175366],[129.068313,35.175403]]]},"properties":{}},{"type":"Feature","geometry":{"type":"Polygon","coordinates":[[[129.068335,35.175336],[129.068419,35.175301],[129.068462,35.175369],[129.068378,35.175405],[129.068335,35.175336]]]},"properties":{}},{"type":"Feature","geometry":{"type":"Polygon","coordinates":[[[129.068516,35.175293],[129.06854,35.175332],[129.068516,35.175342],[129.068492,35.175302],[129.068516,35.175293]]]},"properties":{}},{"type":"Feature","geometry":{"type":"Polygon","coordinates":[[[129.069494,35.175395],[129.069428,35.175286],[129.069476,35.175267],[129.069542,35.175375],[129.069494,35.175395]]]},"properties":{}},{"type":"Feature","geometry":{"type":"Polygon","coordinates":[[[129.069241,35.17539],[129.069289,35.17537],[129.069354,35.17548],[129.069305,35.175499],[129.069241,35.17539]]]},"properties":{}},{"type":"Feature","geometry":{"type":"Polygon","coordinates":[[[129.06963,35.175438],[129.069828,35.175335],[129.069887,35.175411],[129.069738,35.175488],[129.069751,35.175504],[129.069702,35.17553],[129.06963,35.175438]]]},"properties":{"class":"apartments","subtype":"residential","num_floors":13}},{"type":"Feature","geometry":{"type":"Polygon","coordinates":[[[129.070089,35.175472],[129.070002,35.175351],[129.070075,35.175316],[129.070162,35.175436],[129.070089,35.175472]]]},"properties":{"class":"apartments","subtype":"residential","num_floors":10}},{"type":"Feature","geometry":{"type":"Polygon","coordinates":[[[129.069754,35.175236],[129.069815,35.175314],[129.06966,35.175394],[129.069633,35.175361],[129.069564,35.175396],[129.06953,35.175353],[129.069754,35.175236]]]},"properties":{"class":"apartments","subtype":"residential","num_floors":10}},{"type":"Feature","geometry":{"type":"Polygon","coordinates":[[[129.069849,35.175173],[129.070013,35.175086],[129.070055,35.17514],[129.069892,35.175226],[129.069849,35.175173]]]},"properties":{"class":"apartments","subtype":"residential","num_floors":9}},{"type":"Feature","geometry":{"type":"Polygon","coordinates":[[[129.069119,35.175202],[129.069179,35.175276],[129.069049,35.175347],[129.068989,35.175273],[129.069119,35.175202]]]},"properties":{"class":"apartments","subtype":"residential","num_floors":10}},{"type":"Feature","geometry":{"type":"Polygon","coordinates":[[[129.068891,35.175182],[129.068951,35.175257],[129.068791,35.175343],[129.068731,35.175267],[129.068891,35.175182]]]},"properties":{"class":"apartments","subtype":"residential","num_floors":9}},{"type":"Feature","geometry":{"type":"Polygon","coordinates":[[[129.06831,35.175302],[129.068254,35.175226],[129.068323,35.175192],[129.068379,35.175267],[129.06831,35.175302]]]},"properties":{}},{"type":"Feature","geometry":{"type":"Polygon","coordinates":[[[129.068471,35.175158],[129.06851,35.175148],[129.068538,35.175222],[129.0685,35.175232],[129.068471,35.175158]]]},"properties":{}},{"type":"Feature","geometry":{"type":"Polygon","coordinates":[[[129.069044,35.175104],[129.069105,35.175183],[129.068972,35.175251],[129.068912,35.175172],[129.069044,35.175104]]]},"properties":{"class":"apartments","subtype":"residential","num_floors":10}},{"type":"Feature","geometry":{"type":"Polygon","coordinates":[[[129.068962,35.174992],[129.06903,35.175079],[129.068851,35.175172],[129.068783,35.175085],[129.068962,35.174992]]]},"properties":{"class":"apartments","subtype":"residential","num_floors":10}},{"type":"Feature","geometry":{"type":"Polygon","coordinates":[[[129.068734,35.175006],[129.068788,35.175076],[129.068618,35.175164],[129.068564,35.175094],[129.068734,35.175006]]]},"properties":{"class":"apartments","subtype":"residential","num_floors":6}},{"type":"Feature","geometry":{"type":"Polygon","coordinates":[[[129.068907,35.174919],[129.068957,35.174981],[129.068802,35.175064],[129.068752,35.175002],[129.068907,35.174919]]]},"properties":{"class":"apartments","subtype":"residential","num_floors":6}},{"type":"Feature","geometry":{"type":"Polygon","coordinates":[[[129.069792,35.17509],[129.069864,35.17504],[129.069907,35.175082],[129.069835,35.175132],[129.069792,35.17509]]]},"properties":{}},{"type":"Feature","geometry":{"type":"Polygon","coordinates":[[[129.07019,35.175057],[129.070126,35.175097],[129.070076,35.175045],[129.07014,35.175005],[129.07019,35.175057]]]},"properties":{}},{"type":"Feature","geometry":{"type":"Polygon","coordinates":[[[129.070013,35.175029],[129.069944,35.175062],[129.069903,35.175005],[129.069972,35.174972],[129.070013,35.175029]]]},"properties":{}},{"type":"Feature","geometry":{"type":"Polygon","coordinates":[[[129.070438,35.175105],[129.070446,35.175058],[129.070484,35.175063],[129.070475,35.175109],[129.070438,35.175105]]]},"properties":{}},{"type":"Feature","geometry":{"type":"Polygon","coordinates":[[[129.070524,35.175188],[129.070574,35.175173],[129.070594,35.175214],[129.070543,35.17523],[129.070524,35.175188]]]},"properties":{}},{"type":"Feature","geometry":{"type":"Polygon","coordinates":[[[129.071156,35.175284],[129.071131,35.175245],[129.071214,35.175209],[129.071202,35.17519],[129.071309,35.175143],[129.071347,35.175202],[129.071477,35.175145],[129.071528,35.175223],[129.071492,35.175238],[129.071555,35.175335],[129.07152,35.175351],[129.071444,35.175234],[129.071325,35.175286],[129.0713,35.175247],[129.070966,35.175391],[129.070922,35.175323],[129.071077,35.175256],[129.071109,35.175305],[129.071156,35.175284]]]},"properties":{}},{"type":"Feature","geometry":{"type":"Polygon","coordinates":[[[129.071899,35.17468],[129.071794,35.174739],[129.071542,35.174438],[129.071744,35.174324],[129.071978,35.174604],[129.071881,35.174659],[129.071899,35.17468]]]},"properties":{"class":"government","subtype":"civic","height":45.0,"num_floors":9}},{"type":"Feature","geometry":{"type":"Polygon","coordinates":[[[129.070074,35.174316],[129.070219,35.174501],[129.070785,35.174206],[129.07086,35.174303],[129.07024,35.174626],[129.070193,35.174567],[129.070139,35.174596],[129.069965,35.174373],[129.070074,35.174316]]]},"properties":{"name":"백조아파트3동","class":"apartments","subtype":"residential","num_floors":10}},{"type":"Feature","geometry":{"type":"Polygon","coordinates":[[[129.069795,35.174552],[129.069866,35.174632],[129.06979,35.174677],[129.069718,35.174597],[129.069795,35.174552]]]},"properties":{}},{"type":"Feature","geometry":{"type":"Polygon","coordinates":[[[129.069466,35.174613],[129.069521,35.174581],[129.069576,35.174643],[129.069522,35.174675],[129.069466,35.174613]]]},"properties":{}},{"type":"Feature","geometry":{"type":"Polygon","coordinates":[[[129.069098,35.174618],[129.069178,35.174578],[129.069213,35.174625],[129.069133,35.174665],[129.069098,35.174618]]]},"properties":{}},{"type":"Feature","geometry":{"type":"Polygon","coordinates":[[[129.06954,35.174563],[129.069606,35.174525],[129.069669,35.174596],[129.069603,35.174635],[129.06954,35.174563]]]},"properties":{}},{"type":"Feature","geometry":{"type":"Polygon","coordinates":[[[129.069706,35.174581],[129.069616,35.174471],[129.069695,35.174428],[129.069784,35.174538],[129.069706,35.174581]]]},"properties":{}},{"type":"Feature","geometry":{"type":"Polygon","coordinates":[[[129.069485,35.174487],[129.069383,35.174371],[129.06946,35.174326],[129.069562,35.174443],[129.069485,35.174487]]]},"properties":{}},{"type":"Feature","geometry":{"type":"Polygon","coordinates":[[[129.069589,35.174433],[129.069495,35.174312],[129.069575,35.174271],[129.069668,35.174392],[129.069589,35.174433]]]},"properties":{}},{"type":"Feature","geometry":{"type":"Polygon","coordinates":[[[129.069298,35.174416],[129.069377,35.174374],[129.069473,35.174494],[129.069394,35.174536],[129.069298,35.174416]]]},"properties":{}},{"type":"Feature","geometry":{"type":"Polygon","coordinates":[[[129.069023,35.174407],[129.069071,35.174385],[129.069097,35.174424],[129.06905,35.174445],[129.069023,35.174407]]]},"properties":{}},{"type":"Feature","geometry":{"type":"Polygon","coordinates":[[[129.069008,35.174442],[129.069051,35.17451],[129.068991,35.174536],[129.068948,35.174467],[129.069008,35.174442]]]},"properties":{}},{"type":"Feature","geometry":{"type":"Polygon","coordinates":[[[129.068664,35.174659],[129.068519,35.174735],[129.0685,35.174712],[129.068467,35.174729],[129.06843,35.174682],[129.068609,35.174588],[129.068664,35.174659]]]},"properties":{"class":"apartments","subtype":"residential","num_floors":10}},{"type":"Feature","geometry":{"type":"Polygon","coordinates":[[[129.068524,35.174746],[129.06867,35.17467],[129.068729,35.174744],[129.068544,35.174841],[129.068504,35.17479],[129.068543,35.174769],[129.068524,35.174746]]]},"properties":{"class":"apartments","subtype":"residential","num_floors":10}},{"type":"Feature","geometry":{"type":"Polygon","coordinates":[[[129.069932,35.174827],[129.069624,35.17498],[129.069557,35.174891],[129.069866,35.174738],[129.069932,35.174827]]]},"properties":{"class":"apartments","subtype":"residential","num_floors":12}},{"type":"Feature","geometry":{"type":"Polygon","coordinates":[[[129.070059,35.175015],[129.070009,35.17495],[129.070066,35.17492],[129.070116,35.174985],[129.070059,35.175015]]]},"properties":{}},{"type":"Feature","geometry":{"type":"Polygon","coordinates":[[[129.068292,35.174606],[129.068392,35.174743],[129.068282,35.174806],[129.068431,35.174997],[129.068179,35.175109],[129.067914,35.174825],[129.068231,35.174591],[129.06827,35.174618],[129.068292,35.174606]]]},"properties":{"height":63.0,"num_floors":8}},{"type":"Feature","geometry":{"type":"Polygon","coordinates":[[[129.066956,35.174995],[129.066929,35.174945],[129.066966,35.174931],[129.066993,35.174982],[129.066956,35.174995]]]},"properties":{}},{"type":"Feature","geometry":{"type":"Polygon","coordinates":[[[129.066837,35.174298],[129.066904,35.174299],[129.0669,35.174455],[129.066833,35.174454],[129.066837,35.174298]]]},"properties":{}},{"type":"Feature","geometry":{"type":"Polygon","coordinates":[[[129.066806,35.174413],[129.066726,35.174416],[129.06672,35.174306],[129.066801,35.174304],[129.066806,35.174413]]]},"properties":{}},{"type":"Feature","geometry":{"type":"Polygon","coordinates":[[[129.06652,35.174322],[129.066518,35.174384],[129.066442,35.174382],[129.066444,35.17432],[129.06652,35.174322]]]},"properties":{}},{"type":"Feature","geometry":{"type":"Polygon","coordinates":[[[129.065906,35.174368],[129.066001,35.174364],[129.066004,35.174426],[129.065909,35.17443],[129.065906,35.174368]]]},"properties":{}},{"type":"Feature","geometry":{"type":"Polygon","coordinates":[[[129.066332,35.174424],[129.066513,35.174431],[129.066506,35.174571],[129.066325,35.174564],[129.066332,35.174424]]]},"properties":{}},{"type":"Feature","geometry":{"type":"Polygon","coordinates":[[[129.06686,35.174485],[129.066941,35.174483],[129.066943,35.174549],[129.066862,35.174551],[129.06686,35.174485]]]},"properties":{}},{"type":"Feature","geometry":{"type":"Polygon","coordinates":[[[129.065923,35.174547],[129.065923,35.174625],[129.065828,35.174625],[129.065828,35.174547],[129.065923,35.174547]]]},"properties":{}},{"type":"Feature","geometry":{"type":"Polygon","coordinates":[[[129.065038,35.174566],[129.065032,35.174643],[129.06486,35.174634],[129.064866,35.174557],[129.065038,35.174566]]]},"properties":{}},{"type":"Feature","geometry":{"type":"MultiPolygon","coordinates":[[[[129.065255,35.174558],[129.065237,35.174416],[129.065358,35.174406],[129.065384,35.174614],[129.065263,35.174624],[129.065255,35.174558]]],[[[129.065175,35.174565],[129.065242,35.174559],[129.065248,35.174614],[129.065181,35.17462],[129.065175,35.174565]]]]},"properties":{}},{"type":"Feature","geometry":{"type":"Polygon","coordinates":[[[129.065856,35.17442],[129.065859,35.174482],[129.065802,35.174484],[129.065798,35.174422],[129.065856,35.17442]]]},"properties":{}},{"type":"Feature","geometry":{"type":"Polygon","coordinates":[[[129.065679,35.174346],[129.0657,35.174598],[129.065579,35.174605],[129.065571,35.174517],[129.065544,35.174518],[129.065552,35.174606],[129.065417,35.174614],[129.065396,35.174361],[129.065531,35.174354],[129.065541,35.174475],[129.065568,35.174473],[129.065558,35.174352],[129.065679,35.174346]]]},"properties":{}},{"type":"Feature","geometry":{"type":"Polygon","coordinates":[[[129.064988,35.174492],[129.064998,35.174398],[129.065235,35.174415],[129.065225,35.174508],[129.064988,35.174492]]]},"properties":{}},{"type":"Feature","geometry":{"type":"Polygon","coordinates":[[[129.064833,35.174503],[129.064828,35.174425],[129.064933,35.174421],[129.064938,35.174499],[129.064833,35.174503]]]},"properties":{}},{"type":"Feature","geometry":{"type":"Polygon","coordinates":[[[129.064589,35.174419],[129.064685,35.174419],[129.064685,35.174481],[129.06459,35.174482],[129.064589,35.174419]]]},"properties":{}},{"type":"Feature","geometry":{"type":"Polygon","coordinates":[[[129.064519,35.174491],[129.064291,35.174514],[129.064282,35.174448],[129.064509,35.174425],[129.064519,35.174491]]]},"properties":{}},{"type":"Feature","geometry":{"type":"Polygon","coordinates":[[[129.064818,35.174478],[129.064723,35.174479],[129.064721,35.174417],[129.064817,35.174416],[129.064818,35.174478]]]},"properties":{}},{"type":"Feature","geometry":{"type":"Polygon","coordinates":[[[129.064825,35.174556],[129.064832,35.174633],[129.064657,35.174644],[129.06465,35.174567],[129.064825,35.174556]]]},"properties":{}},{"type":"Feature","geometry":{"type":"Polygon","coordinates":[[[129.06403,35.174504],[129.064189,35.174482],[129.064225,35.174656],[129.064066,35.174678],[129.06403,35.174504]]]},"properties":{}},{"type":"Feature","geometry":{"type":"Polygon","coordinates":[[[129.06406,35.17506],[129.064203,35.175062],[129.064201,35.175125],[129.064058,35.175122],[129.06406,35.17506]]]},"properties":{}},{"type":"Feature","geometry":{"type":"Polygon","coordinates":[[[129.06431,35.175061],[129.06439,35.175049],[129.064404,35.175114],[129.064325,35.175126],[129.06431,35.175061]]]},"properties":{}},{"type":"Feature","geometry":{"type":"Polygon","coordinates":[[[129.063944,35.175104],[129.063997,35.175097],[129.064005,35.175141],[129.063952,35.175148],[129.063944,35.175104]]]},"properties":{}},{"type":"Feature","geometry":{"type":"Polygon","coordinates":[[[129.064072,35.175173],[129.064193,35.175173],[129.064193,35.175228],[129.064072,35.175228],[129.064072,35.175173]]]},"properties":{}},{"type":"Feature","geometry":{"type":"Polygon","coordinates":[[[129.065472,35.175063],[129.06554,35.175062],[129.065541,35.175139],[129.065474,35.17514],[129.065472,35.175063]]]},"properties":{}},{"type":"Feature","geometry":{"type":"Polygon","coordinates":[[[129.065708,35.17513],[129.065594,35.175127],[129.065596,35.175065],[129.06571,35.175068],[129.065708,35.17513]]]},"properties":{}},{"type":"Feature","geometry":{"type":"Polygon","coordinates":[[[129.065462,35.175036],[129.065458,35.174959],[129.065525,35.174957],[129.065529,35.175034],[129.065462,35.175036]]]},"properties":{}},{"type":"Feature","geometry":{"type":"Polygon","coordinates":[[[129.066041,35.175029],[129.06604,35.174958],[129.066116,35.174958],[129.066117,35.175028],[129.066041,35.175029]]]},"properties":{}},{"type":"Feature","geometry":{"type":"Polygon","coordinates":[[[129.06618,35.174963],[129.066247,35.174968],[129.066241,35.175014],[129.066175,35.175009],[129.06618,35.174963]]]},"properties":{}},{"type":"Feature","geometry":{"type":"Polygon","coordinates":[[[129.06601,35.174973],[129.066011,35.175082],[129.065934,35.175082],[129.065934,35.174973],[129.06601,35.174973]]]},"properties":{}},{"type":"Feature","geometry":{"type":"Polygon","coordinates":[[[129.066154,35.175097],[129.066275,35.175093],[129.066279,35.175148],[129.066157,35.175153],[129.066154,35.175097]]]},"properties":{}},{"type":"Feature","geometry":{"type":"Polygon","coordinates":[[[129.066548,35.175026],[129.066494,35.175031],[129.066481,35.174932],[129.066534,35.174927],[129.066548,35.175026]]]},"properties":{}},{"type":"Feature","geometry":{"type":"Polygon","coordinates":[[[129.066863,35.174943],[129.066865,35.175009],[129.066676,35.175012],[129.066675,35.174946],[129.066863,35.174943]]]},"properties":{}},{"type":"Feature","geometry":{"type":"Polygon","coordinates":[[[129.06609,35.175146],[129.066105,35.175109],[129.06615,35.175122],[129.066135,35.175159],[129.06609,35.175146]]]},"properties":{}},{"type":"Feature","geometry":{"type":"Polygon","coordinates":[[[129.066573,35.175339],[129.066506,35.17534],[129.066504,35.175263],[129.066571,35.175262],[129.066573,35.175339]]]},"properties":{}},{"type":"Feature","geometry":{"type":"Polygon","coordinates":[[[129.06799,35.175501],[129.067883,35.175502],[129.067881,35.175392],[129.067989,35.175391],[129.06799,35.175501]]]},"properties":{}},{"type":"Feature","geometry":{"type":"Polygon","coordinates":[[[129.06685,35.175193],[129.06696,35.175193],[129.067014,35.175792],[129.066847,35.175913],[129.066767,35.175847],[129.066901,35.175737],[129.06685,35.175193]]]},"properties":{"class":"apartments","subtype":"residential","num_floors":25}},{"type":"Feature","geometry":{"type":"Polygon","coordinates":[[[129.063448,35.17457],[129.063515,35.174565],[129.06352,35.174609],[129.063573,35.174606],[129.063568,35.174551],[129.063662,35.174544],[129.063673,35.174654],[129.063458,35.174669],[129.063448,35.17457]]]},"properties":{}},{"type":"Feature","geometry":{"type":"Polygon","coordinates":[[[129.063187,35.172173],[129.063153,35.172157],[129.063187,35.17211],[129.063138,35.172086],[129.063109,35.172127],[129.063043,35.172095],[129.063096,35.172021],[129.063244,35.172092],[129.063187,35.172173]]]},"properties":{}},{"type":"Feature","geometry":{"type":"Polygon","coordinates":[[[129.0635,35.172268],[129.063586,35.172342],[129.063178,35.172658],[129.063092,35.172584],[129.0635,35.172268]]]},"properties":{"name":"112","class":"apartments","subtype":"residential","num_floors":25}},{"type":"Feature","geometry":{"type":"Polygon","coordinates":[[[129.063105,35.172765],[129.063194,35.172693],[129.063589,35.173019],[129.063501,35.173091],[129.063105,35.172765]]]},"properties":{"name":"110","class":"apartments","subtype":"residential","num_floors":25}},{"type":"Feature","geometry":{"type":"Polygon","coordinates":[[[129.063603,35.173032],[129.063862,35.17282],[129.063944,35.172887],[129.063685,35.173099],[129.063603,35.173032]]]},"properties":{"name":"111","class":"apartments","subtype":"residential","num_floors":25}},{"type":"Feature","geometry":{"type":"Polygon","coordinates":[[[129.063115,35.174215],[129.063146,35.174252],[129.063124,35.174264],[129.063093,35.174228],[129.063115,35.174215]]]},"properties":{}},{"type":"Feature","geometry":{"type":"Polygon","coordinates":[[[129.063399,35.174039],[129.063555,35.174172],[129.063472,35.174236],[129.063316,35.174102],[129.063373,35.174058],[129.063213,35.173922],[129.063304,35.17385],[129.063465,35.173988],[129.063399,35.174039]]]},"properties":{"name":"104","class":"apartments","subtype":"residential","num_floors":25}},{"type":"Feature","geometry":{"type":"Polygon","coordinates":[[[129.063079,35.17382],[129.063163,35.173894],[129.062812,35.174163],[129.062728,35.174089],[129.063079,35.17382]]]},"properties":{"name":"105","class":"apartments","subtype":"residential","num_floors":25}},{"type":"Feature","geometry":{"type":"Polygon","coordinates":[[[129.063396,35.173642],[129.06366,35.173429],[129.06374,35.173496],[129.063476,35.173709],[129.063396,35.173642]]]},"properties":{"name":"103","class":"apartments","subtype":"residential","num_floors":25}},{"type":"Feature","geometry":{"type":"Polygon","coordinates":[[[129.062566,35.173229],[129.062654,35.173158],[129.063144,35.173565],[129.063056,35.173636],[129.062566,35.173229]]]},"properties":{"name":"108","class":"apartments","subtype":"residential","num_floors":25}},{"type":"Feature","geometry":{"type":"Polygon","coordinates":[[[129.064528,35.173138],[129.064524,35.173005],[129.064619,35.173003],[129.064624,35.173135],[129.064528,35.173138]]]},"properties":{}},{"type":"Feature","geometry":{"type":"Polygon","coordinates":[[[129.063728,35.173359],[129.063957,35.173157],[129.064033,35.173215],[129.064006,35.173238],[129.064035,35.17326],[129.063985,35.173304],[129.064033,35.173341],[129.063951,35.173412],[129.063876,35.173355],[129.063805,35.173418],[129.063728,35.173359]]]},"properties":{"name":"양정현대유치원","class":"kindergarten","subtype":"education"}},{"type":"Feature","geometry":{"type":"Polygon","coordinates":[[[129.064596,35.173272],[129.064538,35.173274],[129.064535,35.173212],[129.064592,35.173209],[129.064596,35.173272]]]},"properties":{}},{"type":"Feature","geometry":{"type":"Polygon","coordinates":[[[129.064466,35.173282],[129.064409,35.17328],[129.064411,35.173218],[129.064469,35.17322],[129.064466,35.173282]]]},"properties":{}},{"type":"Feature","geometry":{"type":"Polygon","coordinates":[[[129.065501,35.172917],[129.065571,35.172857],[129.066001,35.173193],[129.065912,35.173269],[129.065478,35.172929],[129.065263,35.173112],[129.065181,35.173048],[129.065415,35.172849],[129.065501,35.172917]]]},"properties":{"name":"210","class":"apartments","subtype":"residential","num_floors":25}},{"type":"Feature","geometry":{"type":"Polygon","coordinates":[[[129.066533,35.173459],[129.066531,35.17335],[129.066712,35.173348],[129.066714,35.173457],[129.066533,35.173459]]]},"properties":{}},{"type":"Feature","geometry":{"type":"Polygon","coordinates":[[[129.06772,35.173501],[129.067714,35.173303],[129.067899,35.173299],[129.067907,35.17358],[129.067836,35.173581],[129.067834,35.173498],[129.06772,35.173501]]]},"properties":{"class":"apartments","subtype":"residential","num_floors":20}},{"type":"Feature","geometry":{"type":"Polygon","coordinates":[[[129.067955,35.17367],[129.067931,35.17345],[129.067971,35.173447],[129.067995,35.173667],[129.067955,35.17367]]]},"properties":{}},{"type":"Feature","geometry":{"type":"Polygon","coordinates":[[[129.066675,35.173562],[129.066622,35.173569],[129.066613,35.173526],[129.066666,35.173518],[129.066675,35.173562]]]},"properties":{}},{"type":"Feature","geometry":{"type":"Polygon","coordinates":[[[129.066506,35.173565],[129.06652,35.173536],[129.066564,35.173551],[129.06655,35.17358],[129.066506,35.173565]]]},"properties":{}},{"type":"Feature","geometry":{"type":"Polygon","coordinates":[[[129.066406,35.173515],[129.066473,35.173515],[129.066473,35.173592],[129.066406,35.173592],[129.066406,35.173515]]]},"properties":{}},{"type":"Feature","geometry":{"type":"Polygon","coordinates":[[[129.064517,35.173498],[129.064514,35.173561],[129.064437,35.173558],[129.064441,35.173496],[129.064517,35.173498]]]},"properties":{}},{"type":"Feature","geometry":{"type":"Polygon","coordinates":[[[129.063959,35.173551],[129.064224,35.173762],[129.064157,35.173819],[129.063885,35.173601],[129.0639,35.173589],[129.06377,35.173484],[129.063842,35.173424],[129.06398,35.173533],[129.063959,35.173551]]]},"properties":{"name":"102","class":"apartments","subtype":"residential","num_floors":25}},{"type":"Feature","geometry":{"type":"Polygon","coordinates":[[[129.064661,35.173806],[129.064665,35.173883],[129.064532,35.173888],[129.064527,35.173811],[129.064661,35.173806]]]},"properties":{}},{"type":"Feature","geometry":{"type":"Polygon","coordinates":[[[129.064818,35.173886],[129.06471,35.173889],[129.064706,35.173801],[129.064813,35.173798],[129.064818,35.173886]]]},"properties":{}},{"type":"Feature","geometry":{"type":"Polygon","coordinates":[[[129.064556,35.17367],[129.064553,35.173747],[129.064411,35.173744],[129.064413,35.173666],[129.064556,35.17367]]]},"properties":{}},{"type":"Feature","geometry":{"type":"Polygon","coordinates":[[[129.064594,35.173754],[129.064594,35.173677],[129.064661,35.173677],[129.064662,35.173754],[129.064594,35.173754]]]},"properties":{}},{"type":"Feature","geometry":{"type":"Polygon","coordinates":[[[129.064742,35.173746],[129.064713,35.173709],[129.064747,35.173691],[129.064776,35.173728],[129.064742,35.173746]]]},"properties":{}},{"type":"Feature","geometry":{"type":"Polygon","coordinates":[[[129.064966,35.17374],[129.064922,35.173724],[129.064938,35.173696],[129.064982,35.173712],[129.064966,35.17374]]]},"properties":{}},{"type":"Feature","geometry":{"type":"Polygon","coordinates":[[[129.064845,35.173884],[129.064846,35.173806],[129.064941,35.173807],[129.06494,35.173885],[129.064845,35.173884]]]},"properties":{}},{"type":"Feature","geometry":{"type":"Polygon","coordinates":[[[129.06559,35.173891],[129.065657,35.173891],[129.065658,35.173968],[129.06559,35.173968],[129.06559,35.173891]]]},"properties":{}},{"type":"Feature","geometry":{"type":"Polygon","coordinates":[[[129.065375,35.173992],[129.065375,35.173937],[129.06547,35.173936],[129.06547,35.173991],[129.065375,35.173992]]]},"properties":{}},{"type":"Feature","geometry":{"type":"Polygon","coordinates":[[[129.065278,35.173998],[129.065231,35.173994],[129.065242,35.173909],[129.065327,35.173916],[129.06531,35.174056],[129.065272,35.174052],[129.065278,35.173998]]]},"properties":{}},{"type":"Feature","geometry":{"type":"Polygon","coordinates":[[[129.065195,35.173989],[129.065114,35.173992],[129.06511,35.173926],[129.065191,35.173923],[129.065195,35.173989]]]},"properties":{}},{"type":"Feature","geometry":{"type":"Polygon","coordinates":[[[129.064984,35.173992],[129.06498,35.17393],[129.065075,35.173927],[129.065079,35.173989],[129.064984,35.173992]]]},"properties":{}},{"type":"Feature","geometry":{"type":"Polygon","coordinates":[[[129.064167,35.17387],[129.064254,35.173943],[129.063875,35.174244],[129.063789,35.174172],[129.064167,35.17387]]]},"properties":{"name":"101","class":"apartments","subtype":"residential","num_floors":25}},{"type":"Feature","geometry":{"type":"Polygon","coordinates":[[[129.064615,35.174089],[129.064534,35.174094],[129.064521,35.17394],[129.064601,35.173935],[129.064615,35.174089]]]},"properties":{}},{"type":"Feature","geometry":{"type":"Polygon","coordinates":[[[129.064789,35.174191],[129.06479,35.174202],[129.064871,35.174198],[129.064876,35.174264],[129.064755,35.17427],[129.064735,35.173995],[129.064856,35.173989],[129.06487,35.174187],[129.064789,35.174191]]]},"properties":{}},{"type":"Feature","geometry":{"type":"Polygon","coordinates":[[[129.064263,35.174225],[129.064292,35.174245],[129.064257,35.174281],[129.06422,35.174257],[129.064303,35.174172],[129.06431,35.174177],[129.064263,35.174225]]]},"properties":{}},{"type":"Feature","geometry":{"type":"Polygon","coordinates":[[[129.064949,35.174224],[129.06507,35.174222],[129.065072,35.174299],[129.06495,35.174301],[129.064949,35.174224]]]},"properties":{}},{"type":"Feature","geometry":{"type":"Polygon","coordinates":[[[129.065275,35.174218],[129.065351,35.174217],[129.065352,35.174295],[129.065276,35.174296],[129.065275,35.174218]]]},"properties":{}},{"type":"Feature","geometry":{"type":"Polygon","coordinates":[[[129.065415,35.174282],[129.065394,35.174117],[129.065488,35.17411],[129.065509,35.174274],[129.065415,35.174282]]]},"properties":{}},{"type":"Feature","geometry":{"type":"Polygon","coordinates":[[[129.065765,35.174252],[129.065769,35.174159],[129.065846,35.174162],[129.065841,35.174255],[129.065765,35.174252]]]},"properties":{}},{"type":"Feature","geometry":{"type":"Polygon","coordinates":[[[129.065668,35.174166],[129.065547,35.174169],[129.065545,35.174092],[129.065666,35.174089],[129.065668,35.174166]]]},"properties":{}},{"type":"Feature","geometry":{"type":"Polygon","coordinates":[[[129.065151,35.174178],[129.065146,35.174093],[129.065166,35.174092],[129.06517,35.174178],[129.065151,35.174178]]]},"properties":{}},{"type":"Feature","geometry":{"type":"Polygon","coordinates":[[[129.064927,35.174184],[129.064925,35.174114],[129.065001,35.174112],[129.065003,35.174182],[129.064927,35.174184]]]},"properties":{}},{"type":"Feature","geometry":{"type":"Polygon","coordinates":[[[129.065017,35.174101],[129.064902,35.174097],[129.064906,35.174019],[129.06502,35.174023],[129.065017,35.174101]]]},"properties":{}},{"type":"Feature","geometry":{"type":"Polygon","coordinates":[[[129.065539,35.173994],[129.06566,35.173994],[129.065661,35.174071],[129.065539,35.174071],[129.065539,35.173994]]]},"properties":{}},{"type":"Feature","geometry":{"type":"Polygon","coordinates":[[[129.065477,35.174012],[129.065479,35.174089],[129.065384,35.17409],[129.065383,35.174013],[129.065477,35.174012]]]},"properties":{}},{"type":"Feature","geometry":{"type":"Polygon","coordinates":[[[129.065926,35.174113],[129.065774,35.174106],[129.06578,35.174005],[129.065932,35.174012],[129.065926,35.174113]]]},"properties":{}},{"type":"Feature","geometry":{"type":"Polygon","coordinates":[[[129.066149,35.17403],[129.066114,35.174067],[129.066069,35.174038],[129.066104,35.174001],[129.066149,35.17403]]]},"properties":{}},{"type":"Feature","geometry":{"type":"Polygon","coordinates":[[[129.066509,35.174125],[129.066415,35.174127],[129.066413,35.17405],[129.066507,35.174048],[129.066509,35.174125]]]},"properties":{}},{"type":"Feature","geometry":{"type":"Polygon","coordinates":[[[129.066789,35.174115],[129.066786,35.174037],[129.066901,35.174035],[129.066903,35.174112],[129.066789,35.174115]]]},"properties":{}},{"type":"Feature","geometry":{"type":"Polygon","coordinates":[[[129.066118,35.174237],[129.066091,35.174096],[129.06617,35.174085],[129.066198,35.174227],[129.066118,35.174237]]]},"properties":{}},{"type":"Feature","geometry":{"type":"Polygon","coordinates":[[[129.066209,35.17424],[129.066218,35.174146],[129.066294,35.174152],[129.066285,35.174245],[129.066209,35.17424]]]},"properties":{}},{"type":"Feature","geometry":{"type":"Polygon","coordinates":[[[129.066053,35.174273],[129.0659,35.174268],[129.065906,35.174159],[129.066058,35.174164],[129.066053,35.174273]]]},"properties":{}},{"type":"Feature","geometry":{"type":"Polygon","coordinates":[[[129.066528,35.174245],[129.066433,35.174244],[129.066434,35.174158],[129.06653,35.174159],[129.066528,35.174245]]]},"properties":{}},{"type":"Feature","geometry":{"type":"Polygon","coordinates":[[[129.066803,35.174213],[129.066803,35.174151],[129.066898,35.174151],[129.066898,35.174213],[129.066803,35.174213]]]},"properties":{}},{"type":"Feature","geometry":{"type":"Polygon","coordinates":[[[129.068006,35.174402],[129.067909,35.174296],[129.06806,35.174203],[129.068157,35.174309],[129.068006,35.174402]]]},"properties":{}},{"type":"Feature","geometry":{"type":"Polygon","coordinates":[[[129.067791,35.17413],[129.067876,35.174096],[129.067954,35.174224],[129.06787,35.174258],[129.067791,35.17413]]]},"properties":{}},{"type":"Feature","geometry":{"type":"Polygon","coordinates":[[[129.066896,35.173998],[129.0668,35.174],[129.066799,35.173954],[129.066894,35.173951],[129.066896,35.173998]]]},"properties":{}},{"type":"Feature","geometry":{"type":"Polygon","coordinates":[[[129.065956,35.173912],[129.066012,35.173916],[129.066009,35.173947],[129.065952,35.173943],[129.065956,35.173912]]]},"properties":{}},{"type":"Feature","geometry":{"type":"Polygon","coordinates":[[[129.066398,35.173918],[129.066395,35.173879],[129.066462,35.173877],[129.066464,35.173916],[129.066398,35.173918]]]},"properties":{}},{"type":"Feature","geometry":{"type":"Polygon","coordinates":[[[129.066183,35.173924],[129.066188,35.173862],[129.066264,35.173867],[129.066259,35.173929],[129.066183,35.173924]]]},"properties":{}},{"type":"Feature","geometry":{"type":"Polygon","coordinates":[[[129.066055,35.173882],[129.06615,35.173883],[129.06615,35.173945],[129.066055,35.173944],[129.066055,35.173882]]]},"properties":{}},{"type":"Feature","geometry":{"type":"Polygon","coordinates":[[[129.06653,35.173941],[129.06652,35.173865],[129.066614,35.173856],[129.066624,35.173933],[129.06653,35.173941]]]},"properties":{}},{"type":"Feature","geometry":{"type":"Polygon","coordinates":[[[129.066718,35.173734],[129.066731,35.173866],[129.06665,35.173871],[129.066638,35.173739],[129.066718,35.173734]]]},"properties":{}},{"type":"Feature","geometry":{"type":"Polygon","coordinates":[[[129.066607,35.17383],[129.066527,35.17383],[129.066526,35.173742],[129.066607,35.173742],[129.066607,35.17383]]]},"properties":{}},{"type":"Feature","geometry":{"type":"Polygon","coordinates":[[[129.066139,35.173833],[129.066082,35.173833],[129.066083,35.17377],[129.06614,35.173771],[129.066139,35.173833]]]},"properties":{}},{"type":"Feature","geometry":{"type":"Polygon","coordinates":[[[129.066194,35.173751],[129.06627,35.173751],[129.06627,35.173829],[129.066193,35.173829],[129.066194,35.173751]]]},"properties":{}},{"type":"Feature","geometry":{"type":"Polygon","coordinates":[[[129.066307,35.173823],[129.066311,35.173761],[129.066473,35.173767],[129.066469,35.17383],[129.066307,35.173823]]]},"properties":{}},{"type":"Feature","geometry":{"type":"Polygon","coordinates":[[[129.068981,35.17375],[129.068963,35.173734],[129.068923,35.173763],[129.068914,35.173755],[129.069034,35.173666],[129.069206,35.173821],[129.069006,35.173969],[129.068861,35.173839],[129.068981,35.17375]]]},"properties":{}},{"type":"Feature","geometry":{"type":"Polygon","coordinates":[[[129.069883,35.173943],[129.069817,35.17386],[129.070275,35.173616],[129.07034,35.173699],[129.069883,35.173943]]]},"properties":{"class":"apartments","subtype":"residential","num_floors":10}},{"type":"Feature","geometry":{"type":"Polygon","coordinates":[[[129.069719,35.173977],[129.069616,35.174029],[129.069538,35.173926],[129.069641,35.173874],[129.069719,35.173977]]]},"properties":{}},{"type":"Feature","geometry":{"type":"Polygon","coordinates":[[[129.068419,35.173975],[129.068735,35.173814],[129.068845,35.173958],[129.068529,35.17412],[129.068419,35.173975]]]},"properties":{"class":"apartments","subtype":"residential","num_floors":18}},{"type":"Feature","geometry":{"type":"Polygon","coordinates":[[[129.068292,35.173834],[129.068363,35.173928],[129.068249,35.173986],[129.068178,35.173893],[129.068292,35.173834]]]},"properties":{}},{"type":"Feature","geometry":{"type":"Polygon","coordinates":[[[129.068035,35.173989],[129.068127,35.173943],[129.068183,35.174019],[129.06809,35.174064],[129.068035,35.173989]]]},"properties":{}},{"type":"Feature","geometry":{"type":"Polygon","coordinates":[[[129.06921,35.174078],[129.069321,35.174212],[129.06875,35.174525],[129.068704,35.174469],[129.068822,35.174405],[129.068758,35.174327],[129.06921,35.174078]]]},"properties":{"num_floors":9}},{"type":"Feature","geometry":{"type":"Polygon","coordinates":[[[129.069503,35.174194],[129.069511,35.174237],[129.069458,35.174244],[129.06945,35.174201],[129.069503,35.174194]]]},"properties":{}},{"type":"Feature","geometry":{"type":"Polygon","coordinates":[[[129.069861,35.174213],[129.069781,35.174254],[129.069703,35.174151],[129.069784,35.17411],[129.069861,35.174213]]]},"properties":{}},{"type":"Feature","geometry":{"type":"Polygon","coordinates":[[[129.069776,35.174069],[129.069682,35.174131],[129.069623,35.174071],[129.069717,35.174009],[129.069776,35.174069]]]},"properties":{}},{"type":"Feature","geometry":{"type":"Polygon","coordinates":[[[129.070574,35.17401],[129.070098,35.174254],[129.070024,35.174166],[129.070502,35.173918],[129.070574,35.17401]]]},"properties":{"name":"백조아파트2동","class":"apartments","subtype":"residential","num_floors":10}},{"type":"Feature","geometry":{"type":"Polygon","coordinates":[[[129.070589,35.174079],[129.070536,35.174124],[129.070495,35.174091],[129.070548,35.174047],[129.070589,35.174079]]]},"properties":{}},{"type":"Feature","geometry":{"type":"Polygon","coordinates":[[[129.071538,35.174026],[129.071331,35.174135],[129.071292,35.174085],[129.071365,35.174047],[129.07134,35.174016],[129.071399,35.173985],[129.071372,35.173951],[129.071408,35.173932],[129.071389,35.173908],[129.071428,35.173887],[129.071538,35.174026]]]},"properties":{"class":"apartments","subtype":"residential","num_floors":17}},{"type":"Feature","geometry":{"type":"Polygon","coordinates":[[[129.070729,35.174017],[129.070649,35.173922],[129.071065,35.173685],[129.0713,35.173962],[129.071282,35.173972],[129.071296,35.173988],[129.071258,35.17401],[129.071263,35.174022],[129.070946,35.174202],[129.070872,35.174114],[129.071144,35.173959],[129.071041,35.173839],[129.070729,35.174017]]]},"properties":{"class":"apartments","subtype":"residential","num_floors":6}},{"type":"Feature","geometry":{"type":"Polygon","coordinates":[[[129.070246,35.173766],[129.0703,35.173734],[129.07034,35.173778],[129.070286,35.173811],[129.070246,35.173766]]]},"properties":{}},{"type":"Feature","geometry":{"type":"Polygon","coordinates":[[[129.071203,35.173669],[129.071399,35.173553],[129.071573,35.173749],[129.071376,35.173865],[129.071203,35.173669]]]},"properties":{}},{"type":"Feature","geometry":{"type":"Polygon","coordinates":[[[129.072013,35.17343],[129.07187,35.173505],[129.07176,35.173365],[129.071833,35.173326],[129.071969,35.173375],[129.072013,35.17343]]]},"properties":{"num_floors":10}},{"type":"Feature","geometry":{"type":"Polygon","coordinates":[[[129.069257,35.173639],[129.069495,35.173513],[129.069576,35.173615],[129.069338,35.173741],[129.069257,35.173639]]]},"properties":{}},{"type":"Feature","geometry":{"type":"Polygon","coordinates":[[[129.068238,35.173731],[129.068025,35.173732],[129.068024,35.173601],[129.068134,35.173601],[129.068134,35.173524],[129.068237,35.173523],[129.068238,35.173731]]]},"properties":{"class":"apartments","subtype":"residential","num_floors":18}},{"type":"Feature","geometry":{"type":"Polygon","coordinates":[[[129.068513,35.173587],[129.068437,35.173656],[129.068366,35.173605],[129.068442,35.173535],[129.068513,35.173587]]]},"properties":{}},{"type":"Feature","geometry":{"type":"Polygon","coordinates":[[[129.069334,35.173244],[129.069396,35.173316],[129.069165,35.173449],[129.06925,35.173548],[129.069206,35.173574],[129.069059,35.173403],[129.069334,35.173244]]]},"properties":{}},{"type":"Feature","geometry":{"type":"Polygon","coordinates":[[[129.069435,35.173397],[129.069377,35.173513],[129.069333,35.173498],[129.069391,35.173383],[129.069435,35.173397]]]},"properties":{}},{"type":"Feature","geometry":{"type":"Polygon","coordinates":[[[129.06975,35.173339],[129.069696,35.173372],[129.069655,35.173328],[129.069709,35.173295],[129.06975,35.173339]]]},"properties":{}},{"type":"Feature","geometry":{"type":"Polygon","coordinates":[[[129.070073,35.173298],[129.069833,35.17342],[129.069725,35.173278],[129.069965,35.173157],[129.070073,35.173298]]]},"properties":{"class":"apartments","subtype":"residential","num_floors":15}},{"type":"Feature","geometry":{"type":"Polygon","coordinates":[[[129.06948,35.173318],[129.069413,35.173236],[129.069491,35.173193],[129.069559,35.173276],[129.06948,35.173318]]]},"properties":{}},{"type":"Feature","geometry":{"type":"Polygon","coordinates":[[[129.068641,35.173249],[129.068864,35.173248],[129.068865,35.173343],[129.068833,35.173343],[129.068833,35.17337],[129.068793,35.17337],[129.068793,35.173402],[129.068707,35.173402],[129.068707,35.173445],[129.068642,35.173445],[129.068641,35.173249]]]},"properties":{"class":"apartments","subtype":"residential","num_floors":14}},{"type":"Feature","geometry":{"type":"Polygon","coordinates":[[[129.069044,35.173232],[129.069111,35.173226],[129.069119,35.17328],[129.069052,35.173286],[129.069044,35.173232]]]},"properties":{}},{"type":"Feature","geometry":{"type":"Polygon","coordinates":[[[129.068706,35.173214],[129.068705,35.173175],[129.068896,35.173174],[129.068896,35.173213],[129.068706,35.173214]]]},"properties":{}},{"type":"Feature","geometry":{"type":"Polygon","coordinates":[[[129.068715,35.173106],[129.068729,35.17306],[129.068766,35.173068],[129.068752,35.173113],[129.068715,35.173106]]]},"properties":{}},{"type":"Feature","geometry":{"type":"Polygon","coordinates":[[[129.069011,35.173062],[129.069166,35.17306],[129.069167,35.173158],[129.069013,35.17316],[129.069011,35.173062]]]},"properties":{"class":"apartments","subtype":"residential","num_floors":14}},{"type":"Feature","geometry":{"type":"Polygon","coordinates":[[[129.068901,35.173066],[129.068883,35.173111],[129.068829,35.173096],[129.068846,35.173052],[129.068901,35.173066]]]},"properties":{}},{"type":"Feature","geometry":{"type":"Polygon","coordinates":[[[129.069368,35.173058],[129.069371,35.173113],[129.069331,35.173114],[129.069327,35.173059],[129.069368,35.173058]]]},"properties":{}},{"type":"Feature","geometry":{"type":"Polygon","coordinates":[[[129.069814,35.173161],[129.069727,35.173213],[129.069695,35.173177],[129.069782,35.173125],[129.069814,35.173161]]]},"properties":{}},{"type":"Feature","geometry":{"type":"Polygon","coordinates":[[[129.069742,35.173134],[129.069667,35.173125],[129.069672,35.173094],[129.069748,35.173103],[129.069742,35.173134]]]},"properties":{}},{"type":"Feature","geometry":{"type":"Polygon","coordinates":[[[129.069928,35.173048],[129.070139,35.172939],[129.07024,35.173069],[129.070028,35.173178],[129.069928,35.173048]]]},"properties":{"class":"apartments","subtype":"residential","height":62.0,"num_floors":20}},{"type":"Feature","geometry":{"type":"Polygon","coordinates":[[[129.071089,35.17332],[129.070924,35.173405],[129.070783,35.173223],[129.070828,35.173224],[129.07084,35.173234],[129.070914,35.173223],[129.07098,35.173231],[129.071094,35.173297],[129.071089,35.17332]]]},"properties":{"height":34.0,"num_floors":8}},{"type":"Feature","geometry":{"type":"Polygon","coordinates":[[[129.07206,35.172901],[129.072097,35.172841],[129.072334,35.172939],[129.072218,35.173127],[129.072076,35.173068],[129.072155,35.17294],[129.07206,35.172901]]]},"properties":{"class":"apartments","subtype":"residential","num_floors":15}},{"type":"Feature","geometry":{"type":"Polygon","coordinates":[[[129.070657,35.172778],[129.070729,35.172865],[129.070692,35.172941],[129.07061,35.172986],[129.070507,35.172862],[129.070657,35.172778]]]},"properties":{"num_floors":9}},{"type":"Feature","geometry":{"type":"Polygon","coordinates":[[[129.072215,35.172767],[129.072134,35.172744],[129.072146,35.172715],[129.072228,35.172737],[129.072215,35.172767]]]},"properties":{}},{"type":"Feature","geometry":{"type":"Polygon","coordinates":[[[129.071924,35.17253],[129.072099,35.172654],[129.07206,35.172692],[129.072031,35.172671],[129.071922,35.172775],[129.071893,35.172755],[129.071879,35.172767],[129.071844,35.172742],[129.071831,35.172754],[129.071806,35.172737],[129.0718,35.172743],[129.071742,35.172702],[129.071924,35.17253]]]},"properties":{"class":"apartments","subtype":"residential","num_floors":15}},{"type":"Feature","geometry":{"type":"Polygon","coordinates":[[[129.072261,35.172549],[129.072194,35.172603],[129.072128,35.172547],[129.072195,35.172493],[129.072261,35.172549]]]},"properties":{}},{"type":"Feature","geometry":{"type":"Polygon","coordinates":[[[129.072068,35.172461],[129.072106,35.172426],[129.072156,35.172462],[129.072119,35.172497],[129.072068,35.172461]]]},"properties":{}},{"type":"Feature","geometry":{"type":"Polygon","coordinates":[[[129.071192,35.172422],[129.071479,35.172273],[129.071548,35.172361],[129.071551,35.172396],[129.071419,35.172514],[129.071308,35.172571],[129.071192,35.172422]]]},"properties":{"class":"apartments","subtype":"residential","num_floors":20}},{"type":"Feature","geometry":{"type":"Polygon","coordinates":[[[129.070515,35.172376],[129.070643,35.172548],[129.070491,35.172624],[129.070362,35.172452],[129.070515,35.172376]]]},"properties":{"num_floors":9}},{"type":"Feature","geometry":{"type":"Polygon","coordinates":[[[129.070614,35.172681],[129.07055,35.17261],[129.070615,35.172571],[129.070679,35.172642],[129.070614,35.172681]]]},"properties":{}},{"type":"Feature","geometry":{"type":"Polygon","coordinates":[[[129.069357,35.172528],[129.069359,35.172671],[129.069238,35.172673],[129.069236,35.17253],[129.069357,35.172528]]]},"properties":{}},{"type":"Feature","geometry":{"type":"Polygon","coordinates":[[[129.068828,35.172718],[129.068667,35.17272],[129.068662,35.172429],[129.068504,35.172431],[129.068505,35.172511],[129.068448,35.172512],[129.06845,35.172645],[129.068609,35.172643],[129.06861,35.172742],[129.068344,35.172745],[129.068337,35.172363],[129.068822,35.172358],[129.068828,35.172718]]]},"properties":{"class":"apartments","subtype":"residential","num_floors":18}},{"type":"Feature","geometry":{"type":"Polygon","coordinates":[[[129.069135,35.172487],[129.069001,35.172491],[129.068998,35.172425],[129.069132,35.172421],[129.069135,35.172487]]]},"properties":{}},{"type":"Feature","geometry":{"type":"Polygon","coordinates":[[[129.06932,35.173029],[129.069314,35.172919],[129.069166,35.172925],[129.069161,35.172826],[129.069363,35.172818],[129.069374,35.173028],[129.06932,35.173029]]]},"properties":{}},{"type":"Feature","geometry":{"type":"Polygon","coordinates":[[[129.069063,35.173001],[129.069194,35.172976],[129.069206,35.173019],[129.069075,35.173044],[129.069063,35.173001]]]},"properties":{}},{"type":"Feature","geometry":{"type":"Polygon","coordinates":[[[129.068546,35.172944],[129.068553,35.173141],[129.068368,35.173145],[129.068363,35.172991],[129.068465,35.172989],[129.068464,35.172946],[129.068546,35.172944]]]},"properties":{"class":"apartments","subtype":"residential","num_floors":14}},{"type":"Feature","geometry":{"type":"Polygon","coordinates":[[[129.067826,35.173126],[129.067794,35.172885],[129.068231,35.172852],[129.068253,35.173095],[129.067826,35.173126]]]},"properties":{"height":60.0,"num_floors":13}},{"type":"Feature","geometry":{"type":"Polygon","coordinates":[[[129.066141,35.173217],[129.066065,35.173157],[129.066444,35.17284],[129.066494,35.172879],[129.06662,35.172774],[129.066695,35.172834],[129.066568,35.17294],[129.066519,35.172901],[129.066141,35.173217]]]},"properties":{"name":"215","class":"apartments","subtype":"residential","num_floors":23}},{"type":"Feature","geometry":{"type":"Polygon","coordinates":[[[129.064722,35.17288],[129.064617,35.172882],[129.06462,35.172975],[129.064515,35.172977],[129.06451,35.172814],[129.06472,35.17281],[129.064722,35.17288]]]},"properties":{}},{"type":"Feature","geometry":{"type":"Polygon","coordinates":[[[129.064969,35.172493],[129.065055,35.172423],[129.065372,35.172684],[129.065286,35.172754],[129.064969,35.172493]]]},"properties":{"name":"208","class":"apartments","subtype":"residential","num_floors":25}},{"type":"Feature","geometry":{"type":"Polygon","coordinates":[[[129.06402,35.172514],[129.064066,35.172476],[129.064231,35.172614],[129.064152,35.172677],[129.063989,35.172541],[129.06394,35.17258],[129.063613,35.172307],[129.063694,35.172242],[129.06402,35.172514]]]},"properties":{"name":"113","class":"apartments","subtype":"residential","num_floors":25}},{"type":"Feature","geometry":{"type":"Polygon","coordinates":[[[129.06594,35.172291],[129.066096,35.172159],[129.066181,35.172226],[129.06602,35.172361],[129.06608,35.172409],[129.065587,35.172825],[129.065498,35.172754],[129.065996,35.172334],[129.06594,35.172291]]]},"properties":{"name":"209","class":"apartments","subtype":"residential","num_floors":25}},{"type":"Feature","geometry":{"type":"Polygon","coordinates":[[[129.066329,35.172531],[129.066416,35.172459],[129.066669,35.172665],[129.066582,35.172736],[129.066329,35.172531]]]},"properties":{"name":"214","class":"apartments","subtype":"residential","num_floors":25}},{"type":"Feature","geometry":{"type":"Polygon","coordinates":[[[129.068175,35.172597],[129.068177,35.172736],[129.067743,35.172742],[129.06774,35.172603],[129.068175,35.172597]]]},"properties":{"class":"apartments","subtype":"residential","height":92.0,"num_floors":26}},{"type":"Feature","geometry":{"type":"Polygon","coordinates":[[[129.067776,35.172355],[129.068025,35.172349],[129.068029,35.172474],[129.067957,35.172476],[129.067958,35.172517],[129.067852,35.172519],[129.067854,35.172556],[129.067783,35.172558],[129.067776,35.172355]]]},"properties":{"class":"apartments","subtype":"residential","num_floors":35}},{"type":"Feature","geometry":{"type":"Polygon","coordinates":[[[129.067753,35.172222],[129.067627,35.172224],[129.067621,35.171971],[129.067991,35.171966],[129.067996,35.172188],[129.067873,35.17219],[129.067872,35.172123],[129.067751,35.172125],[129.067753,35.172222]]]},"properties":{"class":"apartments","subtype":"residential","num_floors":35}},{"type":"Feature","geometry":{"type":"Polygon","coordinates":[[[129.06634,35.17235],[129.066598,35.172138],[129.06668,35.172205],[129.066421,35.172416],[129.06634,35.17235]]]},"properties":{"name":"213","class":"apartments","subtype":"residential","num_floors":25}},{"type":"Feature","geometry":{"type":"Polygon","coordinates":[[[129.065309,35.172043],[129.065397,35.172116],[129.065058,35.172389],[129.06497,35.172316],[129.065309,35.172043]]]},"properties":{"name":"207","class":"apartments","subtype":"residential","num_floors":25}},{"type":"Feature","geometry":{"type":"Polygon","coordinates":[[[129.064292,35.171757],[129.064782,35.172171],[129.06469,35.172243],[129.064211,35.171838],[129.064105,35.171922],[129.064025,35.171855],[129.06415,35.171756],[129.064219,35.171815],[129.064292,35.171757]]]},"properties":{"name":"205","class":"apartments","subtype":"residential","num_floors":25}},{"type":"Feature","geometry":{"type":"Polygon","coordinates":[[[129.070116,35.171911],[129.0702,35.172015],[129.06999,35.172128],[129.069906,35.172023],[129.070116,35.171911]]]},"properties":{"num_floors":14}},{"type":"Feature","geometry":{"type":"Polygon","coordinates":[[[129.068905,35.172137],[129.068891,35.172245],[129.068664,35.172225],[129.068678,35.172117],[129.068905,35.172137]]]},"properties":{}},{"type":"Feature","geometry":{"type":"Polygon","coordinates":[[[129.069237,35.172358],[129.069009,35.17234],[129.069019,35.172255],[129.06937,35.172283],[129.069345,35.172492],[129.069222,35.172482],[129.069237,35.172358]]]},"properties":{}},{"type":"Feature","geometry":{"type":"Polygon","coordinates":[[[129.069718,35.172471],[129.069577,35.172309],[129.069708,35.172232],[129.06985,35.172393],[129.069718,35.172471]]]},"properties":{}},{"type":"Feature","geometry":{"type":"Polygon","coordinates":[[[129.069957,35.172136],[129.070006,35.172202],[129.06996,35.172225],[129.070044,35.172338],[129.069975,35.172372],[129.069842,35.172193],[129.069957,35.172136]]]},"properties":{}},{"type":"Feature","geometry":{"type":"Polygon","coordinates":[[[129.069629,35.172243],[129.069488,35.172081],[129.069554,35.172043],[129.069694,35.172205],[129.069629,35.172243]]]},"properties":{}},{"type":"Feature","geometry":{"type":"Polygon","coordinates":[[[129.069356,35.172128],[129.069363,35.172205],[129.069296,35.172209],[129.069289,35.172132],[129.069356,35.172128]]]},"properties":{}},{"type":"Feature","geometry":{"type":"Polygon","coordinates":[[[129.070037,35.172152],[129.070077,35.172118],[129.070132,35.172161],[129.070092,35.172195],[129.070037,35.172152]]]},"properties":{}},{"type":"Feature","geometry":{"type":"Polygon","coordinates":[[[129.071022,35.172107],[129.070861,35.172197],[129.070783,35.172105],[129.070944,35.172014],[129.071022,35.172107]]]},"properties":{"num_floors":8}},{"type":"Feature","geometry":{"type":"Polygon","coordinates":[[[129.070432,35.172263],[129.070511,35.172366],[129.070346,35.17245],[129.070267,35.172348],[129.070432,35.172263]]]},"properties":{"num_floors":9}},{"type":"Feature","geometry":{"type":"Polygon","coordinates":[[[129.071057,35.172109],[129.071257,35.172357],[129.071079,35.172452],[129.070879,35.172205],[129.071057,35.172109]]]},"properties":{"num_floors":8}},{"type":"Feature","geometry":{"type":"Polygon","coordinates":[[[129.072147,35.172438],[129.072088,35.172364],[129.072156,35.172328],[129.072214,35.172402],[129.072147,35.172438]]]},"properties":{}},{"type":"Feature","geometry":{"type":"Polygon","coordinates":[[[129.072145,35.172068],[129.072199,35.172003],[129.072278,35.172046],[129.072224,35.172111],[129.072145,35.172068]]]},"properties":{}},{"type":"Feature","geometry":{"type":"Polygon","coordinates":[[[129.071984,35.172058],[129.071675,35.172337],[129.070715,35.171081],[129.071053,35.170878],[129.071984,35.172058]]]},"properties":{"class":"house","subtype":"residential"}},{"type":"Feature","geometry":{"type":"Polygon","coordinates":[[[129.068846,35.187069],[129.068844,35.187146],[129.06873,35.187145],[129.068732,35.187067],[129.068846,35.187069]]]},"properties":{}},{"type":"Feature","geometry":{"type":"Polygon","coordinates":[[[129.069351,35.187173],[129.069245,35.187189],[129.069226,35.187102],[129.069332,35.187087],[129.069351,35.187173]]]},"properties":{}},{"type":"Feature","geometry":{"type":"Polygon","coordinates":[[[129.071812,35.186833],[129.071936,35.186768],[129.072163,35.187054],[129.072039,35.18712],[129.071812,35.186833]]]},"properties":{}},{"type":"Feature","geometry":{"type":"Polygon","coordinates":[[[129.070859,35.187145],[129.07093,35.187094],[129.070953,35.186911],[129.071233,35.186934],[129.071208,35.187121],[129.071305,35.187176],[129.071239,35.187255],[129.071051,35.187148],[129.070944,35.187224],[129.070859,35.187145]]]},"properties":{"name":"103","class":"apartments","subtype":"residential","height":80.0,"num_floors":27}},{"type":"Feature","geometry":{"type":"Polygon","coordinates":[[[129.070536,35.186926],[129.070446,35.186882],[129.070504,35.186802],[129.070594,35.186845],[129.070536,35.186926]]]},"properties":{}},{"type":"Feature","geometry":{"type":"Polygon","coordinates":[[[129.070539,35.186732],[129.0705,35.186786],[129.070467,35.18677],[129.070506,35.186717],[129.070539,35.186732]]]},"properties":{}},{"type":"Feature","geometry":{"type":"Polygon","coordinates":[[[129.070451,35.186604],[129.07025,35.186841],[129.07014,35.186779],[129.070342,35.186542],[129.070451,35.186604]]]},"properties":{}},{"type":"Feature","geometry":{"type":"Polygon","coordinates":[[[129.070739,35.18678],[129.07061,35.186652],[129.070704,35.186589],[129.070832,35.186717],[129.070739,35.18678]]]},"properties":{}},{"type":"Feature","geometry":{"type":"Polygon","coordinates":[[[129.071479,35.186254],[129.071604,35.186405],[129.071458,35.186485],[129.071333,35.186334],[129.071479,35.186254]]]},"properties":{"height":48.0,"num_floors":10}},{"type":"Feature","geometry":{"type":"Polygon","coordinates":[[[129.070724,35.186232],[129.070761,35.186218],[129.070723,35.186148],[129.070785,35.186126],[129.070894,35.186327],[129.070697,35.186398],[129.070604,35.186227],[129.070703,35.186191],[129.070724,35.186232]]]},"properties":{}},{"type":"Feature","geometry":{"type":"Polygon","coordinates":[[[129.070943,35.186443],[129.071051,35.186555],[129.070977,35.186603],[129.070869,35.18649],[129.070943,35.186443]]]},"properties":{}},{"type":"Feature","geometry":{"type":"Polygon","coordinates":[[[129.070458,35.186391],[129.070504,35.186458],[129.070539,35.186442],[129.070617,35.186558],[129.070523,35.1866],[129.070399,35.186417],[129.070458,35.186391]]]},"properties":{}},{"type":"Feature","geometry":{"type":"Polygon","coordinates":[[[129.069084,35.186369],[129.069607,35.186368],[129.069608,35.186471],[129.069084,35.186472],[129.069084,35.186369]]]},"properties":{"class":"apartments","subtype":"residential","height":79.0,"num_floors":28}},{"type":"Feature","geometry":{"type":"Polygon","coordinates":[[[129.069144,35.185978],[129.069152,35.186206],[129.069026,35.186209],[129.069017,35.185981],[129.069144,35.185978]]]},"properties":{"class":"apartments","subtype":"residential","height":99.0,"num_floors":29}},{"type":"Feature","geometry":{"type":"Polygon","coordinates":[[[129.068453,35.186291],[129.068722,35.186332],[129.068699,35.186436],[129.06843,35.186395],[129.068453,35.186291]]]},"properties":{"class":"apartments","subtype":"residential","height":93.0,"num_floors":33}},{"type":"Feature","geometry":{"type":"Polygon","coordinates":[[[129.069054,35.186921],[129.069052,35.186828],[129.069166,35.186826],[129.069169,35.186919],[129.069054,35.186921]]]},"properties":{}},{"type":"Feature","geometry":{"type":"Polygon","coordinates":[[[129.069324,35.186836],[129.069328,35.186914],[129.069214,35.186918],[129.06921,35.186841],[129.069324,35.186836]]]},"properties":{}},{"type":"Feature","geometry":{"type":"Polygon","coordinates":[[[129.069395,35.187034],[129.069345,35.18701],[129.06936,35.18699],[129.069409,35.187014],[129.069395,35.187034]]]},"properties":{}},{"type":"Feature","geometry":{"type":"Polygon","coordinates":[[[129.069215,35.186956],[129.069311,35.186957],[129.06931,35.187035],[129.069215,35.187034],[129.069215,35.186956]]]},"properties":{}},{"type":"Feature","geometry":{"type":"Polygon","coordinates":[[[129.069066,35.187025],[129.069069,35.186947],[129.069164,35.186949],[129.069162,35.187027],[129.069066,35.187025]]]},"properties":{}},{"type":"Feature","geometry":{"type":"Polygon","coordinates":[[[129.069074,35.187074],[129.069155,35.187072],[129.069156,35.187116],[129.069075,35.187118],[129.069074,35.187074]]]},"properties":{}},{"type":"Feature","geometry":{"type":"Polygon","coordinates":[[[129.068915,35.187064],[129.069029,35.187064],[129.06903,35.187126],[129.068915,35.187127],[129.068915,35.187064]]]},"properties":{}},{"type":"Feature","geometry":{"type":"Polygon","coordinates":[[[129.068844,35.186962],[129.068845,35.187032],[129.068731,35.187034],[129.068729,35.186964],[129.068844,35.186962]]]},"properties":{}},{"type":"Feature","geometry":{"type":"Polygon","coordinates":[[[129.068915,35.186957],[129.069023,35.186957],[129.069023,35.187023],[129.068916,35.187024],[129.068915,35.186957]]]},"properties":{}},{"type":"Feature","geometry":{"type":"Polygon","coordinates":[[[129.06872,35.186915],[129.068718,35.186849],[129.068826,35.186846],[129.068828,35.186912],[129.06872,35.186915]]]},"properties":{}},{"type":"Feature","geometry":{"type":"Polygon","coordinates":[[[129.067432,35.186812],[129.067627,35.186983],[129.067509,35.187074],[129.067313,35.186903],[129.067432,35.186812]]]},"properties":{"class":"apartments","subtype":"residential","num_floors":34}},{"type":"Feature","geometry":{"type":"Polygon","coordinates":[[[129.067589,35.186347],[129.067785,35.186519],[129.067666,35.186609],[129.067471,35.186438],[129.067589,35.186347]]]},"properties":{"class":"apartments","subtype":"residential","num_floors":34}},{"type":"Feature","geometry":{"type":"Polygon","coordinates":[[[129.066968,35.186217],[129.067237,35.186481],[129.067113,35.186566],[129.066844,35.186302],[129.066968,35.186217]]]},"properties":{"class":"apartments","subtype":"residential","num_floors":29}},{"type":"Feature","geometry":{"type":"Polygon","coordinates":[[[129.065834,35.18659],[129.065729,35.186499],[129.066032,35.186266],[129.06625,35.186456],[129.066163,35.186523],[129.06605,35.186424],[129.065834,35.18659]]]},"properties":{"class":"apartments","subtype":"residential","num_floors":29}},{"type":"Feature","geometry":{"type":"Polygon","coordinates":[[[129.065655,35.18703],[129.06555,35.186938],[129.065853,35.186706],[129.066071,35.186895],[129.065985,35.186962],[129.065871,35.186864],[129.065655,35.18703]]]},"properties":{"class":"apartments","subtype":"residential","num_floors":29}},{"type":"Feature","geometry":{"type":"Polygon","coordinates":[[[129.067536,35.184355],[129.067694,35.184674],[129.067545,35.184723],[129.067387,35.184405],[129.067536,35.184355]]]},"properties":{"class":"apartments","subtype":"residential","num_floors":29}},{"type":"Feature","geometry":{"type":"Polygon","coordinates":[[[129.066505,35.184309],[129.066721,35.184424],[129.066416,35.184827],[129.066367,35.184809],[129.066328,35.184863],[129.066142,35.184767],[129.066505,35.184309]]]},"properties":{}},{"type":"Feature","geometry":{"type":"Polygon","coordinates":[[[129.066845,35.184779],[129.066655,35.184782],[129.066655,35.184681],[129.066912,35.184685],[129.067048,35.184872],[129.066946,35.184923],[129.066845,35.184779]]]},"properties":{}},{"type":"Feature","geometry":{"type":"Polygon","coordinates":[[[129.067511,35.184864],[129.06778,35.185128],[129.067656,35.185212],[129.067387,35.184948],[129.067511,35.184864]]]},"properties":{"class":"apartments","subtype":"residential","num_floors":29}},{"type":"Feature","geometry":{"type":"Polygon","coordinates":[[[129.065641,35.185567],[129.065453,35.185676],[129.065343,35.185543],[129.065538,35.185442],[129.065641,35.185567]]]},"properties":{}},{"type":"Feature","geometry":{"type":"Polygon","coordinates":[[[129.066081,35.186166],[129.065976,35.186074],[129.06628,35.185841],[129.066498,35.186031],[129.066411,35.186098],[129.066298,35.186],[129.066081,35.186166]]]},"properties":{"class":"apartments","subtype":"residential","num_floors":29}},{"type":"Feature","geometry":{"type":"Polygon","coordinates":[[[129.067957,35.185792],[129.068152,35.185963],[129.068034,35.186053],[129.067838,35.185882],[129.067957,35.185792]]]},"properties":{"class":"apartments","subtype":"residential","num_floors":34}},{"type":"Feature","geometry":{"type":"Polygon","coordinates":[[[129.067283,35.185528],[129.067552,35.185792],[129.067427,35.185877],[129.067159,35.185613],[129.067283,35.185528]]]},"properties":{"class":"apartments","subtype":"residential","num_floors":29}},{"type":"Feature","geometry":{"type":"Polygon","coordinates":[[[129.066614,35.185394],[129.066755,35.185597],[129.066613,35.185663],[129.066473,35.185459],[129.066614,35.185394]]]},"properties":{"class":"apartments","subtype":"residential","num_floors":25}},{"type":"Feature","geometry":{"type":"Polygon","coordinates":[[[129.068226,35.185457],[129.068121,35.185366],[129.068424,35.185133],[129.068642,35.185323],[129.068555,35.18539],[129.068442,35.185291],[129.068226,35.185457]]]},"properties":{"class":"apartments","subtype":"residential","num_floors":31}},{"type":"Feature","geometry":{"type":"Polygon","coordinates":[[[129.069263,35.185109],[129.069371,35.185109],[129.069371,35.185175],[129.069263,35.185175],[129.069263,35.185109]]]},"properties":{}},{"type":"Feature","geometry":{"type":"Polygon","coordinates":[[[129.069528,35.185119],[129.069528,35.185173],[129.069434,35.185174],[129.069434,35.185119],[129.069528,35.185119]]]},"properties":{}},{"type":"Feature","geometry":{"type":"Polygon","coordinates":[[[129.069609,35.185269],[129.069617,35.185145],[129.069769,35.185151],[129.069761,35.185275],[129.069609,35.185269]]]},"properties":{}},{"type":"Feature","geometry":{"type":"Polygon","coordinates":[[[129.069901,35.185288],[129.069787,35.185285],[129.069792,35.18516],[129.069906,35.185163],[129.069901,35.185288]]]},"properties":{}},{"type":"Feature","geometry":{"type":"Polygon","coordinates":[[[129.070115,35.185189],[129.070116,35.185266],[129.07002,35.185267],[129.07002,35.185189],[129.070115,35.185189]]]},"properties":{}},{"type":"Feature","geometry":{"type":"Polygon","coordinates":[[[129.069528,35.185194],[129.069525,35.185271],[129.06943,35.185269],[129.069433,35.185191],[129.069528,35.185194]]]},"properties":{}},{"type":"Feature","geometry":{"type":"Polygon","coordinates":[[[129.069266,35.185259],[129.069268,35.185197],[129.069364,35.1852],[129.069361,35.185262],[129.069266,35.185259]]]},"properties":{}},{"type":"Feature","geometry":{"type":"Polygon","coordinates":[[[129.069523,35.185433],[129.06939,35.18543],[129.069393,35.185329],[129.069527,35.185332],[129.069523,35.185433]]]},"properties":{}},{"type":"Feature","geometry":{"type":"Polygon","coordinates":[[[129.069718,35.185421],[129.069611,35.185422],[129.06961,35.185333],[129.069718,35.185333],[129.069718,35.185421]]]},"properties":{}},{"type":"Feature","geometry":{"type":"Polygon","coordinates":[[[129.070113,35.185395],[129.070103,35.185472],[129.070009,35.185464],[129.070019,35.185386],[129.070113,35.185395]]]},"properties":{}},{"type":"Feature","geometry":{"type":"Polygon","coordinates":[[[129.069907,35.18548],[129.069773,35.185475],[129.069781,35.185343],[129.069914,35.185348],[129.069907,35.18548]]]},"properties":{}},{"type":"Feature","geometry":{"type":"Polygon","coordinates":[[[129.069944,35.185585],[129.069941,35.185541],[129.070049,35.185537],[129.070051,35.185581],[129.069944,35.185585]]]},"properties":{}},{"type":"Feature","geometry":{"type":"Polygon","coordinates":[[[129.069725,35.185787],[129.070248,35.185785],[129.070248,35.185889],[129.069725,35.18589],[129.069725,35.185787]]]},"properties":{"class":"apartments","subtype":"residential","height":71.0,"num_floors":24}},{"type":"Feature","geometry":{"type":"Polygon","coordinates":[[[129.06895,35.185752],[129.069474,35.18575],[129.069474,35.185854],[129.068951,35.185855],[129.06895,35.185752]]]},"properties":{"class":"apartments","subtype":"residential","height":72.0,"num_floors":25}},{"type":"Feature","geometry":{"type":"Polygon","coordinates":[[[129.071182,35.186045],[129.071176,35.186001],[129.07123,35.185996],[129.071236,35.18604],[129.071182,35.186045]]]},"properties":{}},{"type":"Feature","geometry":{"type":"Polygon","coordinates":[[[129.07199,35.185417],[129.072031,35.185474],[129.071984,35.185496],[129.071944,35.185439],[129.07199,35.185417]]]},"properties":{}},{"type":"Feature","geometry":{"type":"Polygon","coordinates":[[[129.072105,35.185352],[129.072194,35.185423],[129.072113,35.18549],[129.072025,35.185418],[129.072105,35.185352]]]},"properties":{}},{"type":"Feature","geometry":{"type":"Polygon","coordinates":[[[129.070182,35.185555],[129.070277,35.185556],[129.070276,35.185603],[129.070181,35.185601],[129.070182,35.185555]]]},"properties":{}},{"type":"Feature","geometry":{"type":"Polygon","coordinates":[[[129.070202,35.185434],[129.070259,35.185432],[129.070263,35.185502],[129.070206,35.185504],[129.070202,35.185434]]]},"properties":{}},{"type":"Feature","geometry":{"type":"Polygon","coordinates":[[[129.070308,35.185462],[129.070384,35.18546],[129.070386,35.185506],[129.07031,35.185508],[129.070308,35.185462]]]},"properties":{}},{"type":"Feature","geometry":{"type":"Polygon","coordinates":[[[129.07017,35.185362],[129.070251,35.185361],[129.070252,35.185383],[129.070171,35.185384],[129.07017,35.185362]]]},"properties":{}},{"type":"Feature","geometry":{"type":"Polygon","coordinates":[[[129.070155,35.185311],[129.070149,35.185202],[129.070244,35.185198],[129.07025,35.185307],[129.070155,35.185311]]]},"properties":{}},{"type":"Feature","geometry":{"type":"Polygon","coordinates":[[[129.071888,35.185406],[129.071826,35.185312],[129.072542,35.184995],[129.072605,35.185088],[129.071888,35.185406]]]},"properties":{"name":"101","class":"apartments","subtype":"residential","num_floors":15}},{"type":"Feature","geometry":{"type":"Polygon","coordinates":[[[129.072217,35.184769],[129.071841,35.184942],[129.071775,35.184846],[129.072151,35.184673],[129.072217,35.184769]]]},"properties":{}},{"type":"Feature","geometry":{"type":"Polygon","coordinates":[[[129.072037,35.184518],[129.072106,35.184613],[129.072059,35.184635],[129.072011,35.184569],[129.071942,35.184603],[129.071921,35.184574],[129.072037,35.184518]]]},"properties":{}},{"type":"Feature","geometry":{"type":"Polygon","coordinates":[[[129.071615,35.184613],[129.071611,35.18466],[129.071516,35.184654],[129.07152,35.184608],[129.071615,35.184613]]]},"properties":{}},{"type":"Feature","geometry":{"type":"Polygon","coordinates":[[[129.071648,35.184629],[129.071636,35.184541],[129.07177,35.184529],[129.071782,35.184617],[129.071648,35.184629]]]},"properties":{}},{"type":"Feature","geometry":{"type":"Polygon","coordinates":[[[129.071797,35.184644],[129.071797,35.184765],[129.071649,35.184766],[129.071648,35.184645],[129.071797,35.184644]]]},"properties":{}},{"type":"Feature","geometry":{"type":"Polygon","coordinates":[[[129.070224,35.185022],[129.070228,35.18511],[129.070093,35.185114],[129.07009,35.185026],[129.070224,35.185022]]]},"properties":{}},{"type":"Feature","geometry":{"type":"Polygon","coordinates":[[[129.069649,35.184957],[129.069763,35.184961],[129.069757,35.18507],[129.069643,35.185066],[129.069649,35.184957]]]},"properties":{}},{"type":"Feature","geometry":{"type":"Polygon","coordinates":[[[129.069909,35.185087],[129.069814,35.18508],[129.069829,35.184956],[129.069924,35.184963],[129.069909,35.185087]]]},"properties":{}},{"type":"Feature","geometry":{"type":"Polygon","coordinates":[[[129.070076,35.184914],[129.070197,35.184905],[129.070209,35.185003],[129.070088,35.185013],[129.070076,35.184914]]]},"properties":{}},{"type":"Feature","geometry":{"type":"Polygon","coordinates":[[[129.070061,35.184787],[129.070175,35.184783],[129.070181,35.184892],[129.070067,35.184896],[129.070061,35.184787]]]},"properties":{}},{"type":"Feature","geometry":{"type":"Polygon","coordinates":[[[129.069832,35.184909],[129.069833,35.184777],[129.069929,35.184778],[129.069927,35.18491],[129.069832,35.184909]]]},"properties":{}},{"type":"Feature","geometry":{"type":"Polygon","coordinates":[[[129.069786,35.184758],[129.069788,35.184898],[129.069673,35.184899],[129.069672,35.184759],[129.069786,35.184758]]]},"properties":{}},{"type":"Feature","geometry":{"type":"Polygon","coordinates":[[[129.069572,35.184788],[129.069573,35.184876],[129.069505,35.184876],[129.069505,35.184788],[129.069572,35.184788]]]},"properties":{}},{"type":"Feature","geometry":{"type":"Polygon","coordinates":[[[129.069337,35.184912],[129.069329,35.185021],[129.069272,35.185019],[129.06928,35.18491],[129.069337,35.184912]]]},"properties":{}},{"type":"Feature","geometry":{"type":"Polygon","coordinates":[[[129.06944,35.185056],[129.069439,35.184934],[129.06956,35.184934],[129.069561,35.185055],[129.06944,35.185056]]]},"properties":{}},{"type":"Feature","geometry":{"type":"Polygon","coordinates":[[[129.068331,35.184927],[129.068226,35.184836],[129.06853,35.184603],[129.068748,35.184793],[129.068661,35.18486],[129.068548,35.184761],[129.068331,35.184927]]]},"properties":{"class":"apartments","subtype":"residential","num_floors":33}},{"type":"Feature","geometry":{"type":"Polygon","coordinates":[[[129.069438,35.18458],[129.069462,35.184593],[129.06942,35.184645],[129.069396,35.184632],[129.069438,35.18458]]]},"properties":{}},{"type":"Feature","geometry":{"type":"Polygon","coordinates":[[[129.069424,35.184858],[129.069273,35.184841],[129.069289,35.184748],[129.06944,35.184765],[129.069424,35.184858]]]},"properties":{}},{"type":"Feature","geometry":{"type":"Polygon","coordinates":[[[129.069906,35.184548],[129.069911,35.184704],[129.069797,35.184706],[129.069792,35.184551],[129.069906,35.184548]]]},"properties":{}},{"type":"Feature","geometry":{"type":"Polygon","coordinates":[[[129.069645,35.184699],[129.069642,35.184545],[129.06975,35.184544],[129.069752,35.184698],[129.069645,35.184699]]]},"properties":{}},{"type":"Feature","geometry":{"type":"Polygon","coordinates":[[[129.070065,35.184572],[129.069998,35.184581],[129.069988,35.184526],[129.070054,35.184518],[129.070065,35.184572]]]},"properties":{}},{"type":"Feature","geometry":{"type":"Polygon","coordinates":[[[129.069812,35.184413],[129.069907,35.184415],[129.069905,35.184493],[129.069809,35.184491],[129.069812,35.184413]]]},"properties":{}},{"type":"Feature","geometry":{"type":"Polygon","coordinates":[[[129.06976,35.184397],[129.069753,35.184474],[129.069601,35.184466],[129.069608,35.184388],[129.06976,35.184397]]]},"properties":{}},{"type":"Feature","geometry":{"type":"Polygon","coordinates":[[[129.069008,35.184249],[129.068913,35.184244],[129.068922,35.18412],[129.069017,35.184125],[129.069008,35.184249]]]},"properties":{}},{"type":"Feature","geometry":{"type":"Polygon","coordinates":[[[129.068173,35.184162],[129.06818,35.184037],[129.068313,35.184043],[129.068306,35.184167],[129.068173,35.184162]]]},"properties":{}},{"type":"Feature","geometry":{"type":"Polygon","coordinates":[[[129.068548,35.184018],[129.068644,35.184016],[129.068648,35.184172],[129.068553,35.184174],[129.068548,35.184018]]]},"properties":{}},{"type":"Feature","geometry":{"type":"Polygon","coordinates":[[[129.068829,35.184077],[129.068826,35.184186],[129.068712,35.184184],[129.068715,35.184075],[129.068829,35.184077]]]},"properties":{}},{"type":"Feature","geometry":{"type":"Polygon","coordinates":[[[129.06936,35.184035],[129.069355,35.184097],[129.069298,35.184094],[129.069303,35.184032],[129.06936,35.184035]]]},"properties":{}},{"type":"Feature","geometry":{"type":"Polygon","coordinates":[[[129.069555,35.184055],[129.069556,35.184117],[129.069442,35.184119],[129.06944,35.184056],[129.069555,35.184055]]]},"properties":{}},{"type":"Feature","geometry":{"type":"Polygon","coordinates":[[[129.069205,35.184127],[129.069205,35.184259],[129.069098,35.184259],[129.069097,35.184127],[129.069205,35.184127]]]},"properties":{}},{"type":"Feature","geometry":{"type":"Polygon","coordinates":[[[129.069831,35.184196],[129.069829,35.184243],[129.06961,35.184237],[129.069612,35.18419],[129.069831,35.184196]]]},"properties":{}},{"type":"Feature","geometry":{"type":"Polygon","coordinates":[[[129.069798,35.184114],[129.06965,35.184116],[129.069649,35.184061],[129.069797,35.184059],[129.069798,35.184114]]]},"properties":{}},{"type":"Feature","geometry":{"type":"Polygon","coordinates":[[[129.07122,35.184523],[129.071205,35.184492],[129.071155,35.184508],[129.071012,35.184211],[129.07125,35.184135],[129.071408,35.184463],[129.07122,35.184523]]]},"properties":{}},{"type":"Feature","geometry":{"type":"Polygon","coordinates":[[[129.071372,35.18455],[129.07136,35.184496],[129.0714,35.18449],[129.071412,35.184544],[129.071372,35.18455]]]},"properties":{}},{"type":"Feature","geometry":{"type":"Polygon","coordinates":[[[129.071548,35.184557],[129.071569,35.184449],[129.071625,35.184457],[129.071604,35.184564],[129.071548,35.184557]]]},"properties":{}},{"type":"Feature","geometry":{"type":"Polygon","coordinates":[[[129.071856,35.184449],[129.071976,35.1844],[129.072036,35.184498],[129.071915,35.184547],[129.071856,35.184449]]]},"properties":{}},{"type":"Feature","geometry":{"type":"Polygon","coordinates":[[[129.071944,35.18414],[129.072027,35.184104],[129.072135,35.18427],[129.072051,35.184306],[129.071944,35.18414]]]},"properties":{}},{"type":"Feature","geometry":{"type":"Polygon","coordinates":[[[129.071828,35.184425],[129.071591,35.184105],[129.071706,35.184048],[129.071943,35.184368],[129.071828,35.184425]]]},"properties":{}},{"type":"Feature","geometry":{"type":"Polygon","coordinates":[[[129.071544,35.184072],[129.071497,35.184093],[129.071458,35.184035],[129.071505,35.184014],[129.071544,35.184072]]]},"properties":{}},{"type":"Feature","geometry":{"type":"Polygon","coordinates":[[[129.072029,35.184079],[129.071933,35.184118],[129.071896,35.184059],[129.071992,35.18402],[129.072029,35.184079]]]},"properties":{}},{"type":"Feature","geometry":{"type":"Polygon","coordinates":[[[129.072147,35.184036],[129.072285,35.18425],[129.072213,35.184281],[129.072075,35.184067],[129.072147,35.184036]]]},"properties":{}},{"type":"Feature","geometry":{"type":"Polygon","coordinates":[[[129.072232,35.183988],[129.07228,35.184054],[129.072223,35.184082],[129.072174,35.184016],[129.072232,35.183988]]]},"properties":{}},{"type":"Feature","geometry":{"type":"Polygon","coordinates":[[[129.071816,35.183792],[129.071908,35.183939],[129.071824,35.183974],[129.071732,35.183827],[129.071816,35.183792]]]},"properties":{}},{"type":"Feature","geometry":{"type":"Polygon","coordinates":[[[129.071226,35.184032],[129.071151,35.183903],[129.071504,35.183765],[129.071579,35.183894],[129.071226,35.184032]]]},"properties":{}},{"type":"Feature","geometry":{"type":"Polygon","coordinates":[[[129.070931,35.184041],[129.070795,35.18373],[129.070934,35.183689],[129.071071,35.184001],[129.070931,35.184041]]]},"properties":{}},{"type":"Feature","geometry":{"type":"Polygon","coordinates":[[[129.070886,35.183688],[129.070792,35.183696],[129.070786,35.183652],[129.07088,35.183644],[129.070886,35.183688]]]},"properties":{}},{"type":"Feature","geometry":{"type":"Polygon","coordinates":[[[129.071309,35.183718],[129.071313,35.183762],[129.071111,35.183774],[129.071101,35.183653],[129.071424,35.183635],[129.07143,35.183712],[129.071309,35.183718]]]},"properties":{}},{"type":"Feature","geometry":{"type":"Polygon","coordinates":[[[129.071926,35.183592],[129.071832,35.183654],[129.071748,35.183568],[129.071843,35.183506],[129.071926,35.183592]]]},"properties":{}},{"type":"Feature","geometry":{"type":"Polygon","coordinates":[[[129.071689,35.182891],[129.071931,35.182811],[129.072006,35.182962],[129.0719,35.182997],[129.072141,35.183479],[129.072216,35.183454],[129.072238,35.183498],[129.072046,35.183562],[129.07199,35.18345],[129.071656,35.183561],[129.0716,35.18345],[129.07185,35.183366],[129.071772,35.183209],[129.071402,35.183332],[129.071313,35.183154],[129.071748,35.183009],[129.071689,35.182891]]]},"properties":{"class":"apartments","subtype":"residential","num_floors":20}},{"type":"Feature","geometry":{"type":"Polygon","coordinates":[[[129.071047,35.183465],[129.071079,35.183538],[129.07099,35.183564],[129.070959,35.183491],[129.071047,35.183465]]]},"properties":{}},{"type":"Feature","geometry":{"type":"Polygon","coordinates":[[[129.069121,35.18336],[129.069254,35.18337],[129.06924,35.183494],[129.069108,35.183484],[129.069121,35.18336]]]},"properties":{}},{"type":"Feature","geometry":{"type":"Polygon","coordinates":[[[129.069433,35.183455],[129.069426,35.183501],[129.069312,35.183489],[129.06932,35.183443],[129.069433,35.183455]]]},"properties":{}},{"type":"Feature","geometry":{"type":"Polygon","coordinates":[[[129.06948,35.183273],[129.069559,35.183257],[129.069578,35.183321],[129.0695,35.183337],[129.06948,35.183273]]]},"properties":{}},{"type":"Feature","geometry":{"type":"Polygon","coordinates":[[[129.069375,35.183224],[129.069378,35.183162],[129.069512,35.183166],[129.069509,35.183228],[129.069375,35.183224]]]},"properties":{}},{"type":"Feature","geometry":{"type":"Polygon","coordinates":[[[129.068192,35.183102],[129.068313,35.183102],[129.068313,35.183259],[129.068192,35.183258],[129.068192,35.183102]]]},"properties":{"class":"apartments","subtype":"residential","num_floors":19}},{"type":"Feature","geometry":{"type":"Polygon","coordinates":[[[129.068458,35.183711],[129.068353,35.183728],[129.068342,35.183685],[129.068448,35.183668],[129.068458,35.183711]]]},"properties":{}},{"type":"Feature","geometry":{"type":"Polygon","coordinates":[[[129.068556,35.18366],[129.06867,35.183659],[129.068671,35.183799],[129.068557,35.1838],[129.068556,35.18366]]]},"properties":{}},{"type":"Feature","geometry":{"type":"Polygon","coordinates":[[[129.068852,35.183808],[129.06873,35.183808],[129.06873,35.183687],[129.068851,35.183687],[129.068852,35.183808]]]},"properties":{}},{"type":"Feature","geometry":{"type":"Polygon","coordinates":[[[129.069068,35.183685],[129.068954,35.183676],[129.068957,35.183645],[129.069071,35.183654],[129.069068,35.183685]]]},"properties":{}},{"type":"Feature","geometry":{"type":"Polygon","coordinates":[[[129.068844,35.183667],[129.068749,35.183663],[129.06875,35.183648],[129.068845,35.183651],[129.068844,35.183667]]]},"properties":{}},{"type":"Feature","geometry":{"type":"Polygon","coordinates":[[[129.069236,35.18356],[129.069237,35.183681],[129.069116,35.183681],[129.069115,35.18356],[129.069236,35.18356]]]},"properties":{}},{"type":"Feature","geometry":{"type":"Polygon","coordinates":[[[129.069409,35.183586],[129.069407,35.183695],[129.069331,35.183694],[129.069333,35.183585],[129.069409,35.183586]]]},"properties":{}},{"type":"Feature","geometry":{"type":"Polygon","coordinates":[[[129.069607,35.183679],[129.069474,35.183681],[129.069472,35.18358],[129.069605,35.183578],[129.069607,35.183679]]]},"properties":{}},{"type":"Feature","geometry":{"type":"Polygon","coordinates":[[[129.069767,35.183747],[129.069676,35.183794],[129.069647,35.183757],[129.069693,35.183733],[129.06965,35.183677],[129.069696,35.183654],[129.069767,35.183747]]]},"properties":{}},{"type":"Feature","geometry":{"type":"Polygon","coordinates":[[[129.069421,35.183798],[129.069345,35.183793],[129.069349,35.183747],[129.069425,35.183751],[129.069421,35.183798]]]},"properties":{}},{"type":"Feature","geometry":{"type":"Polygon","coordinates":[[[129.069229,35.183879],[129.069121,35.183879],[129.069121,35.183725],[129.069229,35.183725],[129.069229,35.183879]]]},"properties":{}},{"type":"Feature","geometry":{"type":"Polygon","coordinates":[[[129.06934,35.183875],[129.069341,35.183813],[129.069418,35.183814],[129.069416,35.183876],[129.06934,35.183875]]]},"properties":{}},{"type":"Feature","geometry":{"type":"Polygon","coordinates":[[[129.069513,35.183811],[129.069589,35.183814],[129.069586,35.183892],[129.069462,35.183888],[129.069469,35.183732],[129.069593,35.183736],[129.06959,35.183798],[129.069514,35.183796],[129.069513,35.183811]]]},"properties":{}},{"type":"Feature","geometry":{"type":"Polygon","coordinates":[[[129.069792,35.183904],[129.069678,35.183909],[129.069674,35.183847],[129.069788,35.183842],[129.069792,35.183904]]]},"properties":{}},{"type":"Feature","geometry":{"type":"Polygon","coordinates":[[[129.069651,35.184028],[129.069648,35.183966],[129.069772,35.183962],[129.069775,35.184024],[129.069651,35.184028]]]},"properties":{}},{"type":"Feature","geometry":{"type":"Polygon","coordinates":[[[129.069447,35.183956],[129.06958,35.183957],[129.06958,35.184019],[129.069446,35.184018],[129.069447,35.183956]]]},"properties":{}},{"type":"Feature","geometry":{"type":"Polygon","coordinates":[[[129.069374,35.184008],[129.069297,35.184007],[129.069299,35.18396],[129.069375,35.183962],[129.069374,35.184008]]]},"properties":{}},{"type":"Feature","geometry":{"type":"Polygon","coordinates":[[[129.069208,35.183935],[129.069203,35.184091],[129.069088,35.184089],[129.069093,35.183933],[129.069208,35.183935]]]},"properties":{}},{"type":"Feature","geometry":{"type":"Polygon","coordinates":[[[129.069025,35.184073],[129.06893,35.184072],[129.068932,35.183948],[129.069027,35.183948],[129.069025,35.184073]]]},"properties":{}},{"type":"Feature","geometry":{"type":"Polygon","coordinates":[[[129.068702,35.183885],[129.068796,35.183877],[129.068817,35.18403],[129.068724,35.184039],[129.068702,35.183885]]]},"properties":{}},{"type":"Feature","geometry":{"type":"Polygon","coordinates":[[[129.068559,35.183883],[129.068663,35.183893],[129.06865,35.183986],[129.068546,35.183976],[129.068559,35.183883]]]},"properties":{}},{"type":"Feature","geometry":{"type":"Polygon","coordinates":[[[129.068942,35.183728],[129.069056,35.183732],[129.069048,35.183872],[129.068933,35.183868],[129.068942,35.183728]]]},"properties":{}},{"type":"Feature","geometry":{"type":"Polygon","coordinates":[[[129.068373,35.18397],[129.068373,35.183877],[129.068468,35.183877],[129.068468,35.18397],[129.068373,35.18397]]]},"properties":{}},{"type":"Feature","geometry":{"type":"Polygon","coordinates":[[[129.068301,35.183966],[129.068206,35.183961],[129.068214,35.183852],[129.068309,35.183857],[129.068301,35.183966]]]},"properties":{}},{"type":"Feature","geometry":{"type":"Polygon","coordinates":[[[129.068106,35.183833],[129.068101,35.183996],[129.067996,35.183994],[129.068001,35.183831],[129.068106,35.183833]]]},"properties":{}},{"type":"Feature","geometry":{"type":"Polygon","coordinates":[[[129.06751,35.183895],[129.067444,35.183906],[129.067422,35.18382],[129.067488,35.183809],[129.06751,35.183895]]]},"properties":{}},{"type":"Feature","geometry":{"type":"Polygon","coordinates":[[[129.067455,35.183686],[129.067426,35.183663],[129.067454,35.183639],[129.067483,35.183662],[129.067455,35.183686]]]},"properties":{}},{"type":"Feature","geometry":{"type":"Polygon","coordinates":[[[129.066214,35.183803],[129.066195,35.18383],[129.066162,35.183814],[129.066182,35.183787],[129.066214,35.183803]]]},"properties":{}},{"type":"Feature","geometry":{"type":"Polygon","coordinates":[[[129.067027,35.184029],[129.066908,35.18408],[129.066764,35.183856],[129.066883,35.183805],[129.067027,35.184029]]]},"properties":{}},{"type":"Feature","geometry":{"type":"Polygon","coordinates":[[[129.065708,35.183238],[129.065809,35.18318],[129.066017,35.183418],[129.065941,35.183462],[129.065867,35.183378],[129.065645,35.183507],[129.065593,35.183448],[129.06579,35.183333],[129.065708,35.183238]]]},"properties":{"class":"apartments","subtype":"residential","num_floors":15}},{"type":"Feature","geometry":{"type":"Polygon","coordinates":[[[129.065007,35.182955],[129.065508,35.183497],[129.065428,35.183547],[129.065201,35.183301],[129.065015,35.183416],[129.064964,35.183361],[129.065137,35.183254],[129.064913,35.183012],[129.065007,35.182955]]]},"properties":{"class":"apartments","subtype":"residential","num_floors":15}},{"type":"Feature","geometry":{"type":"Polygon","coordinates":[[[129.067249,35.183365],[129.067151,35.183414],[129.067079,35.18332],[129.067153,35.183282],[129.066804,35.182824],[129.066662,35.182896],[129.066599,35.182813],[129.066771,35.182725],[129.066747,35.182692],[129.066807,35.182661],[129.067271,35.18327],[129.067271,35.183289],[129.067259,35.183302],[129.067279,35.183327],[129.067237,35.183349],[129.067249,35.183365]]]},"properties":{"name":"거성중학교","subtype":"education"}},{"type":"Feature","geometry":{"type":"Polygon","coordinates":[[[129.067097,35.183506],[129.066856,35.18362],[129.066833,35.183587],[129.066786,35.183609],[129.066721,35.183516],[129.066668,35.183541],[129.066637,35.183498],[129.066978,35.183337],[129.067097,35.183506]]]},"properties":{}},{"type":"Feature","geometry":{"type":"Polygon","coordinates":[[[129.067987,35.183355],[129.068108,35.183357],[129.068098,35.183646],[129.067978,35.183644],[129.067987,35.183355]]]},"properties":{"class":"apartments","subtype":"residential","num_floors":18}},{"type":"Feature","geometry":{"type":"Polygon","coordinates":[[[129.067457,35.182737],[129.067069,35.182782],[129.067382,35.183176],[129.067277,35.183232],[129.066909,35.182769],[129.066897,35.1827],[129.06744,35.182637],[129.067457,35.182737]]]},"properties":{"name":"계성정보고등학교","subtype":"education"}},{"type":"Feature","geometry":{"type":"Polygon","coordinates":[[[129.067505,35.183147],[129.067455,35.183153],[129.067449,35.183122],[129.0674,35.183128],[129.067398,35.183116],[129.067348,35.183122],[129.067283,35.182762],[129.067461,35.182741],[129.067525,35.183095],[129.067496,35.183098],[129.067505,35.183147]]]},"properties":{"subtype":"education"}},{"type":"Feature","geometry":{"type":"Polygon","coordinates":[[[129.067991,35.182689],[129.068045,35.182685],[129.068051,35.182751],[129.067997,35.182755],[129.067991,35.182689]]]},"properties":{}},{"type":"Feature","geometry":{"type":"Polygon","coordinates":[[[129.067795,35.182697],[129.067502,35.182727],[129.067485,35.182618],[129.067961,35.182569],[129.067978,35.182684],[129.067878,35.182694],[129.067883,35.182732],[129.067801,35.18274],[129.067795,35.182697]]]},"properties":{}},{"type":"Feature","geometry":{"type":"Polygon","coordinates":[[[129.066287,35.183145],[129.066158,35.183141],[129.066092,35.183047],[129.065697,35.182747],[129.065372,35.1824],[129.065267,35.182274],[129.065286,35.182224],[129.065693,35.18208],[129.066049,35.181963],[129.06626,35.182147],[129.066534,35.182254],[129.066705,35.182277],[129.066729,35.182316],[129.066287,35.183145]]]},"properties":{"name":"유림아시아드타워아파트","class":"apartments","subtype":"residential","num_floors":25}},{"type":"Feature","geometry":{"type":"Polygon","coordinates":[[[129.066329,35.182913],[129.065796,35.182687],[129.065852,35.182615],[129.066375,35.182806],[129.066329,35.182913]]]},"properties":{"name":"202동","class":"apartments","subtype":"residential","num_floors":25}},{"type":"Feature","geometry":{"type":"Polygon","coordinates":[[[129.065824,35.182542],[129.065726,35.182588],[129.065404,35.182222],[129.065516,35.182164],[129.065824,35.182542]]]},"properties":{"name":"201동","class":"apartments","subtype":"residential","num_floors":25}},{"type":"Feature","geometry":{"type":"Polygon","coordinates":[[[129.065059,35.18231],[129.064959,35.182343],[129.064909,35.182241],[129.065009,35.182208],[129.065059,35.18231]]]},"properties":{}},{"type":"Feature","geometry":{"type":"Polygon","coordinates":[[[129.065301,35.182556],[129.065183,35.182624],[129.065142,35.182578],[129.065093,35.182608],[129.064955,35.182437],[129.065118,35.182353],[129.065301,35.182556]]]},"properties":{"name":"만수사","subtype":"religious"}},{"type":"Feature","geometry":{"type":"Polygon","coordinates":[[[129.064813,35.18221],[129.0648,35.182145],[129.064854,35.182138],[129.064866,35.182203],[129.064813,35.18221]]]},"properties":{}},{"type":"Feature","geometry":{"type":"Polygon","coordinates":[[[129.064711,35.182038],[129.064751,35.18212],[129.064676,35.182145],[129.064636,35.182063],[129.064711,35.182038]]]},"properties":{}},{"type":"Feature","geometry":{"type":"Polygon","coordinates":[[[129.06482,35.18209],[129.064766,35.182046],[129.064793,35.182024],[129.064847,35.182068],[129.06482,35.18209]]]},"properties":{}},{"type":"Feature","geometry":{"type":"Polygon","coordinates":[[[129.064835,35.181987],[129.064926,35.181969],[129.064949,35.182044],[129.064857,35.182062],[129.064835,35.181987]]]},"properties":{}},{"type":"Feature","geometry":{"type":"Polygon","coordinates":[[[129.064914,35.182208],[129.064869,35.182081],[129.064947,35.182063],[129.064992,35.182189],[129.064914,35.182208]]]},"properties":{}},{"type":"Feature","geometry":{"type":"Polygon","coordinates":[[[129.065264,35.182183],[129.065158,35.182223],[129.065113,35.182119],[129.06522,35.18208],[129.065264,35.182183]]]},"properties":{"name":"삼태극 한의원","subtype":"medical"}},{"type":"Feature","geometry":{"type":"Polygon","coordinates":[[[129.066836,35.182137],[129.066823,35.182198],[129.066738,35.182185],[129.066752,35.182124],[129.066836,35.182137]]]},"properties":{}},{"type":"Feature","geometry":{"type":"Polygon","coordinates":[[[129.067032,35.182215],[129.06688,35.182206],[129.066885,35.182144],[129.067037,35.182153],[129.067032,35.182215]]]},"properties":{}},{"type":"Feature","geometry":{"type":"Polygon","coordinates":[[[129.066627,35.182409],[129.066563,35.182516],[129.066056,35.182304],[129.066007,35.182244],[129.065833,35.18206],[129.065948,35.182023],[129.066115,35.182192],[129.066627,35.182409]]]},"properties":{"name":"203동","class":"apartments","subtype":"residential","num_floors":17}},{"type":"Feature","geometry":{"type":"Polygon","coordinates":[[[129.06771,35.182298],[129.067633,35.182297],[129.067634,35.182251],[129.067711,35.182252],[129.06771,35.182298]]]},"properties":{}},{"type":"Feature","geometry":{"type":"Polygon","coordinates":[[[129.067944,35.18212],[129.067938,35.182182],[129.067843,35.182175],[129.067849,35.182113],[129.067944,35.18212]]]},"properties":{}},{"type":"Feature","geometry":{"type":"Polygon","coordinates":[[[129.067246,35.182246],[129.067257,35.182185],[129.067445,35.182207],[129.067434,35.182269],[129.067246,35.182246]]]},"properties":{}},{"type":"Feature","geometry":{"type":"Polygon","coordinates":[[[129.067462,35.182137],[129.067471,35.182052],[129.067566,35.182058],[129.067557,35.182143],[129.067462,35.182137]]]},"properties":{}},{"type":"Feature","geometry":{"type":"Polygon","coordinates":[[[129.067399,35.182168],[129.067268,35.182146],[129.067283,35.182085],[129.067414,35.182107],[129.067399,35.182168]]]},"properties":{}},{"type":"Feature","geometry":{"type":"Polygon","coordinates":[[[129.067088,35.182089],[129.067104,35.181997],[129.067217,35.18201],[129.067201,35.182102],[129.067088,35.182089]]]},"properties":{}},{"type":"Feature","geometry":{"type":"Polygon","coordinates":[[[129.06706,35.18208],[129.066946,35.182069],[129.06696,35.181976],[129.067074,35.181988],[129.06706,35.18208]]]},"properties":{}},{"type":"Feature","geometry":{"type":"Polygon","coordinates":[[[129.067439,35.182029],[129.067424,35.18209],[129.067293,35.182069],[129.067308,35.182008],[129.067439,35.182029]]]},"properties":{}},{"type":"Feature","geometry":{"type":"Polygon","coordinates":[[[129.067771,35.182142],[129.067668,35.18213],[129.067675,35.182084],[129.067779,35.182095],[129.067771,35.182142]]]},"properties":{}},{"type":"Feature","geometry":{"type":"Polygon","coordinates":[[[129.068081,35.181982],[129.068195,35.181994],[129.068179,35.182094],[129.068066,35.182083],[129.068081,35.181982]]]},"properties":{}},{"type":"Feature","geometry":{"type":"Polygon","coordinates":[[[129.068459,35.182132],[129.06847,35.182054],[129.068565,35.182063],[129.068554,35.182141],[129.068459,35.182132]]]},"properties":{}},{"type":"Feature","geometry":{"type":"Polygon","coordinates":[[[129.068402,35.182294],[129.068421,35.182202],[129.068552,35.18222],[129.068534,35.182312],[129.068402,35.182294]]]},"properties":{}},{"type":"Feature","geometry":{"type":"Polygon","coordinates":[[[129.06881,35.182067],[129.068943,35.182049],[129.068961,35.182135],[129.068828,35.182154],[129.06881,35.182067]]]},"properties":{}},{"type":"Feature","geometry":{"type":"Polygon","coordinates":[[[129.069062,35.182521],[129.069058,35.182455],[129.069111,35.182453],[129.069115,35.182519],[129.069062,35.182521]]]},"properties":{}},{"type":"Feature","geometry":{"type":"Polygon","coordinates":[[[129.068897,35.182543],[129.068911,35.182418],[129.069025,35.182427],[129.069011,35.182551],[129.068897,35.182543]]]},"properties":{}},{"type":"Feature","geometry":{"type":"Polygon","coordinates":[[[129.068743,35.182508],[129.068756,35.182384],[129.06885,35.18239],[129.068838,35.182515],[129.068743,35.182508]]]},"properties":{}},{"type":"Feature","geometry":{"type":"Polygon","coordinates":[[[129.069049,35.182296],[129.069042,35.182397],[129.068909,35.182391],[129.068916,35.18229],[129.069049,35.182296]]]},"properties":{}},{"type":"Feature","geometry":{"type":"Polygon","coordinates":[[[129.068796,35.182225],[129.068891,35.182232],[129.06888,35.182325],[129.068785,35.182318],[129.068796,35.182225]]]},"properties":{}},{"type":"Feature","geometry":{"type":"Polygon","coordinates":[[[129.068668,35.182344],[129.068565,35.182327],[129.068588,35.182228],[129.068691,35.182244],[129.068668,35.182344]]]},"properties":{}},{"type":"Feature","geometry":{"type":"Polygon","coordinates":[[[129.068466,35.182398],[129.068454,35.182443],[129.068342,35.182423],[129.068355,35.182377],[129.068466,35.182398]]]},"properties":{}},{"type":"Feature","geometry":{"type":"Polygon","coordinates":[[[129.069102,35.182842],[129.068931,35.182838],[129.068937,35.182651],[129.069108,35.182655],[129.069102,35.182842]]]},"properties":{}},{"type":"Feature","geometry":{"type":"Polygon","coordinates":[[[129.068763,35.182795],[129.068761,35.182902],[129.068518,35.182899],[129.068513,35.183079],[129.068397,35.183077],[129.068404,35.182789],[129.068763,35.182795]]]},"properties":{"class":"apartments","subtype":"residential","num_floors":16}},{"type":"Feature","geometry":{"type":"Polygon","coordinates":[[[129.069197,35.182926],[129.069398,35.182905],[129.069427,35.183091],[129.069227,35.183112],[129.069197,35.182926]]]},"properties":{}},{"type":"Feature","geometry":{"type":"Polygon","coordinates":[[[129.070448,35.182602],[129.070372,35.182624],[129.070296,35.182448],[129.07036,35.182429],[129.070382,35.182481],[129.070598,35.182419],[129.070696,35.182648],[129.070493,35.182706],[129.070448,35.182602]]]},"properties":{}},{"type":"Feature","geometry":{"type":"Polygon","coordinates":[[[129.070834,35.182631],[129.070789,35.18247],[129.070934,35.182443],[129.070979,35.182604],[129.070834,35.182631]]]},"properties":{}},{"type":"Feature","geometry":{"type":"Polygon","coordinates":[[[129.071341,35.182795],[129.071366,35.182881],[129.071235,35.182906],[129.07121,35.182821],[129.071341,35.182795]]]},"properties":{}},{"type":"Feature","geometry":{"type":"Polygon","coordinates":[[[129.072107,35.182728],[129.072088,35.182689],[129.072111,35.182625],[129.072199,35.182596],[129.072242,35.182683],[129.072107,35.182728]]]},"properties":{"name":"세븐일레븐","class":"commercial","subtype":"commercial","num_floors":4}},{"type":"Feature","geometry":{"type":"Polygon","coordinates":[[[129.072032,35.18249],[129.071994,35.182431],[129.072042,35.18241],[129.07208,35.182469],[129.072032,35.18249]]]},"properties":{}},{"type":"Feature","geometry":{"type":"Polygon","coordinates":[[[129.072261,35.182456],[129.072175,35.182488],[129.072114,35.182378],[129.0722,35.182346],[129.072261,35.182456]]]},"properties":{}},{"type":"Feature","geometry":{"type":"Polygon","coordinates":[[[129.071938,35.182406],[129.071898,35.182336],[129.071983,35.182304],[129.072023,35.182373],[129.071938,35.182406]]]},"properties":{}},{"type":"Feature","geometry":{"type":"Polygon","coordinates":[[[129.071653,35.182273],[129.071718,35.182401],[129.071624,35.182433],[129.071614,35.182413],[129.071495,35.182454],[129.071455,35.182374],[129.071559,35.182339],[129.071545,35.18231],[129.071653,35.182273]]]},"properties":{"class":"apartments","subtype":"residential","num_floors":14}},{"type":"Feature","geometry":{"type":"Polygon","coordinates":[[[129.07125,35.182484],[129.071137,35.182236],[129.071246,35.182203],[129.07136,35.182451],[129.07125,35.182484]]]},"properties":{"class":"apartments","subtype":"residential","num_floors":14}},{"type":"Feature","geometry":{"type":"Polygon","coordinates":[[[129.07041,35.182365],[129.070407,35.182319],[129.070445,35.182317],[129.070448,35.182364],[129.07041,35.182365]]]},"properties":{}},{"type":"Feature","geometry":{"type":"Polygon","coordinates":[[[129.070967,35.182175],[129.071028,35.182309],[129.070952,35.182332],[129.070906,35.182229],[129.070842,35.182248],[129.070768,35.182082],[129.070844,35.18206],[129.070904,35.182194],[129.070967,35.182175]]]},"properties":{}},{"type":"Feature","geometry":{"type":"Polygon","coordinates":[[[129.070426,35.182144],[129.07028,35.182201],[129.070233,35.182122],[129.070379,35.182064],[129.070426,35.182144]]]},"properties":{}},{"type":"Feature","geometry":{"type":"Polygon","coordinates":[[[129.070268,35.18197],[129.070319,35.182047],[129.070271,35.182068],[129.07022,35.18199],[129.070268,35.18197]]]},"properties":{}},{"type":"Feature","geometry":{"type":"Polygon","coordinates":[[[129.071892,35.182321],[129.071832,35.182234],[129.071914,35.182196],[129.071974,35.182282],[129.071892,35.182321]]]},"properties":{}},{"type":"Feature","geometry":{"type":"Polygon","coordinates":[[[129.072116,35.182258],[129.072077,35.182288],[129.072022,35.18224],[129.072061,35.18221],[129.072116,35.182258]]]},"properties":{}},{"type":"Feature","geometry":{"type":"Polygon","coordinates":[[[129.072224,35.182174],[129.072279,35.182262],[129.072218,35.182287],[129.072164,35.182198],[129.072224,35.182174]]]},"properties":{}},{"type":"Feature","geometry":{"type":"Polygon","coordinates":[[[129.071806,35.182004],[129.071835,35.182053],[129.07175,35.182086],[129.071721,35.182037],[129.071806,35.182004]]]},"properties":{}},{"type":"Feature","geometry":{"type":"Polygon","coordinates":[[[129.072275,35.182023],[129.072304,35.182073],[129.072244,35.182097],[129.072214,35.182047],[129.072275,35.182023]]]},"properties":{}},{"type":"Feature","geometry":{"type":"Polygon","coordinates":[[[129.077292,35.17207],[129.077355,35.172051],[129.077378,35.172103],[129.077314,35.172122],[129.077292,35.17207]]]},"properties":{}},{"type":"Feature","geometry":{"type":"Polygon","coordinates":[[[129.077222,35.172126],[129.077212,35.172083],[129.077264,35.172074],[129.077275,35.172117],[129.077222,35.172126]]]},"properties":{}},{"type":"Feature","geometry":{"type":"Polygon","coordinates":[[[129.077251,35.172238],[129.077227,35.172163],[129.077292,35.172149],[129.077316,35.172224],[129.077251,35.172238]]]},"properties":{}},{"type":"Feature","geometry":{"type":"Polygon","coordinates":[[[129.077293,35.172363],[129.077252,35.172281],[129.077327,35.172256],[129.077368,35.172338],[129.077293,35.172363]]]},"properties":{}},{"type":"Feature","geometry":{"type":"Polygon","coordinates":[[[129.077444,35.172337],[129.077498,35.172304],[129.077538,35.172348],[129.077484,35.172381],[129.077444,35.172337]]]},"properties":{}},{"type":"Feature","geometry":{"type":"Polygon","coordinates":[[[129.077372,35.172242],[129.077458,35.172211],[129.077497,35.172281],[129.07741,35.172312],[129.077372,35.172242]]]},"properties":{}},{"type":"Feature","geometry":{"type":"Polygon","coordinates":[[[129.077365,35.172208],[129.07734,35.172145],[129.077416,35.172124],[129.077442,35.172187],[129.077365,35.172208]]]},"properties":{}},{"type":"Feature","geometry":{"type":"Polygon","coordinates":[[[129.077585,35.172193],[129.077547,35.172189],[129.077552,35.172158],[129.07759,35.172162],[129.077585,35.172193]]]},"properties":{}},{"type":"Feature","geometry":{"type":"Polygon","coordinates":[[[129.078197,35.172037],[129.077814,35.172268],[129.077734,35.172179],[129.078205,35.171895],[129.078383,35.172092],[129.078295,35.172145],[129.078197,35.172037]]]},"properties":{"class":"apartments","subtype":"residential","height":75.0,"num_floors":27}},{"type":"Feature","geometry":{"type":"Polygon","coordinates":[[[129.078962,35.172192],[129.078579,35.172423],[129.078499,35.172334],[129.07897,35.17205],[129.079148,35.172247],[129.07906,35.1723],[129.078962,35.172192]]]},"properties":{"class":"apartments","subtype":"residential","height":92.0,"num_floors":32}},{"type":"Feature","geometry":{"type":"Polygon","coordinates":[[[129.079265,35.172121],[129.079213,35.172102],[129.079244,35.172045],[129.079296,35.172064],[129.079265,35.172121]]]},"properties":{}},{"type":"Feature","geometry":{"type":"Polygon","coordinates":[[[129.081544,35.172004],[129.081664,35.172036],[129.081625,35.172141],[129.081587,35.172204],[129.081282,35.172135],[129.081349,35.171961],[129.081544,35.172004]]]},"properties":{"name":"106동","class":"apartments","subtype":"residential","num_floors":19}},{"type":"Feature","geometry":{"type":"Polygon","coordinates":[[[129.081002,35.171966],[129.081184,35.172018],[129.081132,35.172135],[129.080958,35.172075],[129.080824,35.172386],[129.080645,35.172309],[129.080846,35.171924],[129.081002,35.171966]]]},"properties":{"name":"105동","class":"apartments","subtype":"residential","num_floors":29}},{"type":"Feature","geometry":{"type":"Polygon","coordinates":[[[129.080118,35.171867],[129.079735,35.172098],[129.079655,35.17201],[129.080126,35.171726],[129.080304,35.171923],[129.080215,35.171976],[129.080118,35.171867]]]},"properties":{"class":"apartments","subtype":"residential","height":92.0,"num_floors":32}},{"type":"Feature","geometry":{"type":"Polygon","coordinates":[[[129.079871,35.172345],[129.079488,35.172576],[129.079408,35.172487],[129.079879,35.172203],[129.080057,35.172401],[129.079969,35.172454],[129.079871,35.172345]]]},"properties":{"class":"apartments","subtype":"residential","height":98.0,"num_floors":34}},{"type":"Feature","geometry":{"type":"Polygon","coordinates":[[[129.08048,35.173399],[129.080742,35.173536],[129.080649,35.173645],[129.080533,35.173572],[129.080441,35.173701],[129.080309,35.173626],[129.080414,35.173497],[129.08048,35.173399]]]},"properties":{"name":"102동","class":"apartments","subtype":"residential","height":102.0,"num_floors":36}},{"type":"Feature","geometry":{"type":"Polygon","coordinates":[[[129.080696,35.173004],[129.080841,35.173083],[129.080757,35.17317],[129.08061,35.173091],[129.080443,35.173345],[129.080292,35.173287],[129.08054,35.172928],[129.080696,35.173004]]]},"properties":{"name":"103동","class":"apartments","subtype":"residential","height":99.0,"num_floors":35}},{"type":"Feature","geometry":{"type":"Polygon","coordinates":[[[129.080844,35.172528],[129.081003,35.172583],[129.080928,35.172716],[129.080744,35.172633],[129.080605,35.17288],[129.080436,35.17281],[129.080665,35.172452],[129.080844,35.172528]]]},"properties":{"name":"104동","class":"apartments","subtype":"residential","height":97.0,"num_floors":34}},{"type":"Feature","geometry":{"type":"Polygon","coordinates":[[[129.081295,35.172413],[129.081475,35.172463],[129.081431,35.172567],[129.081251,35.172516],[129.081295,35.172413]]]},"properties":{}},{"type":"Feature","geometry":{"type":"Polygon","coordinates":[[[129.08207,35.172885],[129.082215,35.17296],[129.082161,35.173021],[129.082105,35.173088],[129.082008,35.173199],[129.081863,35.173116],[129.08207,35.172885]]]},"properties":{"name":"111동","class":"apartments","subtype":"residential","num_floors":17}},{"type":"Feature","geometry":{"type":"Polygon","coordinates":[[[129.081635,35.17322],[129.081879,35.173359],[129.081792,35.173473],[129.08167,35.173392],[129.08157,35.17352],[129.081442,35.173459],[129.081635,35.17322]]]},"properties":{"name":"109동","class":"apartments","subtype":"residential","height":102.0,"num_floors":36}},{"type":"Feature","geometry":{"type":"Polygon","coordinates":[[[129.082274,35.173723],[129.082202,35.173795],[129.082039,35.173687],[129.082111,35.173615],[129.082274,35.173723]]]},"properties":{}},{"type":"Feature","geometry":{"type":"Polygon","coordinates":[[[129.081632,35.173698],[129.081872,35.173818],[129.081812,35.173916],[129.081668,35.173843],[129.081571,35.173979],[129.081453,35.173906],[129.081632,35.173698]]]},"properties":{"name":"108동","class":"apartments","subtype":"residential","height":102.0,"num_floors":36}},{"type":"Feature","geometry":{"type":"Polygon","coordinates":[[[129.081074,35.174182],[129.081017,35.174244],[129.080956,35.174207],[129.081013,35.174144],[129.081074,35.174182]]]},"properties":{}},{"type":"Feature","geometry":{"type":"Polygon","coordinates":[[[129.082053,35.174108],[129.081996,35.17416],[129.082109,35.174243],[129.082051,35.174295],[129.081924,35.174201],[129.082058,35.17408],[129.082107,35.174116],[129.082088,35.174134],[129.082053,35.174108]]]},"properties":{}},{"type":"Feature","geometry":{"type":"Polygon","coordinates":[[[129.081961,35.174519],[129.081915,35.174465],[129.082102,35.174357],[129.082195,35.174465],[129.082074,35.174535],[129.082027,35.174481],[129.081961,35.174519]]]},"properties":{}},{"type":"Feature","geometry":{"type":"Polygon","coordinates":[[[129.081705,35.174147],[129.081841,35.17421],[129.081757,35.174327],[129.08162,35.17426],[129.081439,35.174522],[129.081298,35.174448],[129.081569,35.174078],[129.081705,35.174147]]]},"properties":{"name":"107동","class":"apartments","subtype":"residential","num_floors":29}},{"type":"Feature","geometry":{"type":"Polygon","coordinates":[[[129.082155,35.175138],[129.082084,35.175117],[129.082115,35.175044],[129.082187,35.175064],[129.082155,35.175138]]]},"properties":{}},{"type":"Feature","geometry":{"type":"Polygon","coordinates":[[[129.081062,35.174963],[129.081141,35.175007],[129.08105,35.175116],[129.080971,35.175073],[129.081062,35.174963]]]},"properties":{}},{"type":"Feature","geometry":{"type":"Polygon","coordinates":[[[129.080293,35.175281],[129.080316,35.175189],[129.08039,35.175202],[129.080367,35.175293],[129.080293,35.175281]]]},"properties":{}},{"type":"Feature","geometry":{"type":"Polygon","coordinates":[[[129.080875,35.173954],[129.08104,35.174039],[129.08096,35.174146],[129.080633,35.173958],[129.080497,35.174136],[129.080386,35.174076],[129.080472,35.173948],[129.080584,35.173789],[129.080875,35.173954]]]},"properties":{"name":"101동","class":"apartments","subtype":"residential","num_floors":22}},{"type":"Feature","geometry":{"type":"Polygon","coordinates":[[[129.080004,35.174118],[129.080028,35.174084],[129.079929,35.174038],[129.08002,35.17391],[129.080242,35.174015],[129.080128,35.174177],[129.080004,35.174118]]]},"properties":{}},{"type":"Feature","geometry":{"type":"Polygon","coordinates":[[[129.079884,35.174769],[129.079953,35.174796],[129.07992,35.174852],[129.079851,35.174826],[129.079884,35.174769]]]},"properties":{}},{"type":"Feature","geometry":{"type":"Polygon","coordinates":[[[129.080006,35.174886],[129.07996,35.174875],[129.079973,35.174838],[129.080019,35.174848],[129.080006,35.174886]]]},"properties":{}},{"type":"Feature","geometry":{"type":"Polygon","coordinates":[[[129.080053,35.174909],[129.080102,35.174872],[129.080149,35.174912],[129.080099,35.174949],[129.080053,35.174909]]]},"properties":{}},{"type":"Feature","geometry":{"type":"Polygon","coordinates":[[[129.08003,35.175219],[129.080216,35.175192],[129.080244,35.175323],[129.080058,35.175349],[129.08003,35.175219]]]},"properties":{}},{"type":"Feature","geometry":{"type":"Polygon","coordinates":[[[129.079884,35.175245],[129.079817,35.17525],[129.079796,35.175075],[129.079863,35.175069],[129.079884,35.175245]]]},"properties":{}},{"type":"Feature","geometry":{"type":"Polygon","coordinates":[[[129.079306,35.175428],[129.079302,35.175406],[129.079581,35.175369],[129.079575,35.175337],[129.079163,35.175391],[129.079128,35.175217],[129.079674,35.175145],[129.079719,35.175374],[129.079306,35.175428]]]},"properties":{}},{"type":"Feature","geometry":{"type":"Polygon","coordinates":[[[129.079254,35.174524],[129.079362,35.174566],[129.079249,35.174761],[129.079141,35.17472],[129.079254,35.174524]]]},"properties":{"class":"apartments","subtype":"residential","num_floors":9}},{"type":"Feature","geometry":{"type":"Polygon","coordinates":[[[129.078604,35.174729],[129.078654,35.174751],[129.07861,35.17482],[129.07856,35.174798],[129.078604,35.174729]]]},"properties":{}},{"type":"Feature","geometry":{"type":"Polygon","coordinates":[[[129.078873,35.174298],[129.07896,35.17433],[129.07893,35.174387],[129.078843,35.174356],[129.078873,35.174298]]]},"properties":{}},{"type":"Feature","geometry":{"type":"Polygon","coordinates":[[[129.078909,35.174449],[129.078842,35.174603],[129.07877,35.174582],[129.078837,35.174428],[129.078909,35.174449]]]},"properties":{}},{"type":"Feature","geometry":{"type":"Polygon","coordinates":[[[129.078708,35.174395],[129.07865,35.17451],[129.078615,35.174498],[129.078673,35.174383],[129.078708,35.174395]]]},"properties":{}},{"type":"Feature","geometry":{"type":"Polygon","coordinates":[[[129.078528,35.174128],[129.078629,35.174172],[129.078584,35.174241],[129.078483,35.174197],[129.078528,35.174128]]]},"properties":{}},{"type":"Feature","geometry":{"type":"Polygon","coordinates":[[[129.078588,35.173952],[129.078623,35.173965],[129.078593,35.174022],[129.078558,35.17401],[129.078588,35.173952]]]},"properties":{}},{"type":"Feature","geometry":{"type":"Polygon","coordinates":[[[129.078518,35.173992],[129.078449,35.173966],[129.078481,35.17391],[129.07855,35.173936],[129.078518,35.173992]]]},"properties":{}},{"type":"Feature","geometry":{"type":"Polygon","coordinates":[[[129.078698,35.174075],[129.078629,35.174048],[129.07866,35.173992],[129.07873,35.174018],[129.078698,35.174075]]]},"properties":{}},{"type":"Feature","geometry":{"type":"Polygon","coordinates":[[[129.079139,35.174169],[129.079097,35.174239],[129.07902,35.174208],[129.079062,35.174138],[129.079139,35.174169]]]},"properties":{}},{"type":"Feature","geometry":{"type":"Polygon","coordinates":[[[129.078895,35.173981],[129.078915,35.173938],[129.078987,35.17396],[129.078967,35.174003],[129.078895,35.173981]]]},"properties":{}},{"type":"Feature","geometry":{"type":"Polygon","coordinates":[[[129.079184,35.173901],[129.079383,35.173976],[129.079333,35.174065],[129.079134,35.17399],[129.079184,35.173901]]]},"properties":{"class":"apartments","subtype":"residential","num_floors":10}},{"type":"Feature","geometry":{"type":"Polygon","coordinates":[[[129.079502,35.174263],[129.079904,35.174416],[129.079845,35.17452],[129.079442,35.174368],[129.079502,35.174263]]]},"properties":{"class":"apartments","subtype":"residential","num_floors":15}},{"type":"Feature","geometry":{"type":"Polygon","coordinates":[[[129.079346,35.173293],[129.078964,35.173523],[129.078884,35.173435],[129.079354,35.173151],[129.079532,35.173348],[129.079444,35.173401],[129.079346,35.173293]]]},"properties":{"class":"apartments","subtype":"residential","height":83.0,"num_floors":29}},{"type":"Feature","geometry":{"type":"Polygon","coordinates":[[[129.079576,35.172837],[129.079194,35.173068],[129.079114,35.17298],[129.079585,35.172696],[129.079762,35.172893],[129.079674,35.172946],[129.079576,35.172837]]]},"properties":{"class":"apartments","subtype":"residential","height":101.0,"num_floors":35}},{"type":"Feature","geometry":{"type":"Polygon","coordinates":[[[129.078895,35.172543],[129.078971,35.172548],[129.078965,35.17261],[129.078889,35.172605],[129.078895,35.172543]]]},"properties":{}},{"type":"Feature","geometry":{"type":"Polygon","coordinates":[[[129.078766,35.172666],[129.078383,35.172897],[129.078303,35.172809],[129.078774,35.172525],[129.078952,35.172722],[129.078864,35.172775],[129.078766,35.172666]]]},"properties":{"class":"apartments","subtype":"residential","height":98.0,"num_floors":34}},{"type":"Feature","geometry":{"type":"Polygon","coordinates":[[[129.078821,35.173331],[129.078702,35.173401],[129.078468,35.173135],[129.078332,35.173215],[129.078264,35.173138],[129.078519,35.172988],[129.078821,35.173331]]]},"properties":{"class":"apartments","subtype":"residential","height":75.0,"num_floors":26}},{"type":"Feature","geometry":{"type":"Polygon","coordinates":[[[129.078559,35.173404],[129.078532,35.173462],[129.078407,35.173422],[129.078435,35.173364],[129.078559,35.173404]]]},"properties":{}},{"type":"Feature","geometry":{"type":"Polygon","coordinates":[[[129.078688,35.173509],[129.078638,35.173487],[129.078665,35.173446],[129.078716,35.173468],[129.078688,35.173509]]]},"properties":{}},{"type":"Feature","geometry":{"type":"Polygon","coordinates":[[[129.078758,35.173502],[129.078847,35.17353],[129.078827,35.173573],[129.078738,35.173546],[129.078758,35.173502]]]},"properties":{}},{"type":"Feature","geometry":{"type":"Polygon","coordinates":[[[129.078969,35.17362],[129.078901,35.173592],[129.078918,35.173565],[129.078986,35.173593],[129.078969,35.17362]]]},"properties":{}},{"type":"Feature","geometry":{"type":"Polygon","coordinates":[[[129.078972,35.173858],[129.078972,35.173897],[129.078943,35.173896],[129.078944,35.173857],[129.078972,35.173858]]]},"properties":{}},{"type":"Feature","geometry":{"type":"Polygon","coordinates":[[[129.078886,35.173785],[129.078853,35.173841],[129.07875,35.1738],[129.078783,35.173744],[129.078886,35.173785]]]},"properties":{}},{"type":"Feature","geometry":{"type":"Polygon","coordinates":[[[129.078742,35.173962],[129.078495,35.173845],[129.078533,35.173791],[129.07878,35.173908],[129.078742,35.173962]]]},"properties":{}},{"type":"Feature","geometry":{"type":"Polygon","coordinates":[[[129.078675,35.173767],[129.078704,35.173727],[129.078737,35.173743],[129.078707,35.173783],[129.078675,35.173767]]]},"properties":{}},{"type":"Feature","geometry":{"type":"Polygon","coordinates":[[[129.078606,35.173763],[129.078555,35.173743],[129.078596,35.173673],[129.078648,35.173693],[129.078606,35.173763]]]},"properties":{}},{"type":"Feature","geometry":{"type":"Polygon","coordinates":[[[129.078478,35.173757],[129.078439,35.173828],[129.078352,35.173796],[129.078391,35.173725],[129.078478,35.173757]]]},"properties":{}},{"type":"Feature","geometry":{"type":"Polygon","coordinates":[[[129.078309,35.173631],[129.078351,35.173561],[129.078556,35.173642],[129.078515,35.173713],[129.078309,35.173631]]]},"properties":{}},{"type":"Feature","geometry":{"type":"Polygon","coordinates":[[[129.07818,35.173725],[129.078128,35.173704],[129.078162,35.173649],[129.078213,35.173669],[129.07818,35.173725]]]},"properties":{}},{"type":"Feature","geometry":{"type":"Polygon","coordinates":[[[129.078353,35.173713],[129.078323,35.17377],[129.078235,35.173739],[129.078265,35.173682],[129.078353,35.173713]]]},"properties":{}},{"type":"Feature","geometry":{"type":"Polygon","coordinates":[[[129.078257,35.173918],[129.078168,35.17389],[129.078216,35.173789],[129.078305,35.173817],[129.078257,35.173918]]]},"properties":{}},{"type":"Feature","geometry":{"type":"Polygon","coordinates":[[[129.078118,35.173856],[129.07805,35.173829],[129.078099,35.173745],[129.078168,35.173772],[129.078118,35.173856]]]},"properties":{}},{"type":"Feature","geometry":{"type":"Polygon","coordinates":[[[129.077826,35.173751],[129.077859,35.173695],[129.077945,35.173728],[129.077912,35.173785],[129.077826,35.173751]]]},"properties":{}},{"type":"Feature","geometry":{"type":"Polygon","coordinates":[[[129.07796,35.173468],[129.077944,35.173528],[129.077935,35.173527],[129.077955,35.173451],[129.078057,35.173469],[129.078053,35.173484],[129.07796,35.173468]]]},"properties":{}},{"type":"Feature","geometry":{"type":"Polygon","coordinates":[[[129.078059,35.172569],[129.077676,35.1728],[129.077596,35.172711],[129.078067,35.172427],[129.078245,35.172624],[129.078157,35.172677],[129.078059,35.172569]]]},"properties":{"class":"apartments","subtype":"residential","height":81.0,"num_floors":28}},{"type":"Feature","geometry":{"type":"Polygon","coordinates":[[[129.078224,35.173083],[129.078102,35.173165],[129.07784,35.172906],[129.077962,35.172824],[129.078224,35.173083]]]},"properties":{"class":"apartments","subtype":"residential","height":63.0,"num_floors":22}},{"type":"Feature","geometry":{"type":"Polygon","coordinates":[[[129.077792,35.173179],[129.077671,35.173132],[129.077712,35.173062],[129.077833,35.173109],[129.077792,35.173179]]]},"properties":{}},{"type":"Feature","geometry":{"type":"Polygon","coordinates":[[[129.077489,35.173049],[129.077532,35.172963],[129.077585,35.17298],[129.077541,35.173067],[129.077489,35.173049]]]},"properties":{}},{"type":"Feature","geometry":{"type":"Polygon","coordinates":[[[129.077695,35.173044],[129.077653,35.173114],[129.077568,35.17308],[129.07761,35.17301],[129.077695,35.173044]]]},"properties":{}},{"type":"Feature","geometry":{"type":"Polygon","coordinates":[[[129.077662,35.172852],[129.077615,35.172844],[129.077623,35.172814],[129.07767,35.172821],[129.077662,35.172852]]]},"properties":{}},{"type":"Feature","geometry":{"type":"Polygon","coordinates":[[[129.077752,35.172985],[129.077648,35.172947],[129.077667,35.172912],[129.077772,35.17295],[129.077752,35.172985]]]},"properties":{}},{"type":"Feature","geometry":{"type":"Polygon","coordinates":[[[129.07786,35.173017],[129.077809,35.172996],[129.077827,35.172968],[129.077878,35.17299],[129.07786,35.173017]]]},"properties":{}},{"type":"Feature","geometry":{"type":"Polygon","coordinates":[[[129.07769,35.172646],[129.077633,35.172675],[129.077569,35.17259],[129.077626,35.172561],[129.07769,35.172646]]]},"properties":{}},{"type":"Feature","geometry":{"type":"Polygon","coordinates":[[[129.077623,35.17276],[129.077618,35.172765],[129.077597,35.172765],[129.077586,35.172756],[129.077586,35.172751],[129.077581,35.172747],[129.077581,35.172738],[129.077586,35.172734],[129.077591,35.172734],[129.077597,35.17273],[129.077607,35.17273],[129.077607,35.172734],[129.077618,35.172743],[129.077618,35.172747],[129.077623,35.172751],[129.077623,35.17276]]]},"properties":{}},{"type":"Feature","geometry":{"type":"Polygon","coordinates":[[[129.077392,35.172499],[129.07745,35.172586],[129.07739,35.172612],[129.077333,35.172525],[129.077392,35.172499]]]},"properties":{}},{"type":"Feature","geometry":{"type":"Polygon","coordinates":[[[129.077311,35.172644],[129.077253,35.17257],[129.077299,35.172546],[129.077357,35.17262],[129.077311,35.172644]]]},"properties":{}},{"type":"Feature","geometry":{"type":"Polygon","coordinates":[[[129.077417,35.172759],[129.077357,35.172785],[129.0773,35.172697],[129.07736,35.172672],[129.077417,35.172759]]]},"properties":{}},{"type":"Feature","geometry":{"type":"Polygon","coordinates":[[[129.077315,35.172787],[129.077242,35.172815],[129.077196,35.172736],[129.077269,35.172708],[129.077315,35.172787]]]},"properties":{}},{"type":"Feature","geometry":{"type":"Polygon","coordinates":[[[129.077285,35.173192],[129.077405,35.17324],[129.077372,35.173296],[129.077252,35.173248],[129.077285,35.173192]]]},"properties":{}},{"type":"Feature","geometry":{"type":"Polygon","coordinates":[[[129.077359,35.173352],[129.077323,35.173407],[129.077222,35.173363],[129.077258,35.173308],[129.077359,35.173352]]]},"properties":{}},{"type":"Feature","geometry":{"type":"Polygon","coordinates":[[[129.077324,35.173467],[129.077304,35.173527],[129.077212,35.173506],[129.077232,35.173446],[129.077324,35.173467]]]},"properties":{}},{"type":"Feature","geometry":{"type":"Polygon","coordinates":[[[129.077836,35.173479],[129.077816,35.173522],[129.077736,35.173497],[129.077757,35.173453],[129.077836,35.173479]]]},"properties":{}},{"type":"Feature","geometry":{"type":"Polygon","coordinates":[[[129.07776,35.173589],[129.077709,35.173625],[129.077683,35.1736],[129.077733,35.173564],[129.07776,35.173589]]]},"properties":{}},{"type":"Feature","geometry":{"type":"Polygon","coordinates":[[[129.077811,35.173673],[129.077777,35.173729],[129.077692,35.173694],[129.077726,35.173638],[129.077811,35.173673]]]},"properties":{}},{"type":"Feature","geometry":{"type":"Polygon","coordinates":[[[129.077808,35.173842],[129.077892,35.173878],[129.077856,35.173933],[129.077772,35.173897],[129.077808,35.173842]]]},"properties":{}},{"type":"Feature","geometry":{"type":"Polygon","coordinates":[[[129.077788,35.173827],[129.07776,35.173885],[129.077671,35.173857],[129.077699,35.173799],[129.077788,35.173827]]]},"properties":{}},{"type":"Feature","geometry":{"type":"Polygon","coordinates":[[[129.077653,35.173785],[129.077651,35.17384],[129.077594,35.173838],[129.077596,35.173784],[129.077653,35.173785]]]},"properties":{}},{"type":"Feature","geometry":{"type":"Polygon","coordinates":[[[129.077527,35.173843],[129.077614,35.173876],[129.077582,35.173932],[129.077495,35.1739],[129.077527,35.173843]]]},"properties":{}},{"type":"Feature","geometry":{"type":"Polygon","coordinates":[[[129.077537,35.17363],[129.077447,35.173605],[129.077478,35.173531],[129.077568,35.173556],[129.077537,35.17363]]]},"properties":{}},{"type":"Feature","geometry":{"type":"Polygon","coordinates":[[[129.077231,35.173693],[129.077269,35.173622],[129.077496,35.173704],[129.077457,35.173775],[129.077231,35.173693]]]},"properties":{}},{"type":"Feature","geometry":{"type":"Polygon","coordinates":[[[129.077319,35.173779],[129.077427,35.17381],[129.077402,35.173869],[129.077294,35.173837],[129.077319,35.173779]]]},"properties":{}},{"type":"Feature","geometry":{"type":"Polygon","coordinates":[[[129.077209,35.174012],[129.077243,35.173956],[129.077328,35.17399],[129.077295,35.174046],[129.077209,35.174012]]]},"properties":{}},{"type":"Feature","geometry":{"type":"Polygon","coordinates":[[[129.07738,35.173903],[129.077351,35.173961],[129.077245,35.173925],[129.077274,35.173868],[129.07738,35.173903]]]},"properties":{}},{"type":"Feature","geometry":{"type":"Polygon","coordinates":[[[129.077469,35.173937],[129.077593,35.173978],[129.077521,35.174123],[129.077397,35.174082],[129.077469,35.173937]]]},"properties":{}},{"type":"Feature","geometry":{"type":"Polygon","coordinates":[[[129.077685,35.174472],[129.077717,35.174415],[129.077821,35.174454],[129.077789,35.17451],[129.077685,35.174472]]]},"properties":{}},{"type":"Feature","geometry":{"type":"Polygon","coordinates":[[[129.077637,35.174554],[129.077679,35.174484],[129.077765,35.174518],[129.077722,35.174588],[129.077637,35.174554]]]},"properties":{}},{"type":"Feature","geometry":{"type":"Polygon","coordinates":[[[129.077785,35.174608],[129.077817,35.174552],[129.077903,35.174584],[129.077872,35.174641],[129.077785,35.174608]]]},"properties":{}},{"type":"Feature","geometry":{"type":"Polygon","coordinates":[[[129.077839,35.17443],[129.077737,35.174387],[129.077786,35.174311],[129.077887,35.174354],[129.077839,35.17443]]]},"properties":{}},{"type":"Feature","geometry":{"type":"Polygon","coordinates":[[[129.077667,35.174199],[129.077563,35.174161],[129.077602,35.17409],[129.077706,35.174128],[129.077667,35.174199]]]},"properties":{}},{"type":"Feature","geometry":{"type":"Polygon","coordinates":[[[129.077656,35.173996],[129.077758,35.174038],[129.077723,35.174093],[129.077621,35.174051],[129.077656,35.173996]]]},"properties":{}},{"type":"Feature","geometry":{"type":"Polygon","coordinates":[[[129.077606,35.173946],[129.077636,35.173889],[129.077723,35.173921],[129.077693,35.173978],[129.077606,35.173946]]]},"properties":{}},{"type":"Feature","geometry":{"type":"Polygon","coordinates":[[[129.078005,35.173939],[129.077968,35.173994],[129.077885,35.173957],[129.077921,35.173902],[129.078005,35.173939]]]},"properties":{}},{"type":"Feature","geometry":{"type":"Polygon","coordinates":[[[129.077842,35.174042],[129.077865,35.173999],[129.077935,35.174024],[129.077912,35.174067],[129.077842,35.174042]]]},"properties":{}},{"type":"Feature","geometry":{"type":"Polygon","coordinates":[[[129.078012,35.174011],[129.078049,35.173957],[129.078099,35.17398],[129.078062,35.174034],[129.078012,35.174011]]]},"properties":{}},{"type":"Feature","geometry":{"type":"Polygon","coordinates":[[[129.078187,35.174109],[129.078086,35.174065],[129.078122,35.17401],[129.078223,35.174054],[129.078187,35.174109]]]},"properties":{}},{"type":"Feature","geometry":{"type":"Polygon","coordinates":[[[129.078383,35.173941],[129.078331,35.173922],[129.078355,35.173879],[129.078407,35.173899],[129.078383,35.173941]]]},"properties":{}},{"type":"Feature","geometry":{"type":"Polygon","coordinates":[[[129.078374,35.174152],[129.078475,35.174195],[129.078423,35.174278],[129.078321,35.174235],[129.078374,35.174152]]]},"properties":{}},{"type":"Feature","geometry":{"type":"Polygon","coordinates":[[[129.07825,35.174146],[129.07826,35.1741],[129.078316,35.174108],[129.078306,35.174154],[129.07825,35.174146]]]},"properties":{}},{"type":"Feature","geometry":{"type":"Polygon","coordinates":[[[129.078327,35.174416],[129.078276,35.174394],[129.078312,35.174339],[129.078363,35.174361],[129.078327,35.174416]]]},"properties":{}},{"type":"Feature","geometry":{"type":"Polygon","coordinates":[[[129.07848,35.174445],[129.078447,35.174483],[129.078385,35.174447],[129.078418,35.174409],[129.07848,35.174445]]]},"properties":{}},{"type":"Feature","geometry":{"type":"Polygon","coordinates":[[[129.078169,35.174489],[129.078272,35.174529],[129.078222,35.174613],[129.078119,35.174572],[129.078169,35.174489]]]},"properties":{}},{"type":"Feature","geometry":{"type":"Polygon","coordinates":[[[129.077986,35.174519],[129.07807,35.174555],[129.078035,35.17461],[129.077951,35.174574],[129.077986,35.174519]]]},"properties":{}},{"type":"Feature","geometry":{"type":"Polygon","coordinates":[[[129.078024,35.174432],[129.078116,35.174472],[129.078081,35.174527],[129.077988,35.174487],[129.078024,35.174432]]]},"properties":{}},{"type":"Feature","geometry":{"type":"Polygon","coordinates":[[[129.077914,35.17465],[129.077946,35.174594],[129.078024,35.174623],[129.077992,35.174679],[129.077914,35.17465]]]},"properties":{}},{"type":"Feature","geometry":{"type":"Polygon","coordinates":[[[129.078141,35.175181],[129.078232,35.175015],[129.078374,35.175067],[129.078283,35.175233],[129.078141,35.175181]]]},"properties":{"class":"apartments","subtype":"residential","num_floors":14}},{"type":"Feature","geometry":{"type":"Polygon","coordinates":[[[129.078361,35.17515],[129.078462,35.175209],[129.078429,35.175247],[129.078545,35.175315],[129.07845,35.175422],[129.078234,35.175295],[129.078361,35.17515]]]},"properties":{}},{"type":"Feature","geometry":{"type":"Polygon","coordinates":[[[129.077837,35.175243],[129.077903,35.175133],[129.078053,35.175193],[129.077986,35.175304],[129.077837,35.175243]]]},"properties":{"class":"apartments","subtype":"residential","num_floors":10}},{"type":"Feature","geometry":{"type":"Polygon","coordinates":[[[129.077541,35.175094],[129.077589,35.175011],[129.077883,35.175125],[129.077835,35.175208],[129.077541,35.175094]]]},"properties":{"class":"apartments","subtype":"residential","num_floors":15}},{"type":"Feature","geometry":{"type":"Polygon","coordinates":[[[129.0777,35.174643],[129.077658,35.174671],[129.077624,35.174637],[129.077666,35.174609],[129.0777,35.174643]]]},"properties":{}},{"type":"Feature","geometry":{"type":"Polygon","coordinates":[[[129.077206,35.174661],[129.077207,35.17463],[129.077322,35.174633],[129.07732,35.174664],[129.077206,35.174661]]]},"properties":{}},{"type":"Feature","geometry":{"type":"Polygon","coordinates":[[[129.077306,35.174914],[129.077421,35.174954],[129.077384,35.175026],[129.077269,35.174986],[129.077306,35.174914]]]},"properties":{"class":"apartments","subtype":"residential","num_floors":10}},{"type":"Feature","geometry":{"type":"Polygon","coordinates":[[[129.077395,35.175031],[129.077436,35.174956],[129.077571,35.175006],[129.07753,35.17508],[129.077395,35.175031]]]},"properties":{"class":"apartments","subtype":"residential","num_floors":8}},{"type":"Feature","geometry":{"type":"Polygon","coordinates":[[[129.077147,35.174974],[129.077225,35.175004],[129.077189,35.175068],[129.077111,35.175038],[129.077147,35.174974]]]},"properties":{"num_floors":10}},{"type":"Feature","geometry":{"type":"Polygon","coordinates":[[[129.076932,35.174903],[129.077087,35.17498],[129.077028,35.17506],[129.076873,35.174983],[129.076932,35.174903]]]},"properties":{}},{"type":"Feature","geometry":{"type":"Polygon","coordinates":[[[129.076769,35.174934],[129.076666,35.174893],[129.076715,35.174809],[129.076818,35.17485],[129.076769,35.174934]]]},"properties":{}},{"type":"Feature","geometry":{"type":"Polygon","coordinates":[[[129.076775,35.174641],[129.076778,35.174579],[129.076854,35.174582],[129.076851,35.174644],[129.076775,35.174641]]]},"properties":{}},{"type":"Feature","geometry":{"type":"Polygon","coordinates":[[[129.076879,35.174642],[129.076941,35.17462],[129.076956,35.174651],[129.076894,35.174672],[129.076879,35.174642]]]},"properties":{}},{"type":"Feature","geometry":{"type":"Polygon","coordinates":[[[129.077076,35.174774],[129.077008,35.174745],[129.077044,35.17469],[129.077111,35.174719],[129.077076,35.174774]]]},"properties":{}},{"type":"Feature","geometry":{"type":"Polygon","coordinates":[[[129.077064,35.174928],[129.076942,35.174883],[129.07699,35.174798],[129.077111,35.174843],[129.077064,35.174928]]]},"properties":{}},{"type":"Feature","geometry":{"type":"Polygon","coordinates":[[[129.077126,35.174936],[129.077164,35.174865],[129.077279,35.174907],[129.077241,35.174978],[129.077126,35.174936]]]},"properties":{"class":"apartments","subtype":"residential","num_floors":9}},{"type":"Feature","geometry":{"type":"Polygon","coordinates":[[[129.077189,35.174589],[129.077171,35.174642],[129.077116,35.17463],[129.077134,35.174577],[129.077189,35.174589]]]},"properties":{}},{"type":"Feature","geometry":{"type":"Polygon","coordinates":[[[129.076979,35.174605],[129.07691,35.174579],[129.076958,35.174494],[129.077027,35.17452],[129.076979,35.174605]]]},"properties":{}},{"type":"Feature","geometry":{"type":"Polygon","coordinates":[[[129.076908,35.174397],[129.076934,35.174323],[129.076989,35.174336],[129.076963,35.17441],[129.076908,35.174397]]]},"properties":{}},{"type":"Feature","geometry":{"type":"Polygon","coordinates":[[[129.077155,35.174079],[129.077261,35.174114],[129.077187,35.174266],[129.07708,35.174231],[129.077155,35.174079]]]},"properties":{}},{"type":"Feature","geometry":{"type":"Polygon","coordinates":[[[129.077018,35.173876],[129.077183,35.173937],[129.07716,35.17398],[129.076995,35.173919],[129.077018,35.173876]]]},"properties":{}},{"type":"Feature","geometry":{"type":"Polygon","coordinates":[[[129.076797,35.174183],[129.076818,35.174075],[129.076893,35.174085],[129.076873,35.174193],[129.076797,35.174183]]]},"properties":{}},{"type":"Feature","geometry":{"type":"Polygon","coordinates":[[[129.076889,35.174053],[129.076813,35.174046],[129.076822,35.173984],[129.076898,35.173991],[129.076889,35.174053]]]},"properties":{}},{"type":"Feature","geometry":{"type":"Polygon","coordinates":[[[129.076828,35.173873],[129.076922,35.173883],[129.07691,35.173961],[129.076816,35.173951],[129.076828,35.173873]]]},"properties":{}},{"type":"Feature","geometry":{"type":"Polygon","coordinates":[[[129.076759,35.173975],[129.076755,35.174037],[129.07666,35.174033],[129.076664,35.173971],[129.076759,35.173975]]]},"properties":{}},{"type":"Feature","geometry":{"type":"Polygon","coordinates":[[[129.076687,35.173863],[129.076768,35.173863],[129.076768,35.173929],[129.076687,35.173929],[129.076687,35.173863]]]},"properties":{}},{"type":"Feature","geometry":{"type":"Polygon","coordinates":[[[129.076723,35.174176],[129.076629,35.174176],[129.076629,35.174077],[129.076723,35.174077],[129.076723,35.174176]]]},"properties":{}},{"type":"Feature","geometry":{"type":"Polygon","coordinates":[[[129.07661,35.174225],[129.076705,35.174227],[129.076702,35.17429],[129.076607,35.174287],[129.07661,35.174225]]]},"properties":{}},{"type":"Feature","geometry":{"type":"Polygon","coordinates":[[[129.076767,35.174292],[129.076767,35.174236],[129.076901,35.174236],[129.076902,35.174291],[129.076767,35.174292]]]},"properties":{}},{"type":"Feature","geometry":{"type":"Polygon","coordinates":[[[129.076773,35.174495],[129.076796,35.174452],[129.076909,35.174492],[129.076887,35.174535],[129.076773,35.174495]]]},"properties":{}},{"type":"Feature","geometry":{"type":"Polygon","coordinates":[[[129.076776,35.17451],[129.076769,35.174557],[129.076713,35.174551],[129.076719,35.174505],[129.076776,35.17451]]]},"properties":{}},{"type":"Feature","geometry":{"type":"Polygon","coordinates":[[[129.076579,35.174539],[129.07666,35.174539],[129.07666,35.174649],[129.076579,35.174649],[129.076579,35.174539]]]},"properties":{}},{"type":"Feature","geometry":{"type":"Polygon","coordinates":[[[129.076388,35.174455],[129.07639,35.174392],[129.076466,35.174394],[129.076464,35.174456],[129.076388,35.174455]]]},"properties":{}},{"type":"Feature","geometry":{"type":"Polygon","coordinates":[[[129.076281,35.174374],[129.076285,35.174296],[129.076361,35.174298],[129.076358,35.174376],[129.076281,35.174374]]]},"properties":{}},{"type":"Feature","geometry":{"type":"Polygon","coordinates":[[[129.076781,35.174412],[129.076695,35.174493],[129.076263,35.174185],[129.076349,35.174105],[129.076781,35.174412]]]},"properties":{"class":"apartments","subtype":"residential","num_floors":34}},{"type":"Feature","geometry":{"type":"Polygon","coordinates":[[[129.076522,35.174077],[129.076598,35.174081],[129.076592,35.174159],[129.076516,35.174155],[129.076522,35.174077]]]},"properties":{}},{"type":"Feature","geometry":{"type":"Polygon","coordinates":[[[129.076539,35.17403],[129.076537,35.173967],[129.076632,35.173965],[129.076634,35.174027],[129.076539,35.17403]]]},"properties":{}},{"type":"Feature","geometry":{"type":"Polygon","coordinates":[[[129.07649,35.174023],[129.076356,35.174017],[129.07636,35.173955],[129.076494,35.173961],[129.07649,35.174023]]]},"properties":{}},{"type":"Feature","geometry":{"type":"Polygon","coordinates":[[[129.076152,35.174115],[129.076098,35.174099],[129.07612,35.174048],[129.076174,35.174063],[129.076152,35.174115]]]},"properties":{}},{"type":"Feature","geometry":{"type":"Polygon","coordinates":[[[129.076015,35.174074],[129.076033,35.174013],[129.07608,35.174022],[129.076062,35.174083],[129.076015,35.174074]]]},"properties":{}},{"type":"Feature","geometry":{"type":"Polygon","coordinates":[[[129.076109,35.174214],[129.07602,35.174185],[129.076048,35.174127],[129.076137,35.174155],[129.076109,35.174214]]]},"properties":{}},{"type":"Feature","geometry":{"type":"Polygon","coordinates":[[[129.076103,35.174268],[129.076085,35.174312],[129.075985,35.174285],[129.076004,35.174241],[129.076103,35.174268]]]},"properties":{}},{"type":"Feature","geometry":{"type":"Polygon","coordinates":[[[129.07605,35.174419],[129.075945,35.174382],[129.075975,35.174325],[129.07608,35.174362],[129.07605,35.174419]]]},"properties":{}},{"type":"Feature","geometry":{"type":"Polygon","coordinates":[[[129.076133,35.174348],[129.076149,35.174287],[129.076233,35.174302],[129.076217,35.174363],[129.076133,35.174348]]]},"properties":{}},{"type":"Feature","geometry":{"type":"Polygon","coordinates":[[[129.076139,35.174385],[129.076225,35.174434],[129.076203,35.174459],[129.076117,35.174411],[129.076139,35.174385]]]},"properties":{}},{"type":"Feature","geometry":{"type":"Polygon","coordinates":[[[129.076321,35.17444],[129.076304,35.174501],[129.07623,35.174488],[129.076246,35.174427],[129.076321,35.17444]]]},"properties":{}},{"type":"Feature","geometry":{"type":"Polygon","coordinates":[[[129.076063,35.174562],[129.076164,35.174606],[129.076137,35.174647],[129.076213,35.17468],[129.076181,35.174728],[129.076005,35.174652],[129.076063,35.174562]]]},"properties":{}},{"type":"Feature","geometry":{"type":"Polygon","coordinates":[[[129.076322,35.174686],[129.07644,35.174737],[129.076399,35.174799],[129.076282,35.174747],[129.076322,35.174686]]]},"properties":{}},{"type":"Feature","geometry":{"type":"Polygon","coordinates":[[[129.076275,35.174635],[129.076294,35.174575],[129.076525,35.174624],[129.076505,35.174685],[129.076275,35.174635]]]},"properties":{}},{"type":"Feature","geometry":{"type":"Polygon","coordinates":[[[129.076468,35.174752],[129.076544,35.174783],[129.076505,35.174846],[129.076429,35.174814],[129.076468,35.174752]]]},"properties":{}},{"type":"Feature","geometry":{"type":"Polygon","coordinates":[[[129.076593,35.174768],[129.076644,35.174788],[129.076603,35.174859],[129.076552,35.174839],[129.076593,35.174768]]]},"properties":{}},{"type":"Feature","geometry":{"type":"Polygon","coordinates":[[[129.076374,35.175087],[129.076338,35.175142],[129.076254,35.175105],[129.07629,35.17505],[129.076374,35.175087]]]},"properties":{}},{"type":"Feature","geometry":{"type":"Polygon","coordinates":[[[129.076504,35.175125],[129.076457,35.175193],[129.076374,35.175154],[129.076421,35.175087],[129.076504,35.175125]]]},"properties":{}},{"type":"Feature","geometry":{"type":"Polygon","coordinates":[[[129.07569,35.175134],[129.075762,35.175154],[129.075738,35.175213],[129.075666,35.175194],[129.07569,35.175134]]]},"properties":{}},{"type":"Feature","geometry":{"type":"Polygon","coordinates":[[[129.075807,35.174949],[129.075872,35.174982],[129.075821,35.175048],[129.075757,35.175016],[129.075807,35.174949]]]},"properties":{}},{"type":"Feature","geometry":{"type":"Polygon","coordinates":[[[129.075822,35.174913],[129.075888,35.174902],[129.075896,35.174934],[129.07583,35.174946],[129.075822,35.174913]]]},"properties":{}},{"type":"Feature","geometry":{"type":"Polygon","coordinates":[[[129.075215,35.175266],[129.07533,35.175237],[129.075346,35.175279],[129.075385,35.175269],[129.075417,35.175353],[129.075263,35.175393],[129.075215,35.175266]]]},"properties":{}},{"type":"Feature","geometry":{"type":"Polygon","coordinates":[[[129.075306,35.175179],[129.075187,35.17525],[129.075115,35.17517],[129.075235,35.175099],[129.075306,35.175179]]]},"properties":{}},{"type":"Feature","geometry":{"type":"Polygon","coordinates":[[[129.075155,35.175287],[129.075078,35.175331],[129.075024,35.175268],[129.075102,35.175224],[129.075155,35.175287]]]},"properties":{}},{"type":"Feature","geometry":{"type":"Polygon","coordinates":[[[129.075209,35.174643],[129.075175,35.174885],[129.074922,35.174861],[129.074962,35.174577],[129.075039,35.174585],[129.075033,35.174627],[129.075209,35.174643]]]},"properties":{"class":"apartments","subtype":"residential","num_floors":16}},{"type":"Feature","geometry":{"type":"Polygon","coordinates":[[[129.07521,35.174337],[129.075249,35.174266],[129.075336,35.174298],[129.075297,35.174369],[129.07521,35.174337]]]},"properties":{}},{"type":"Feature","geometry":{"type":"Polygon","coordinates":[[[129.075296,35.174153],[129.075452,35.174212],[129.075412,35.174283],[129.075256,35.174224],[129.075296,35.174153]]]},"properties":{}},{"type":"Feature","geometry":{"type":"Polygon","coordinates":[[[129.075548,35.173989],[129.075427,35.173942],[129.075476,35.173858],[129.075597,35.173904],[129.075548,35.173989]]]},"properties":{}},{"type":"Feature","geometry":{"type":"Polygon","coordinates":[[[129.075675,35.174048],[129.075622,35.174055],[129.075616,35.174023],[129.075669,35.174015],[129.075675,35.174048]]]},"properties":{}},{"type":"Feature","geometry":{"type":"Polygon","coordinates":[[[129.075668,35.174106],[129.075639,35.174164],[129.075551,35.174135],[129.07558,35.174077],[129.075668,35.174106]]]},"properties":{}},{"type":"Feature","geometry":{"type":"Polygon","coordinates":[[[129.075336,35.174109],[129.075382,35.174041],[129.075499,35.174094],[129.075453,35.174162],[129.075336,35.174109]]]},"properties":{}},{"type":"Feature","geometry":{"type":"Polygon","coordinates":[[[129.07548,35.174379],[129.075464,35.174407],[129.075412,35.174388],[129.075427,35.17436],[129.07548,35.174379]]]},"properties":{}},{"type":"Feature","geometry":{"type":"Polygon","coordinates":[[[129.075358,35.174344],[129.075398,35.174314],[129.075416,35.17433],[129.075377,35.17436],[129.075358,35.174344]]]},"properties":{}},{"type":"Feature","geometry":{"type":"Polygon","coordinates":[[[129.07556,35.174309],[129.075473,35.174277],[129.075505,35.17422],[129.075592,35.174252],[129.07556,35.174309]]]},"properties":{}},{"type":"Feature","geometry":{"type":"Polygon","coordinates":[[[129.075864,35.174391],[129.075824,35.174395],[129.075818,35.174363],[129.075858,35.174358],[129.075864,35.174391]]]},"properties":{}},{"type":"Feature","geometry":{"type":"Polygon","coordinates":[[[129.07594,35.174031],[129.076038,35.174102],[129.075658,35.174452],[129.075559,35.174381],[129.07594,35.174031]]]},"properties":{"class":"apartments","subtype":"residential","num_floors":34}},{"type":"Feature","geometry":{"type":"Polygon","coordinates":[[[129.075662,35.173924],[129.075752,35.173969],[129.075722,35.174008],[129.075632,35.173963],[129.075662,35.173924]]]},"properties":{}},{"type":"Feature","geometry":{"type":"Polygon","coordinates":[[[129.075775,35.173856],[129.075851,35.173903],[129.075816,35.17394],[129.075741,35.173893],[129.075775,35.173856]]]},"properties":{}},{"type":"Feature","geometry":{"type":"Polygon","coordinates":[[[129.07587,35.173866],[129.075797,35.173816],[129.075859,35.173756],[129.075931,35.173807],[129.07587,35.173866]]]},"properties":{}},{"type":"Feature","geometry":{"type":"Polygon","coordinates":[[[129.075716,35.173787],[129.075605,35.173726],[129.075668,35.173648],[129.075779,35.173709],[129.075716,35.173787]]]},"properties":{}},{"type":"Feature","geometry":{"type":"Polygon","coordinates":[[[129.075891,35.173553],[129.075831,35.17365],[129.075729,35.173608],[129.075789,35.173511],[129.075891,35.173553]]]},"properties":{}},{"type":"Feature","geometry":{"type":"Polygon","coordinates":[[[129.075949,35.173558],[129.076018,35.173585],[129.075953,35.173698],[129.075884,35.173671],[129.075949,35.173558]]]},"properties":{}},{"type":"Feature","geometry":{"type":"Polygon","coordinates":[[[129.075922,35.173491],[129.075823,35.173444],[129.075861,35.17339],[129.07596,35.173437],[129.075922,35.173491]]]},"properties":{}},{"type":"Feature","geometry":{"type":"Polygon","coordinates":[[[129.076032,35.173303],[129.075997,35.173376],[129.075891,35.173341],[129.075926,35.173269],[129.076032,35.173303]]]},"properties":{}},{"type":"Feature","geometry":{"type":"Polygon","coordinates":[[[129.075764,35.173221],[129.075646,35.173274],[129.075581,35.173178],[129.075699,35.173125],[129.075764,35.173221]]]},"properties":{}},{"type":"Feature","geometry":{"type":"Polygon","coordinates":[[[129.075792,35.173315],[129.075738,35.173359],[129.075684,35.173315],[129.075738,35.173271],[129.075792,35.173315]]]},"properties":{}},{"type":"Feature","geometry":{"type":"Polygon","coordinates":[[[129.075522,35.173496],[129.075484,35.173438],[129.075555,35.173407],[129.075593,35.173465],[129.075522,35.173496]]]},"properties":{}},{"type":"Feature","geometry":{"type":"Polygon","coordinates":[[[129.075603,35.173376],[129.07566,35.173382],[129.075652,35.173429],[129.075596,35.173423],[129.075603,35.173376]]]},"properties":{}},{"type":"Feature","geometry":{"type":"Polygon","coordinates":[[[129.075472,35.17339],[129.075439,35.173342],[129.075521,35.173304],[129.075554,35.173352],[129.075472,35.17339]]]},"properties":{}},{"type":"Feature","geometry":{"type":"Polygon","coordinates":[[[129.075372,35.173255],[129.075477,35.173206],[129.075524,35.173273],[129.075418,35.173322],[129.075372,35.173255]]]},"properties":{}},{"type":"Feature","geometry":{"type":"Polygon","coordinates":[[[129.075353,35.173552],[129.075437,35.173517],[129.075474,35.173575],[129.07539,35.173611],[129.075353,35.173552]]]},"properties":{}},{"type":"Feature","geometry":{"type":"Polygon","coordinates":[[[129.075437,35.173715],[129.07538,35.173746],[129.075321,35.173672],[129.075377,35.173642],[129.075437,35.173715]]]},"properties":{}},{"type":"Feature","geometry":{"type":"Polygon","coordinates":[[[129.075558,35.173845],[129.075601,35.173793],[129.075664,35.173828],[129.075622,35.17388],[129.075558,35.173845]]]},"properties":{}},{"type":"Feature","geometry":{"type":"Polygon","coordinates":[[[129.075258,35.17378],[129.075299,35.173751],[129.075352,35.173801],[129.075311,35.17383],[129.075258,35.17378]]]},"properties":{}},{"type":"Feature","geometry":{"type":"Polygon","coordinates":[[[129.075316,35.173645],[129.07527,35.17359],[129.075315,35.173565],[129.07536,35.17362],[129.075316,35.173645]]]},"properties":{}},{"type":"Feature","geometry":{"type":"Polygon","coordinates":[[[129.075219,35.173748],[129.075165,35.173698],[129.075246,35.17364],[129.0753,35.173689],[129.075219,35.173748]]]},"properties":{}},{"type":"Feature","geometry":{"type":"Polygon","coordinates":[[[129.075083,35.173609],[129.075167,35.173554],[129.075235,35.173622],[129.075151,35.173678],[129.075083,35.173609]]]},"properties":{}},{"type":"Feature","geometry":{"type":"Polygon","coordinates":[[[129.075235,35.173852],[129.075166,35.173926],[129.075075,35.17387],[129.075144,35.173795],[129.075235,35.173852]]]},"properties":{}},{"type":"Feature","geometry":{"type":"Polygon","coordinates":[[[129.075125,35.173786],[129.075047,35.173854],[129.074977,35.173802],[129.075055,35.173733],[129.075125,35.173786]]]},"properties":{}},{"type":"Feature","geometry":{"type":"Polygon","coordinates":[[[129.074886,35.173614],[129.074829,35.173539],[129.074875,35.173516],[129.074932,35.173591],[129.074886,35.173614]]]},"properties":{}},{"type":"Feature","geometry":{"type":"Polygon","coordinates":[[[129.074871,35.173668],[129.074959,35.173616],[129.075038,35.173705],[129.07495,35.173757],[129.074871,35.173668]]]},"properties":{}},{"type":"Feature","geometry":{"type":"Polygon","coordinates":[[[129.07498,35.173488],[129.074925,35.173426],[129.075022,35.173368],[129.075078,35.17343],[129.07498,35.173488]]]},"properties":{}},{"type":"Feature","geometry":{"type":"Polygon","coordinates":[[[129.074737,35.173497],[129.074803,35.173441],[129.074858,35.173484],[129.074792,35.17354],[129.074737,35.173497]]]},"properties":{}},{"type":"Feature","geometry":{"type":"Polygon","coordinates":[[[129.075101,35.173246],[129.075111,35.173277],[129.075072,35.173286],[129.075062,35.173254],[129.075101,35.173246]]]},"properties":{}},{"type":"Feature","geometry":{"type":"Polygon","coordinates":[[[129.075064,35.173351],[129.075187,35.173265],[129.075239,35.173315],[129.075116,35.173401],[129.075064,35.173351]]]},"properties":{}},{"type":"Feature","geometry":{"type":"Polygon","coordinates":[[[129.075097,35.173466],[129.075158,35.173538],[129.075069,35.173588],[129.075008,35.173516],[129.075097,35.173466]]]},"properties":{}},{"type":"Feature","geometry":{"type":"Polygon","coordinates":[[[129.075179,35.173472],[129.075136,35.173416],[129.075295,35.173334],[129.075338,35.17339],[129.075179,35.173472]]]},"properties":{}},{"type":"Feature","geometry":{"type":"Polygon","coordinates":[[[129.075306,35.173537],[129.075264,35.173468],[129.075373,35.173424],[129.075415,35.173493],[129.075306,35.173537]]]},"properties":{}},{"type":"Feature","geometry":{"type":"Polygon","coordinates":[[[129.075253,35.172986],[129.075302,35.172938],[129.07536,35.172978],[129.075312,35.173026],[129.075253,35.172986]]]},"properties":{}},{"type":"Feature","geometry":{"type":"Polygon","coordinates":[[[129.075193,35.172873],[129.075257,35.172907],[129.075216,35.172959],[129.075152,35.172925],[129.075193,35.172873]]]},"properties":{}},{"type":"Feature","geometry":{"type":"Polygon","coordinates":[[[129.075035,35.173079],[129.07496,35.173065],[129.074987,35.172967],[129.075062,35.17298],[129.075035,35.173079]]]},"properties":{}},{"type":"Feature","geometry":{"type":"Polygon","coordinates":[[[129.074974,35.17315],[129.074966,35.173196],[129.074891,35.173188],[129.074898,35.173142],[129.074974,35.17315]]]},"properties":{}},{"type":"Feature","geometry":{"type":"Polygon","coordinates":[[[129.074843,35.172777],[129.074913,35.172802],[129.074875,35.172873],[129.074805,35.172849],[129.074843,35.172777]]]},"properties":{}},{"type":"Feature","geometry":{"type":"Polygon","coordinates":[[[129.075012,35.172738],[129.074994,35.172783],[129.074885,35.172753],[129.074903,35.172709],[129.075012,35.172738]]]},"properties":{}},{"type":"Feature","geometry":{"type":"Polygon","coordinates":[[[129.074726,35.172505],[129.074821,35.172508],[129.074816,35.172602],[129.074721,35.172598],[129.074726,35.172505]]]},"properties":{}},{"type":"Feature","geometry":{"type":"Polygon","coordinates":[[[129.074944,35.172527],[129.074938,35.172605],[129.074862,35.172601],[129.074869,35.172523],[129.074944,35.172527]]]},"properties":{}},{"type":"Feature","geometry":{"type":"Polygon","coordinates":[[[129.074975,35.172604],[129.07498,35.172542],[129.075056,35.172546],[129.075052,35.172608],[129.074975,35.172604]]]},"properties":{}},{"type":"Feature","geometry":{"type":"Polygon","coordinates":[[[129.074992,35.172445],[129.075068,35.172449],[129.075063,35.172511],[129.074987,35.172507],[129.074992,35.172445]]]},"properties":{}},{"type":"Feature","geometry":{"type":"Polygon","coordinates":[[[129.075115,35.172485],[129.075155,35.172452],[129.075196,35.172485],[129.075155,35.172518],[129.075115,35.172485]]]},"properties":{}},{"type":"Feature","geometry":{"type":"Polygon","coordinates":[[[129.075049,35.172731],[129.075173,35.172771],[129.075145,35.172829],[129.075021,35.172789],[129.075049,35.172731]]]},"properties":{}},{"type":"Feature","geometry":{"type":"Polygon","coordinates":[[[129.075338,35.172491],[129.075294,35.172542],[129.075317,35.172556],[129.075356,35.172511],[129.075448,35.172566],[129.075381,35.172642],[129.075204,35.172536],[129.075277,35.172455],[129.075338,35.172491]]]},"properties":{}},{"type":"Feature","geometry":{"type":"Polygon","coordinates":[[[129.075464,35.172481],[129.075515,35.172415],[129.075596,35.172456],[129.075545,35.172522],[129.075464,35.172481]]]},"properties":{}},{"type":"Feature","geometry":{"type":"Polygon","coordinates":[[[129.075725,35.172554],[129.075678,35.172604],[129.075573,35.172536],[129.07562,35.172487],[129.075725,35.172554]]]},"properties":{}},{"type":"Feature","geometry":{"type":"Polygon","coordinates":[[[129.075476,35.172579],[129.075697,35.172714],[129.07564,35.172776],[129.075419,35.172641],[129.075476,35.172579]]]},"properties":{}},{"type":"Feature","geometry":{"type":"Polygon","coordinates":[[[129.075535,35.172823],[129.07547,35.17279],[129.07551,35.172737],[129.075575,35.17277],[129.075535,35.172823]]]},"properties":{}},{"type":"Feature","geometry":{"type":"Polygon","coordinates":[[[129.075484,35.172876],[129.075436,35.172925],[129.075444,35.172929],[129.075486,35.172887],[129.075567,35.17294],[129.075508,35.173001],[129.075337,35.172889],[129.075402,35.172822],[129.075484,35.172876]]]},"properties":{}},{"type":"Feature","geometry":{"type":"Polygon","coordinates":[[[129.075383,35.172987],[129.075452,35.173039],[129.075407,35.173079],[129.075337,35.173027],[129.075383,35.172987]]]},"properties":{}},{"type":"Feature","geometry":{"type":"Polygon","coordinates":[[[129.075456,35.173173],[129.075367,35.173223],[129.075321,35.173169],[129.075409,35.173119],[129.075456,35.173173]]]},"properties":{}},{"type":"Feature","geometry":{"type":"Polygon","coordinates":[[[129.075529,35.173024],[129.075581,35.172988],[129.075659,35.173063],[129.075608,35.173099],[129.075529,35.173024]]]},"properties":{}},{"type":"Feature","geometry":{"type":"Polygon","coordinates":[[[129.075566,35.172825],[129.075624,35.172796],[129.075652,35.172834],[129.075594,35.172863],[129.075566,35.172825]]]},"properties":{}},{"type":"Feature","geometry":{"type":"Polygon","coordinates":[[[129.075694,35.172665],[129.075751,35.172603],[129.075812,35.17264],[129.075755,35.172703],[129.075694,35.172665]]]},"properties":{}},{"type":"Feature","geometry":{"type":"Polygon","coordinates":[[[129.075866,35.172721],[129.075824,35.172748],[129.07579,35.172714],[129.075832,35.172686],[129.075866,35.172721]]]},"properties":{}},{"type":"Feature","geometry":{"type":"Polygon","coordinates":[[[129.075799,35.172545],[129.07583,35.172488],[129.0759,35.172513],[129.075869,35.17257],[129.075799,35.172545]]]},"properties":{}},{"type":"Feature","geometry":{"type":"Polygon","coordinates":[[[129.075973,35.172682],[129.075878,35.172672],[129.075893,35.172579],[129.075987,35.172589],[129.075973,35.172682]]]},"properties":{}},{"type":"Feature","geometry":{"type":"Polygon","coordinates":[[[129.076091,35.172565],[129.076091,35.172676],[129.076024,35.172676],[129.076024,35.172566],[129.076091,35.172565]]]},"properties":{}},{"type":"Feature","geometry":{"type":"Polygon","coordinates":[[[129.076233,35.172757],[129.076259,35.172698],[129.076348,35.172724],[129.076323,35.172783],[129.076233,35.172757]]]},"properties":{}},{"type":"Feature","geometry":{"type":"Polygon","coordinates":[[[129.076314,35.172588],[129.076418,35.172628],[129.076381,35.172691],[129.076278,35.172651],[129.076314,35.172588]]]},"properties":{}},{"type":"Feature","geometry":{"type":"Polygon","coordinates":[[[129.076495,35.172661],[129.076554,35.172686],[129.076537,35.172714],[129.076477,35.172689],[129.076495,35.172661]]]},"properties":{}},{"type":"Feature","geometry":{"type":"Polygon","coordinates":[[[129.076248,35.17284],[129.07644,35.172886],[129.076421,35.172938],[129.076229,35.172892],[129.076248,35.17284]]]},"properties":{}},{"type":"Feature","geometry":{"type":"Polygon","coordinates":[[[129.076488,35.173026],[129.07644,35.172987],[129.076488,35.172948],[129.076535,35.172987],[129.076488,35.173026]]]},"properties":{}},{"type":"Feature","geometry":{"type":"Polygon","coordinates":[[[129.07663,35.172948],[129.076728,35.173019],[129.076348,35.173369],[129.07625,35.173298],[129.07663,35.172948]]]},"properties":{"class":"apartments","subtype":"residential","num_floors":25}},{"type":"Feature","geometry":{"type":"Polygon","coordinates":[[[129.076368,35.173086],[129.076275,35.173047],[129.076309,35.172992],[129.076403,35.17303],[129.076368,35.173086]]]},"properties":{}},{"type":"Feature","geometry":{"type":"Polygon","coordinates":[[[129.076282,35.173217],[129.076207,35.173182],[129.076263,35.173101],[129.076337,35.173135],[129.076282,35.173217]]]},"properties":{}},{"type":"Feature","geometry":{"type":"Polygon","coordinates":[[[129.076081,35.173148],[129.076029,35.173128],[129.076045,35.1731],[129.076097,35.17312],[129.076081,35.173148]]]},"properties":{}},{"type":"Feature","geometry":{"type":"Polygon","coordinates":[[[129.07605,35.173246],[129.075976,35.173229],[129.075991,35.173184],[129.076065,35.173201],[129.07605,35.173246]]]},"properties":{}},{"type":"Feature","geometry":{"type":"Polygon","coordinates":[[[129.076221,35.173308],[129.076152,35.173281],[129.076194,35.173211],[129.076262,35.173238],[129.076221,35.173308]]]},"properties":{}},{"type":"Feature","geometry":{"type":"Polygon","coordinates":[[[129.076199,35.173374],[129.076165,35.17343],[129.076097,35.173402],[129.076131,35.173347],[129.076199,35.173374]]]},"properties":{}},{"type":"Feature","geometry":{"type":"Polygon","coordinates":[[[129.076284,35.173491],[129.076238,35.173464],[129.076277,35.173419],[129.076323,35.173447],[129.076284,35.173491]]]},"properties":{}},{"type":"Feature","geometry":{"type":"Polygon","coordinates":[[[129.075972,35.173526],[129.076006,35.173453],[129.076095,35.173481],[129.076061,35.173554],[129.075972,35.173526]]]},"properties":{}},{"type":"Feature","geometry":{"type":"Polygon","coordinates":[[[129.076117,35.173641],[129.076076,35.173737],[129.076004,35.173716],[129.076045,35.173621],[129.076117,35.173641]]]},"properties":{}},{"type":"Feature","geometry":{"type":"Polygon","coordinates":[[[129.076435,35.173529],[129.076533,35.1736],[129.076153,35.17395],[129.076055,35.173879],[129.076435,35.173529]]]},"properties":{"class":"apartments","subtype":"residential","num_floors":34}},{"type":"Feature","geometry":{"type":"Polygon","coordinates":[[[129.076151,35.173604],[129.076081,35.173578],[129.076121,35.173507],[129.07619,35.173533],[129.076151,35.173604]]]},"properties":{}},{"type":"Feature","geometry":{"type":"Polygon","coordinates":[[[129.076462,35.173721],[129.076555,35.173739],[129.076532,35.173815],[129.07644,35.173797],[129.076462,35.173721]]]},"properties":{}},{"type":"Feature","geometry":{"type":"Polygon","coordinates":[[[129.076425,35.17392],[129.076425,35.173854],[129.076506,35.173854],[129.076506,35.17392],[129.076425,35.17392]]]},"properties":{}},{"type":"Feature","geometry":{"type":"Polygon","coordinates":[[[129.076531,35.173466],[129.076432,35.173391],[129.076487,35.173343],[129.076586,35.173418],[129.076531,35.173466]]]},"properties":{}},{"type":"Feature","geometry":{"type":"Polygon","coordinates":[[[129.076651,35.173282],[129.076696,35.173362],[129.076598,35.173398],[129.076553,35.173318],[129.076651,35.173282]]]},"properties":{}},{"type":"Feature","geometry":{"type":"Polygon","coordinates":[[[129.076655,35.173265],[129.076626,35.173203],[129.076726,35.173171],[129.076755,35.173233],[129.076655,35.173265]]]},"properties":{}},{"type":"Feature","geometry":{"type":"Polygon","coordinates":[[[129.07686,35.173327],[129.076831,35.173254],[129.076947,35.173223],[129.076976,35.173297],[129.07686,35.173327]]]},"properties":{}},{"type":"Feature","geometry":{"type":"Polygon","coordinates":[[[129.076739,35.173358],[129.076708,35.173285],[129.076772,35.173267],[129.076803,35.17334],[129.076739,35.173358]]]},"properties":{}},{"type":"Feature","geometry":{"type":"Polygon","coordinates":[[[129.076798,35.173507],[129.076743,35.173383],[129.076819,35.173361],[129.076874,35.173485],[129.076798,35.173507]]]},"properties":{}},{"type":"Feature","geometry":{"type":"Polygon","coordinates":[[[129.076589,35.173756],[129.07667,35.173755],[129.07667,35.173822],[129.076589,35.173822],[129.076589,35.173756]]]},"properties":{}},{"type":"Feature","geometry":{"type":"Polygon","coordinates":[[[129.076667,35.173921],[129.076572,35.173919],[129.076574,35.173856],[129.076669,35.173858],[129.076667,35.173921]]]},"properties":{}},{"type":"Feature","geometry":{"type":"Polygon","coordinates":[[[129.076702,35.173753],[129.076778,35.173756],[129.076774,35.173834],[129.076698,35.173831],[129.076702,35.173753]]]},"properties":{}},{"type":"Feature","geometry":{"type":"Polygon","coordinates":[[[129.076858,35.173831],[129.076877,35.173771],[129.07696,35.173789],[129.076941,35.173849],[129.076858,35.173831]]]},"properties":{}},{"type":"Feature","geometry":{"type":"Polygon","coordinates":[[[129.076755,35.173687],[129.076776,35.173628],[129.076867,35.173648],[129.076847,35.173708],[129.076755,35.173687]]]},"properties":{}},{"type":"Feature","geometry":{"type":"Polygon","coordinates":[[[129.076911,35.173608],[129.076956,35.173539],[129.077074,35.17359],[129.077029,35.173659],[129.076911,35.173608]]]},"properties":{}},{"type":"Feature","geometry":{"type":"Polygon","coordinates":[[[129.076873,35.173733],[129.076907,35.17366],[129.076996,35.173688],[129.076962,35.173761],[129.076873,35.173733]]]},"properties":{}},{"type":"Feature","geometry":{"type":"Polygon","coordinates":[[[129.077078,35.173775],[129.077099,35.173715],[129.07719,35.173736],[129.07717,35.173796],[129.077078,35.173775]]]},"properties":{}},{"type":"Feature","geometry":{"type":"Polygon","coordinates":[[[129.077047,35.173843],[129.077068,35.173799],[129.077157,35.173828],[129.077136,35.173872],[129.077047,35.173843]]]},"properties":{}},{"type":"Feature","geometry":{"type":"Polygon","coordinates":[[[129.077118,35.173669],[129.077141,35.173602],[129.077233,35.173623],[129.077209,35.173691],[129.077118,35.173669]]]},"properties":{}},{"type":"Feature","geometry":{"type":"Polygon","coordinates":[[[129.076981,35.173307],[129.077005,35.173358],[129.076891,35.173393],[129.076868,35.173342],[129.076981,35.173307]]]},"properties":{}},{"type":"Feature","geometry":{"type":"Polygon","coordinates":[[[129.077152,35.172765],[129.077222,35.172832],[129.077161,35.172875],[129.07709,35.172808],[129.077152,35.172765]]]},"properties":{}},{"type":"Feature","geometry":{"type":"Polygon","coordinates":[[[129.076944,35.172925],[129.076999,35.172969],[129.076946,35.173013],[129.076891,35.17297],[129.076944,35.172925]]]},"properties":{}},{"type":"Feature","geometry":{"type":"Polygon","coordinates":[[[129.077029,35.173088],[129.076977,35.173037],[129.077038,35.172995],[129.07709,35.173045],[129.077029,35.173088]]]},"properties":{}},{"type":"Feature","geometry":{"type":"Polygon","coordinates":[[[129.077082,35.173101],[129.077124,35.173144],[129.077029,35.173206],[129.076987,35.173163],[129.077082,35.173101]]]},"properties":{}},{"type":"Feature","geometry":{"type":"Polygon","coordinates":[[[129.076763,35.173106],[129.076862,35.17307],[129.076939,35.173211],[129.076841,35.173247],[129.076763,35.173106]]]},"properties":{}},{"type":"Feature","geometry":{"type":"Polygon","coordinates":[[[129.076783,35.173009],[129.076823,35.173042],[129.076756,35.173097],[129.076716,35.173064],[129.076783,35.173009]]]},"properties":{}},{"type":"Feature","geometry":{"type":"Polygon","coordinates":[[[129.076921,35.172908],[129.076874,35.172957],[129.076799,35.172908],[129.076847,35.17286],[129.076921,35.172908]]]},"properties":{}},{"type":"Feature","geometry":{"type":"Polygon","coordinates":[[[129.076703,35.172767],[129.076657,35.172808],[129.076588,35.172756],[129.076633,35.172716],[129.076703,35.172767]]]},"properties":{}},{"type":"Feature","geometry":{"type":"Polygon","coordinates":[[[129.076873,35.172601],[129.076786,35.172632],[129.076738,35.172541],[129.076824,35.17251],[129.076873,35.172601]]]},"properties":{}},{"type":"Feature","geometry":{"type":"Polygon","coordinates":[[[129.076976,35.172578],[129.076898,35.172595],[129.076862,35.172489],[129.07694,35.172472],[129.076976,35.172578]]]},"properties":{}},{"type":"Feature","geometry":{"type":"Polygon","coordinates":[[[129.077009,35.172545],[129.076988,35.17247],[129.077054,35.172458],[129.077075,35.172533],[129.077009,35.172545]]]},"properties":{}},{"type":"Feature","geometry":{"type":"Polygon","coordinates":[[[129.077077,35.172776],[129.076958,35.172687],[129.077012,35.172638],[129.077132,35.172727],[129.077077,35.172776]]]},"properties":{}},{"type":"Feature","geometry":{"type":"Polygon","coordinates":[[[129.077141,35.17261],[129.077193,35.172675],[129.077159,35.172693],[129.077107,35.172628],[129.077141,35.17261]]]},"properties":{}},{"type":"Feature","geometry":{"type":"Polygon","coordinates":[[[129.077224,35.172305],[129.077245,35.172369],[129.077193,35.17238],[129.077172,35.172317],[129.077224,35.172305]]]},"properties":{}},{"type":"Feature","geometry":{"type":"Polygon","coordinates":[[[129.07728,35.172454],[129.0772,35.172525],[129.076772,35.172205],[129.076852,35.172133],[129.07728,35.172454]]]},"properties":{"class":"apartments","subtype":"residential","num_floors":34}},{"type":"Feature","geometry":{"type":"Polygon","coordinates":[[[129.077083,35.172159],[129.077019,35.172176],[129.076983,35.172081],[129.077047,35.172065],[129.077083,35.172159]]]},"properties":{}},{"type":"Feature","geometry":{"type":"Polygon","coordinates":[[[129.077025,35.172211],[129.077089,35.172194],[129.077118,35.172267],[129.077054,35.172284],[129.077025,35.172211]]]},"properties":{}},{"type":"Feature","geometry":{"type":"Polygon","coordinates":[[[129.077125,35.172187],[129.07719,35.172173],[129.077213,35.172248],[129.077148,35.172262],[129.077125,35.172187]]]},"properties":{}},{"type":"Feature","geometry":{"type":"Polygon","coordinates":[[[129.076804,35.172054],[129.076892,35.172028],[129.076915,35.17208],[129.076826,35.172106],[129.076804,35.172054]]]},"properties":{}},{"type":"Feature","geometry":{"type":"Polygon","coordinates":[[[129.076627,35.172041],[129.076729,35.172011],[129.076756,35.172073],[129.076655,35.172103],[129.076627,35.172041]]]},"properties":{}},{"type":"Feature","geometry":{"type":"Polygon","coordinates":[[[129.076676,35.172202],[129.076751,35.172176],[129.076782,35.172238],[129.076707,35.172263],[129.076676,35.172202]]]},"properties":{}},{"type":"Feature","geometry":{"type":"Polygon","coordinates":[[[129.07667,35.172122],[129.076748,35.172106],[129.076761,35.172149],[129.076683,35.172165],[129.07667,35.172122]]]},"properties":{}},{"type":"Feature","geometry":{"type":"Polygon","coordinates":[[[129.07693,35.17242],[129.076873,35.172418],[129.076874,35.172387],[129.076931,35.172388],[129.07693,35.17242]]]},"properties":{}},{"type":"Feature","geometry":{"type":"Polygon","coordinates":[[[129.076751,35.172261],[129.076839,35.172321],[129.076612,35.172543],[129.076524,35.172482],[129.076751,35.172261]]]},"properties":{"class":"apartments","subtype":"residential","num_floors":17}},{"type":"Feature","geometry":{"type":"Polygon","coordinates":[[[129.076644,35.172248],[129.076552,35.172263],[129.076503,35.172057],[129.076596,35.172043],[129.076644,35.172248]]]},"properties":{}},{"type":"Feature","geometry":{"type":"Polygon","coordinates":[[[129.076315,35.172167],[129.076313,35.172105],[129.076427,35.172103],[129.076429,35.172165],[129.076315,35.172167]]]},"properties":{}},{"type":"Feature","geometry":{"type":"Polygon","coordinates":[[[129.076073,35.172417],[129.07613,35.172422],[129.07612,35.172499],[129.076063,35.172494],[129.076073,35.172417]]]},"properties":{}},{"type":"Feature","geometry":{"type":"Polygon","coordinates":[[[129.07618,35.172236],[129.07615,35.172284],[129.075997,35.172221],[129.076027,35.172172],[129.07618,35.172236]]]},"properties":{}},{"type":"Feature","geometry":{"type":"Polygon","coordinates":[[[129.076225,35.172084],[129.076181,35.172109],[129.07615,35.172074],[129.076194,35.172048],[129.076225,35.172084]]]},"properties":{}},{"type":"Feature","geometry":{"type":"Polygon","coordinates":[[[129.076013,35.172126],[129.07599,35.172185],[129.075936,35.172171],[129.075959,35.172112],[129.076013,35.172126]]]},"properties":{}},{"type":"Feature","geometry":{"type":"Polygon","coordinates":[[[129.075939,35.172485],[129.075942,35.172391],[129.076019,35.172393],[129.076015,35.172487],[129.075939,35.172485]]]},"properties":{}},{"type":"Feature","geometry":{"type":"Polygon","coordinates":[[[129.075918,35.172429],[129.075889,35.17247],[129.075856,35.172454],[129.075885,35.172413],[129.075918,35.172429]]]},"properties":{}},{"type":"Feature","geometry":{"type":"Polygon","coordinates":[[[129.075771,35.172274],[129.075876,35.172278],[129.075874,35.172309],[129.075769,35.172305],[129.075771,35.172274]]]},"properties":{}},{"type":"Feature","geometry":{"type":"Polygon","coordinates":[[[129.075358,35.172386],[129.075412,35.172337],[129.075492,35.172396],[129.075437,35.172445],[129.075358,35.172386]]]},"properties":{}},{"type":"Feature","geometry":{"type":"Polygon","coordinates":[[[129.075262,35.172358],[129.075181,35.172358],[129.075181,35.172292],[129.075262,35.172292],[129.075262,35.172358]]]},"properties":{}},{"type":"Feature","geometry":{"type":"Polygon","coordinates":[[[129.074817,35.172106],[129.074853,35.172118],[129.074838,35.172147],[129.074803,35.172135],[129.074817,35.172106]]]},"properties":{}},{"type":"Feature","geometry":{"type":"Polygon","coordinates":[[[129.074894,35.172451],[129.07487,35.172438],[129.074907,35.172393],[129.074931,35.172406],[129.074894,35.172451]]]},"properties":{}},{"type":"Feature","geometry":{"type":"Polygon","coordinates":[[[129.074836,35.172412],[129.074771,35.172428],[129.074756,35.172385],[129.07482,35.17237],[129.074836,35.172412]]]},"properties":{}},{"type":"Feature","geometry":{"type":"Polygon","coordinates":[[[129.074492,35.172338],[129.074475,35.172382],[129.074402,35.172364],[129.074419,35.172319],[129.074492,35.172338]]]},"properties":{}},{"type":"Feature","geometry":{"type":"Polygon","coordinates":[[[129.074639,35.172264],[129.074649,35.172203],[129.074706,35.172209],[129.074696,35.172271],[129.074639,35.172264]]]},"properties":{}},{"type":"Feature","geometry":{"type":"Polygon","coordinates":[[[129.074164,35.172125],[129.074094,35.172099],[129.074142,35.172014],[129.074211,35.17204],[129.074164,35.172125]]]},"properties":{}},{"type":"Feature","geometry":{"type":"Polygon","coordinates":[[[129.074213,35.172153],[129.074267,35.172053],[129.074337,35.172078],[129.074283,35.172178],[129.074213,35.172153]]]},"properties":{}},{"type":"Feature","geometry":{"type":"Polygon","coordinates":[[[129.074319,35.172417],[129.074423,35.172427],[129.074421,35.172442],[129.074317,35.172432],[129.074319,35.172417]]]},"properties":{}},{"type":"Feature","geometry":{"type":"Polygon","coordinates":[[[129.07407,35.172248],[129.074161,35.172269],[129.074145,35.172314],[129.074053,35.172292],[129.07407,35.172248]]]},"properties":{}},{"type":"Feature","geometry":{"type":"Polygon","coordinates":[[[129.0739,35.172201],[129.07394,35.172171],[129.073976,35.172204],[129.073936,35.172233],[129.0739,35.172201]]]},"properties":{}},{"type":"Feature","geometry":{"type":"Polygon","coordinates":[[[129.073829,35.172399],[129.073854,35.172325],[129.073928,35.172341],[129.073902,35.172416],[129.073829,35.172399]]]},"properties":{}},{"type":"Feature","geometry":{"type":"Polygon","coordinates":[[[129.073625,35.172238],[129.073586,35.172193],[129.07364,35.172161],[129.073679,35.172206],[129.073625,35.172238]]]},"properties":{}},{"type":"Feature","geometry":{"type":"Polygon","coordinates":[[[129.073531,35.172319],[129.073483,35.172281],[129.073549,35.172226],[129.073597,35.172264],[129.073531,35.172319]]]},"properties":{}},{"type":"Feature","geometry":{"type":"Polygon","coordinates":[[[129.073587,35.172138],[129.073523,35.172154],[129.073511,35.172123],[129.073575,35.172106],[129.073587,35.172138]]]},"properties":{}},{"type":"Feature","geometry":{"type":"Polygon","coordinates":[[[129.073723,35.172076],[129.073778,35.17212],[129.073724,35.172164],[129.07367,35.17212],[129.073723,35.172076]]]},"properties":{}},{"type":"Feature","geometry":{"type":"Polygon","coordinates":[[[129.073641,35.172247],[129.073696,35.172215],[129.073766,35.172296],[129.073712,35.172328],[129.073641,35.172247]]]},"properties":{}},{"type":"Feature","geometry":{"type":"Polygon","coordinates":[[[129.073783,35.17219],[129.073767,35.17219],[129.073756,35.172182],[129.073756,35.172173],[129.073767,35.172164],[129.073772,35.172164],[129.073777,35.17216],[129.073793,35.17216],[129.073793,35.172164],[129.073804,35.172173],[129.073793,35.172182],[129.073793,35.172186],[129.073788,35.172186],[129.073783,35.17219]]]},"properties":{}},{"type":"Feature","geometry":{"type":"Polygon","coordinates":[[[129.073592,35.172097],[129.073516,35.172095],[129.073519,35.172033],[129.073595,35.172035],[129.073592,35.172097]]]},"properties":{}},{"type":"Feature","geometry":{"type":"Polygon","coordinates":[[[129.0739,35.172072],[129.073912,35.172126],[129.073845,35.172136],[129.073833,35.172082],[129.0739,35.172072]]]},"properties":{}},{"type":"Feature","geometry":{"type":"Polygon","coordinates":[[[129.073495,35.172053],[129.073452,35.172123],[129.073384,35.172095],[129.073427,35.172025],[129.073495,35.172053]]]},"properties":{}},{"type":"Feature","geometry":{"type":"Polygon","coordinates":[[[129.073327,35.172076],[129.07327,35.172122],[129.073194,35.172059],[129.073252,35.172013],[129.073327,35.172076]]]},"properties":{}},{"type":"Feature","geometry":{"type":"Polygon","coordinates":[[[129.073249,35.17218],[129.073296,35.17226],[129.073223,35.172288],[129.073176,35.172209],[129.073249,35.17218]]]},"properties":{}},{"type":"Feature","geometry":{"type":"Polygon","coordinates":[[[129.073359,35.172234],[129.073373,35.172157],[129.073449,35.172166],[129.073435,35.172243],[129.073359,35.172234]]]},"properties":{}},{"type":"Feature","geometry":{"type":"Polygon","coordinates":[[[129.073394,35.172421],[129.073391,35.172343],[129.073477,35.172341],[129.073479,35.172419],[129.073394,35.172421]]]},"properties":{}},{"type":"Feature","geometry":{"type":"Polygon","coordinates":[[[129.073256,35.172399],[129.073302,35.172374],[129.073361,35.172448],[129.073316,35.172472],[129.073256,35.172399]]]},"properties":{}},{"type":"Feature","geometry":{"type":"Polygon","coordinates":[[[129.073075,35.172366],[129.073023,35.172302],[129.073101,35.172259],[129.073153,35.172323],[129.073075,35.172366]]]},"properties":{}},{"type":"Feature","geometry":{"type":"Polygon","coordinates":[[[129.073172,35.172088],[129.073232,35.172148],[129.073159,35.172196],[129.073099,35.172137],[129.073172,35.172088]]]},"properties":{}},{"type":"Feature","geometry":{"type":"Polygon","coordinates":[[[129.072996,35.172283],[129.072942,35.172207],[129.073036,35.172163],[129.07309,35.172239],[129.072996,35.172283]]]},"properties":{}},{"type":"Feature","geometry":{"type":"Polygon","coordinates":[[[129.073017,35.172162],[129.072956,35.172185],[129.072939,35.172154],[129.073001,35.172132],[129.073017,35.172162]]]},"properties":{}},{"type":"Feature","geometry":{"type":"Polygon","coordinates":[[[129.072911,35.1723],[129.072877,35.172252],[129.072912,35.172236],[129.072946,35.172284],[129.072911,35.1723]]]},"properties":{}},{"type":"Feature","geometry":{"type":"Polygon","coordinates":[[[129.072921,35.172357],[129.072949,35.17243],[129.072885,35.172447],[129.072856,35.172373],[129.072921,35.172357]]]},"properties":{}},{"type":"Feature","geometry":{"type":"Polygon","coordinates":[[[129.072741,35.172408],[129.072731,35.172365],[129.072784,35.172357],[129.072794,35.1724],[129.072741,35.172408]]]},"properties":{}},{"type":"Feature","geometry":{"type":"Polygon","coordinates":[[[129.072645,35.172302],[129.072706,35.172258],[129.072759,35.172308],[129.072699,35.172352],[129.072645,35.172302]]]},"properties":{}},{"type":"Feature","geometry":{"type":"Polygon","coordinates":[[[129.072606,35.172251],[129.072645,35.17222],[129.072664,35.172236],[129.072625,35.172267],[129.072606,35.172251]]]},"properties":{}},{"type":"Feature","geometry":{"type":"Polygon","coordinates":[[[129.072689,35.172178],[129.07262,35.172126],[129.072665,35.172086],[129.072735,35.172138],[129.072689,35.172178]]]},"properties":{}},{"type":"Feature","geometry":{"type":"Polygon","coordinates":[[[129.072698,35.172189],[129.07275,35.172154],[129.072811,35.172213],[129.072759,35.172248],[129.072698,35.172189]]]},"properties":{}},{"type":"Feature","geometry":{"type":"Polygon","coordinates":[[[129.072797,35.172134],[129.072917,35.172045],[129.072971,35.172094],[129.072852,35.172183],[129.072797,35.172134]]]},"properties":{}},{"type":"Feature","geometry":{"type":"Polygon","coordinates":[[[129.072766,35.172123],[129.072682,35.172059],[129.072734,35.172013],[129.072818,35.172077],[129.072766,35.172123]]]},"properties":{}},{"type":"Feature","geometry":{"type":"Polygon","coordinates":[[[129.072555,35.172069],[129.07261,35.172037],[129.072649,35.172082],[129.072594,35.172114],[129.072555,35.172069]]]},"properties":{}},{"type":"Feature","geometry":{"type":"Polygon","coordinates":[[[129.072379,35.172082],[129.072425,35.172041],[129.072474,35.172079],[129.072429,35.172119],[129.072379,35.172082]]]},"properties":{}},{"type":"Feature","geometry":{"type":"Polygon","coordinates":[[[129.072231,35.172225],[129.072309,35.172157],[129.072455,35.172269],[129.072377,35.172337],[129.072231,35.172225]]]},"properties":{}},{"type":"Feature","geometry":{"type":"Polygon","coordinates":[[[129.072547,35.172215],[129.072503,35.172173],[129.072554,35.172137],[129.072598,35.172179],[129.072547,35.172215]]]},"properties":{}},{"type":"Feature","geometry":{"type":"Polygon","coordinates":[[[129.072493,35.172291],[129.072545,35.172342],[129.072453,35.172406],[129.072401,35.172356],[129.072493,35.172291]]]},"properties":{}},{"type":"Feature","geometry":{"type":"Polygon","coordinates":[[[129.072615,35.172396],[129.07252,35.172474],[129.072463,35.172427],[129.072559,35.172349],[129.072615,35.172396]]]},"properties":{}},{"type":"Feature","geometry":{"type":"Polygon","coordinates":[[[129.07229,35.172501],[129.07224,35.172478],[129.072263,35.172444],[129.072313,35.172467],[129.07229,35.172501]]]},"properties":{}},{"type":"Feature","geometry":{"type":"Polygon","coordinates":[[[129.072414,35.172558],[129.072367,35.172596],[129.072313,35.172553],[129.07236,35.172514],[129.072414,35.172558]]]},"properties":{}},{"type":"Feature","geometry":{"type":"Polygon","coordinates":[[[129.072452,35.17269],[129.072406,35.172739],[129.072232,35.17263],[129.072279,35.172581],[129.072452,35.17269]]]},"properties":{}},{"type":"Feature","geometry":{"type":"Polygon","coordinates":[[[129.072586,35.172736],[129.072498,35.172676],[129.072535,35.17264],[129.072623,35.1727],[129.072586,35.172736]]]},"properties":{}},{"type":"Feature","geometry":{"type":"Polygon","coordinates":[[[129.072465,35.172654],[129.072403,35.172618],[129.072435,35.17258],[129.072498,35.172615],[129.072465,35.172654]]]},"properties":{}},{"type":"Feature","geometry":{"type":"Polygon","coordinates":[[[129.072549,35.172552],[129.0725,35.17259],[129.07236,35.172471],[129.072408,35.172433],[129.072549,35.172552]]]},"properties":{}},{"type":"Feature","geometry":{"type":"Polygon","coordinates":[[[129.072622,35.172537],[129.072568,35.172493],[129.072635,35.172438],[129.072689,35.172482],[129.072622,35.172537]]]},"properties":{}},{"type":"Feature","geometry":{"type":"Polygon","coordinates":[[[129.072559,35.172621],[129.072598,35.172587],[129.072653,35.17263],[129.072614,35.172664],[129.072559,35.172621]]]},"properties":{}},{"type":"Feature","geometry":{"type":"Polygon","coordinates":[[[129.072632,35.172562],[129.072707,35.172515],[129.072781,35.172593],[129.072707,35.17264],[129.072632,35.172562]]]},"properties":{}},{"type":"Feature","geometry":{"type":"Polygon","coordinates":[[[129.072878,35.172494],[129.072806,35.172525],[129.072769,35.172466],[129.072841,35.172435],[129.072878,35.172494]]]},"properties":{}},{"type":"Feature","geometry":{"type":"Polygon","coordinates":[[[129.072872,35.17252],[129.072914,35.172552],[129.07287,35.172592],[129.072827,35.172561],[129.072872,35.17252]]]},"properties":{}},{"type":"Feature","geometry":{"type":"Polygon","coordinates":[[[129.072772,35.172647],[129.072835,35.172704],[129.072765,35.172756],[129.072702,35.172699],[129.072772,35.172647]]]},"properties":{}},{"type":"Feature","geometry":{"type":"Polygon","coordinates":[[[129.072639,35.172705],[129.072726,35.172773],[129.07268,35.172813],[129.072593,35.172744],[129.072639,35.172705]]]},"properties":{}},{"type":"Feature","geometry":{"type":"Polygon","coordinates":[[[129.072651,35.172836],[129.072601,35.172873],[129.072556,35.172832],[129.072606,35.172795],[129.072651,35.172836]]]},"properties":{}},{"type":"Feature","geometry":{"type":"Polygon","coordinates":[[[129.072742,35.173009],[129.072663,35.17292],[129.072754,35.172866],[129.072833,35.172954],[129.072742,35.173009]]]},"properties":{"class":"apartments","subtype":"residential","num_floors":10}},{"type":"Feature","geometry":{"type":"Polygon","coordinates":[[[129.072399,35.172883],[129.072445,35.172843],[129.072534,35.17291],[129.072489,35.17295],[129.072399,35.172883]]]},"properties":{}},{"type":"Feature","geometry":{"type":"Polygon","coordinates":[[[129.072274,35.17278],[129.072395,35.172851],[129.072333,35.172923],[129.072211,35.172853],[129.072274,35.17278]]]},"properties":{"class":"apartments","subtype":"residential","num_floors":12}},{"type":"Feature","geometry":{"type":"Polygon","coordinates":[[[129.072423,35.173564],[129.072333,35.173654],[129.072237,35.17359],[129.072261,35.173566],[129.072195,35.173522],[129.072261,35.173455],[129.072423,35.173564]]]},"properties":{}},{"type":"Feature","geometry":{"type":"Polygon","coordinates":[[[129.072522,35.173812],[129.072419,35.173696],[129.072528,35.173632],[129.072631,35.173747],[129.072522,35.173812]]]},"properties":{}},{"type":"Feature","geometry":{"type":"Polygon","coordinates":[[[129.073344,35.173272],[129.073281,35.17333],[129.072938,35.173084],[129.073001,35.173025],[129.073344,35.173272]]]},"properties":{}},{"type":"Feature","geometry":{"type":"Polygon","coordinates":[[[129.073527,35.173544],[129.073458,35.173661],[129.073347,35.173617],[129.073346,35.173545],[129.073445,35.173544],[129.07346,35.173502],[129.073551,35.173479],[129.073571,35.173533],[129.073527,35.173544]]]},"properties":{"num_floors":12}},{"type":"Feature","geometry":{"type":"Polygon","coordinates":[[[129.073437,35.173364],[129.07348,35.17338],[129.073469,35.173401],[129.073425,35.173386],[129.073437,35.173364]]]},"properties":{}},{"type":"Feature","geometry":{"type":"Polygon","coordinates":[[[129.073344,35.172783],[129.073347,35.17286],[129.073253,35.172862],[129.07325,35.172785],[129.073344,35.172783]]]},"properties":{}},{"type":"Feature","geometry":{"type":"Polygon","coordinates":[[[129.073234,35.173026],[129.073266,35.173061],[129.073223,35.173087],[129.073191,35.173051],[129.073234,35.173026]]]},"properties":{}},{"type":"Feature","geometry":{"type":"Polygon","coordinates":[[[129.073405,35.173009],[129.073337,35.173044],[129.073301,35.172997],[129.073369,35.172962],[129.073405,35.173009]]]},"properties":{}},{"type":"Feature","geometry":{"type":"Polygon","coordinates":[[[129.073172,35.173046],[129.073116,35.173004],[129.073167,35.172958],[129.073223,35.173],[129.073172,35.173046]]]},"properties":{}},{"type":"Feature","geometry":{"type":"Polygon","coordinates":[[[129.073105,35.172817],[129.073164,35.172791],[129.073222,35.172878],[129.073163,35.172904],[129.073105,35.172817]]]},"properties":{}},{"type":"Feature","geometry":{"type":"Polygon","coordinates":[[[129.073115,35.172705],[129.073177,35.172683],[129.073209,35.172744],[129.073147,35.172765],[129.073115,35.172705]]]},"properties":{}},{"type":"Feature","geometry":{"type":"Polygon","coordinates":[[[129.073107,35.172604],[129.073159,35.172668],[129.073114,35.172692],[129.073062,35.172628],[129.073107,35.172604]]]},"properties":{}},{"type":"Feature","geometry":{"type":"Polygon","coordinates":[[[129.072999,35.172806],[129.072948,35.172728],[129.072995,35.172707],[129.073047,35.172784],[129.072999,35.172806]]]},"properties":{}},{"type":"Feature","geometry":{"type":"Polygon","coordinates":[[[129.072924,35.172583],[129.072961,35.172628],[129.072905,35.172659],[129.072868,35.172613],[129.072924,35.172583]]]},"properties":{}},{"type":"Feature","geometry":{"type":"Polygon","coordinates":[[[129.073,35.172525],[129.072952,35.172543],[129.072917,35.172483],[129.072966,35.172465],[129.073,35.172525]]]},"properties":{}},{"type":"Feature","geometry":{"type":"Polygon","coordinates":[[[129.073194,35.172587],[129.073267,35.172559],[129.073301,35.172619],[129.073228,35.172647],[129.073194,35.172587]]]},"properties":{}},{"type":"Feature","geometry":{"type":"Polygon","coordinates":[[[129.07328,35.172756],[129.073249,35.172683],[129.073338,35.172658],[129.073369,35.172731],[129.07328,35.172756]]]},"properties":{}},{"type":"Feature","geometry":{"type":"Polygon","coordinates":[[[129.073459,35.172834],[129.073379,35.172841],[129.073372,35.172798],[129.073453,35.17279],[129.073459,35.172834]]]},"properties":{}},{"type":"Feature","geometry":{"type":"Polygon","coordinates":[[[129.073421,35.172711],[129.073385,35.172652],[129.073457,35.172623],[129.073493,35.172682],[129.073421,35.172711]]]},"properties":{}},{"type":"Feature","geometry":{"type":"Polygon","coordinates":[[[129.073444,35.172573],[129.073408,35.172609],[129.073379,35.17259],[129.073415,35.172553],[129.073444,35.172573]]]},"properties":{}},{"type":"Feature","geometry":{"type":"Polygon","coordinates":[[[129.07342,35.172526],[129.073338,35.172564],[129.073305,35.172516],[129.073387,35.172478],[129.07342,35.172526]]]},"properties":{}},{"type":"Feature","geometry":{"type":"Polygon","coordinates":[[[129.073634,35.172533],[129.07371,35.17253],[129.073712,35.172577],[129.073636,35.172579],[129.073634,35.172533]]]},"properties":{}},{"type":"Feature","geometry":{"type":"Polygon","coordinates":[[[129.073559,35.173051],[129.07361,35.173015],[129.073672,35.173073],[129.073622,35.173109],[129.073559,35.173051]]]},"properties":{}},{"type":"Feature","geometry":{"type":"Polygon","coordinates":[[[129.073821,35.172979],[129.073762,35.173024],[129.073689,35.17296],[129.073748,35.172915],[129.073821,35.172979]]]},"properties":{}},{"type":"Feature","geometry":{"type":"Polygon","coordinates":[[[129.07364,35.172901],[129.07366,35.172857],[129.073696,35.172868],[129.073675,35.172912],[129.07364,35.172901]]]},"properties":{}},{"type":"Feature","geometry":{"type":"Polygon","coordinates":[[[129.073899,35.172765],[129.074086,35.172898],[129.073998,35.17298],[129.073811,35.172847],[129.073899,35.172765]]]},"properties":{}},{"type":"Feature","geometry":{"type":"Polygon","coordinates":[[[129.073996,35.173174],[129.073914,35.173135],[129.073952,35.173082],[129.074034,35.173121],[129.073996,35.173174]]]},"properties":{}},{"type":"Feature","geometry":{"type":"Polygon","coordinates":[[[129.074078,35.17295],[129.074136,35.172997],[129.074174,35.172965],[129.074203,35.172988],[129.074127,35.173051],[129.074041,35.172982],[129.074078,35.17295]]]},"properties":{}},{"type":"Feature","geometry":{"type":"Polygon","coordinates":[[[129.073881,35.172683],[129.073917,35.172646],[129.074035,35.172726],[129.073999,35.172762],[129.073881,35.172683]]]},"properties":{}},{"type":"Feature","geometry":{"type":"Polygon","coordinates":[[[129.074048,35.172668],[129.073972,35.17262],[129.074042,35.172546],[129.074118,35.172593],[129.074048,35.172668]]]},"properties":{}},{"type":"Feature","geometry":{"type":"Polygon","coordinates":[[[129.074262,35.172472],[129.074226,35.172527],[129.074117,35.172479],[129.074153,35.172424],[129.074262,35.172472]]]},"properties":{}},{"type":"Feature","geometry":{"type":"Polygon","coordinates":[[[129.074207,35.172713],[129.074158,35.17278],[129.07406,35.172733],[129.074108,35.172666],[129.074207,35.172713]]]},"properties":{}},{"type":"Feature","geometry":{"type":"Polygon","coordinates":[[[129.074435,35.172534],[129.074407,35.172608],[129.074298,35.17258],[129.074327,35.172506],[129.074435,35.172534]]]},"properties":{}},{"type":"Feature","geometry":{"type":"Polygon","coordinates":[[[129.074561,35.172483],[129.074674,35.172497],[129.074654,35.172604],[129.074541,35.17259],[129.074561,35.172483]]]},"properties":{}},{"type":"Feature","geometry":{"type":"Polygon","coordinates":[[[129.074741,35.172751],[129.074787,35.172762],[129.074774,35.172799],[129.074646,35.172768],[129.074673,35.172693],[129.074755,35.172713],[129.074741,35.172751]]]},"properties":{}},{"type":"Feature","geometry":{"type":"Polygon","coordinates":[[[129.074575,35.172771],[129.074483,35.172753],[129.074508,35.17267],[129.0746,35.172688],[129.074575,35.172771]]]},"properties":{}},{"type":"Feature","geometry":{"type":"Polygon","coordinates":[[[129.074737,35.173131],[129.074734,35.173193],[129.07462,35.17319],[129.074623,35.173127],[129.074737,35.173131]]]},"properties":{}},{"type":"Feature","geometry":{"type":"Polygon","coordinates":[[[129.074564,35.172998],[129.074592,35.173048],[129.07453,35.173071],[129.074502,35.17302],[129.074564,35.172998]]]},"properties":{}},{"type":"Feature","geometry":{"type":"Polygon","coordinates":[[[129.074405,35.173122],[129.074361,35.173054],[129.074421,35.173028],[129.074465,35.173097],[129.074405,35.173122]]]},"properties":{}},{"type":"Feature","geometry":{"type":"Polygon","coordinates":[[[129.074272,35.172999],[129.074214,35.173097],[129.074162,35.173077],[129.074221,35.172979],[129.074272,35.172999]]]},"properties":{}},{"type":"Feature","geometry":{"type":"Polygon","coordinates":[[[129.074369,35.17341],[129.074277,35.173427],[129.074262,35.173373],[129.074354,35.173356],[129.074369,35.17341]]]},"properties":{}},{"type":"Feature","geometry":{"type":"Polygon","coordinates":[[[129.074355,35.173485],[129.074402,35.173464],[129.074428,35.173502],[129.07438,35.173524],[129.074355,35.173485]]]},"properties":{}},{"type":"Feature","geometry":{"type":"Polygon","coordinates":[[[129.07443,35.173305],[129.074309,35.17331],[129.074301,35.173189],[129.074422,35.173184],[129.07443,35.173305]]]},"properties":{}},{"type":"Feature","geometry":{"type":"Polygon","coordinates":[[[129.074554,35.173234],[129.074556,35.1733],[129.074476,35.173302],[129.074473,35.173236],[129.074554,35.173234]]]},"properties":{}},{"type":"Feature","geometry":{"type":"Polygon","coordinates":[[[129.074733,35.173226],[129.074734,35.173292],[129.074626,35.173292],[129.074625,35.173226],[129.074733,35.173226]]]},"properties":{}},{"type":"Feature","geometry":{"type":"Polygon","coordinates":[[[129.074697,35.173448],[129.074652,35.173489],[129.074582,35.173437],[129.074628,35.173396],[129.074697,35.173448]]]},"properties":{}},{"type":"Feature","geometry":{"type":"Polygon","coordinates":[[[129.074628,35.173539],[129.07458,35.173579],[129.074513,35.173524],[129.07456,35.173485],[129.074628,35.173539]]]},"properties":{}},{"type":"Feature","geometry":{"type":"Polygon","coordinates":[[[129.074429,35.173385],[129.074427,35.173338],[129.074532,35.173336],[129.074534,35.173383],[129.074429,35.173385]]]},"properties":{}},{"type":"Feature","geometry":{"type":"Polygon","coordinates":[[[129.074533,35.173631],[129.074455,35.173587],[129.074487,35.173548],[129.074566,35.173592],[129.074533,35.173631]]]},"properties":{}},{"type":"Feature","geometry":{"type":"Polygon","coordinates":[[[129.07464,35.17371],[129.074593,35.173657],[129.07468,35.173605],[129.074727,35.173659],[129.07464,35.17371]]]},"properties":{}},{"type":"Feature","geometry":{"type":"Polygon","coordinates":[[[129.074272,35.173547],[129.074376,35.173626],[129.07422,35.173763],[129.074116,35.173684],[129.074272,35.173547]]]},"properties":{"class":"apartments","subtype":"residential","num_floors":14}},{"type":"Feature","geometry":{"type":"Polygon","coordinates":[[[129.073986,35.173301],[129.074004,35.173257],[129.074104,35.173283],[129.074086,35.173327],[129.073986,35.173301]]]},"properties":{}},{"type":"Feature","geometry":{"type":"Polygon","coordinates":[[[129.073948,35.173223],[129.073928,35.173267],[129.073857,35.173246],[129.073876,35.173202],[129.073948,35.173223]]]},"properties":{}},{"type":"Feature","geometry":{"type":"Polygon","coordinates":[[[129.073761,35.173285],[129.073725,35.173358],[129.073663,35.173338],[129.073699,35.173265],[129.073761,35.173285]]]},"properties":{}},{"type":"Feature","geometry":{"type":"Polygon","coordinates":[[[129.073842,35.174157],[129.073674,35.174103],[129.073702,35.174045],[129.07387,35.174099],[129.073842,35.174157]]]},"properties":{}},{"type":"Feature","geometry":{"type":"Polygon","coordinates":[[[129.074144,35.17446],[129.074119,35.174449],[129.074079,35.174511],[129.073599,35.174303],[129.073648,35.174227],[129.074212,35.174472],[129.074172,35.174534],[129.074113,35.174508],[129.074144,35.17446]]]},"properties":{}},{"type":"Feature","geometry":{"type":"Polygon","coordinates":[[[129.074099,35.174178],[129.074072,35.174236],[129.073885,35.174178],[129.073912,35.17412],[129.074099,35.174178]]]},"properties":{}},{"type":"Feature","geometry":{"type":"Polygon","coordinates":[[[129.074477,35.173844],[129.074537,35.173883],[129.07446,35.173962],[129.0744,35.173923],[129.074477,35.173844]]]},"properties":{}},{"type":"Feature","geometry":{"type":"Polygon","coordinates":[[[129.074478,35.173998],[129.074552,35.174011],[129.074545,35.174041],[129.07447,35.174028],[129.074478,35.173998]]]},"properties":{}},{"type":"Feature","geometry":{"type":"Polygon","coordinates":[[[129.074334,35.174543],[129.074365,35.174579],[129.074343,35.174592],[129.074312,35.174556],[129.074334,35.174543]]]},"properties":{}},{"type":"Feature","geometry":{"type":"Polygon","coordinates":[[[129.074598,35.174628],[129.074566,35.174676],[129.074441,35.174621],[129.074477,35.174566],[129.074628,35.174633],[129.074623,35.17464],[129.074598,35.174628]]]},"properties":{}},{"type":"Feature","geometry":{"type":"Polygon","coordinates":[[[129.07442,35.174843],[129.074437,35.174815],[129.074343,35.174777],[129.074321,35.174812],[129.074176,35.174753],[129.074215,35.17469],[129.074778,35.174919],[129.074744,35.174974],[129.07442,35.174843]]]},"properties":{}},{"type":"Feature","geometry":{"type":"Polygon","coordinates":[[[129.074323,35.175058],[129.074369,35.174981],[129.074738,35.175127],[129.074688,35.175211],[129.074302,35.175058],[129.074306,35.175052],[129.074323,35.175058]]]},"properties":{}},{"type":"Feature","geometry":{"type":"Polygon","coordinates":[[[129.074237,35.175016],[129.074281,35.174965],[129.074235,35.174938],[129.074213,35.174963],[129.074166,35.174936],[129.074199,35.174898],[129.074316,35.174966],[129.07426,35.175029],[129.074237,35.175016]]]},"properties":{}},{"type":"Feature","geometry":{"type":"Polygon","coordinates":[[[129.074092,35.175219],[129.074008,35.175254],[129.073983,35.175215],[129.074067,35.17518],[129.074092,35.175219]]]},"properties":{}},{"type":"Feature","geometry":{"type":"Polygon","coordinates":[[[129.073962,35.175186],[129.073949,35.175143],[129.074027,35.175126],[129.07404,35.175169],[129.073962,35.175186]]]},"properties":{}},{"type":"Feature","geometry":{"type":"Polygon","coordinates":[[[129.073803,35.174937],[129.073864,35.17501],[129.073841,35.175023],[129.07378,35.17495],[129.073803,35.174937]]]},"properties":{}},{"type":"Feature","geometry":{"type":"Polygon","coordinates":[[[129.073831,35.174638],[129.073723,35.174574],[129.07379,35.174499],[129.074091,35.174677],[129.074052,35.174721],[129.073859,35.174607],[129.073831,35.174638]]]},"properties":{}},{"type":"Feature","geometry":{"type":"Polygon","coordinates":[[[129.073599,35.174696],[129.07352,35.174594],[129.073577,35.174564],[129.073656,35.174667],[129.073599,35.174696]]]},"properties":{}},{"type":"Feature","geometry":{"type":"Polygon","coordinates":[[[129.073736,35.175267],[129.073677,35.17519],[129.073747,35.175154],[129.073877,35.175324],[129.073772,35.175378],[129.073641,35.175316],[129.073736,35.175267]]]},"properties":{"class":"apartments","subtype":"residential","num_floors":15}},{"type":"Feature","geometry":{"type":"Polygon","coordinates":[[[129.073527,35.175233],[129.073572,35.175289],[129.073395,35.175384],[129.07335,35.175328],[129.073527,35.175233]]]},"properties":{"num_floors":9}},{"type":"Feature","geometry":{"type":"Polygon","coordinates":[[[129.072927,35.174773],[129.073095,35.174689],[129.073193,35.17482],[129.073111,35.174916],[129.073068,35.174892],[129.07303,35.17491],[129.072927,35.174773]]]},"properties":{"class":"apartments","subtype":"residential","num_floors":14}},{"type":"Feature","geometry":{"type":"Polygon","coordinates":[[[129.07324,35.17459],[129.07335,35.174739],[129.073239,35.174794],[129.073129,35.174645],[129.07324,35.17459]]]},"properties":{"class":"apartments","subtype":"residential","num_floors":10}},{"type":"Feature","geometry":{"type":"Polygon","coordinates":[[[129.073248,35.174848],[129.073227,35.174821],[129.073324,35.174771],[129.073372,35.174835],[129.073486,35.174906],[129.073443,35.174952],[129.073474,35.174971],[129.073422,35.175027],[129.073251,35.17492],[129.07321,35.174867],[129.073248,35.174848]]]},"properties":{"class":"apartments","subtype":"residential","num_floors":12}},{"type":"Feature","geometry":{"type":"Polygon","coordinates":[[[129.073391,35.174322],[129.073322,35.174355],[129.07328,35.174299],[129.07335,35.174265],[129.073391,35.174322]]]},"properties":{}},{"type":"Feature","geometry":{"type":"Polygon","coordinates":[[[129.072969,35.174163],[129.073019,35.174215],[129.072956,35.174256],[129.072906,35.174205],[129.072969,35.174163]]]},"properties":{}},{"type":"Feature","geometry":{"type":"Polygon","coordinates":[[[129.073082,35.174357],[129.073239,35.174556],[129.073122,35.174617],[129.073079,35.174562],[129.072901,35.174656],[129.072788,35.174511],[129.073082,35.174357]]]},"properties":{"class":"apartments","subtype":"residential","num_floors":15}},{"type":"Feature","geometry":{"type":"Polygon","coordinates":[[[129.072712,35.174303],[129.072791,35.174405],[129.072652,35.174477],[129.072573,35.174375],[129.072712,35.174303]]]},"properties":{"num_floors":12}},{"type":"Feature","geometry":{"type":"Polygon","coordinates":[[[129.072692,35.173782],[129.072964,35.174123],[129.072862,35.174177],[129.07259,35.173836],[129.072692,35.173782]]]},"properties":{}},{"type":"Feature","geometry":{"type":"Polygon","coordinates":[[[129.072505,35.17388],[129.072644,35.174051],[129.072426,35.174165],[129.072291,35.173995],[129.072505,35.17388]]]},"properties":{"num_floors":13}},{"type":"Feature","geometry":{"type":"Polygon","coordinates":[[[129.072612,35.175291],[129.072353,35.175435],[129.071948,35.174945],[129.072207,35.174802],[129.072612,35.175291]]]},"properties":{"name":"상수도사업본부","num_floors":9}},{"type":"Feature","geometry":{"type":"Polygon","coordinates":[[[129.072692,35.176066],[129.072664,35.176166],[129.072537,35.176143],[129.07256,35.176062],[129.072494,35.17605],[129.072511,35.17599],[129.072403,35.17597],[129.07243,35.175872],[129.072563,35.175897],[129.072535,35.175995],[129.072598,35.175961],[129.072632,35.176002],[129.072562,35.176041],[129.072692,35.176066]]]},"properties":{"class":"apartments","subtype":"residential","num_floors":27}},{"type":"Feature","geometry":{"type":"Polygon","coordinates":[[[129.072913,35.17555],[129.072959,35.175526],[129.073045,35.175638],[129.072999,35.175662],[129.072913,35.17555]]]},"properties":{}},{"type":"Feature","geometry":{"type":"Polygon","coordinates":[[[129.073151,35.176028],[129.073,35.176106],[129.072927,35.176011],[129.072782,35.175988],[129.072805,35.175892],[129.072665,35.17587],[129.072699,35.17573],[129.072631,35.175646],[129.072789,35.175561],[129.072878,35.175671],[129.072995,35.17569],[129.072969,35.175796],[129.073098,35.175818],[129.073071,35.175925],[129.073151,35.176028]]]},"properties":{"class":"apartments","subtype":"residential","height":90.0,"num_floors":30}},{"type":"Feature","geometry":{"type":"Polygon","coordinates":[[[129.073246,35.176368],[129.073151,35.176248],[129.073378,35.176129],[129.073472,35.176249],[129.073246,35.176368]]]},"properties":{"num_floors":9}},{"type":"Feature","geometry":{"type":"Polygon","coordinates":[[[129.072752,35.176603],[129.072692,35.176528],[129.073005,35.17636],[129.073066,35.176435],[129.072752,35.176603]]]},"properties":{"class":"apartments","subtype":"residential","num_floors":11}},{"type":"Feature","geometry":{"type":"Polygon","coordinates":[[[129.072293,35.176995],[129.072339,35.176972],[129.072474,35.177149],[129.072348,35.177213],[129.072177,35.176989],[129.072257,35.176948],[129.072293,35.176995]]]},"properties":{}},{"type":"Feature","geometry":{"type":"Polygon","coordinates":[[[129.072701,35.176849],[129.072816,35.176818],[129.072846,35.176891],[129.072731,35.176922],[129.072701,35.176849]]]},"properties":{}},{"type":"Feature","geometry":{"type":"Polygon","coordinates":[[[129.072574,35.177057],[129.072605,35.177018],[129.072645,35.177039],[129.072614,35.177078],[129.072574,35.177057]]]},"properties":{}},{"type":"Feature","geometry":{"type":"Polygon","coordinates":[[[129.072744,35.177362],[129.072582,35.17725],[129.072651,35.177183],[129.072813,35.177294],[129.072744,35.177362]]]},"properties":{"class":"apartments","subtype":"residential","num_floors":13}},{"type":"Feature","geometry":{"type":"Polygon","coordinates":[[[129.072334,35.177237],[129.072486,35.177165],[129.072547,35.177251],[129.072395,35.177323],[129.072334,35.177237]]]},"properties":{}},{"type":"Feature","geometry":{"type":"Polygon","coordinates":[[[129.072394,35.177984],[129.072386,35.17794],[129.072439,35.177934],[129.072447,35.177977],[129.072394,35.177984]]]},"properties":{}},{"type":"Feature","geometry":{"type":"Polygon","coordinates":[[[129.072459,35.178079],[129.072363,35.17812],[129.072326,35.178061],[129.072422,35.178021],[129.072459,35.178079]]]},"properties":{}},{"type":"Feature","geometry":{"type":"Polygon","coordinates":[[[129.072518,35.178031],[129.07255,35.178103],[129.072525,35.178111],[129.072493,35.178038],[129.072518,35.178031]]]},"properties":{}},{"type":"Feature","geometry":{"type":"Polygon","coordinates":[[[129.072777,35.177884],[129.07284,35.177942],[129.072789,35.177979],[129.072727,35.177921],[129.072777,35.177884]]]},"properties":{}},{"type":"Feature","geometry":{"type":"Polygon","coordinates":[[[129.072999,35.177589],[129.072911,35.17764],[129.072864,35.177586],[129.072952,35.177535],[129.072999,35.177589]]]},"properties":{}},{"type":"Feature","geometry":{"type":"Polygon","coordinates":[[[129.073207,35.177557],[129.073084,35.17762],[129.072993,35.177499],[129.073185,35.177402],[129.07324,35.177405],[129.073331,35.17752],[129.07325,35.177562],[129.073207,35.177557]]]},"properties":{"class":"apartments","subtype":"residential","num_floors":10}},{"type":"Feature","geometry":{"type":"Polygon","coordinates":[[[129.073032,35.178036],[129.072842,35.178133],[129.072773,35.178043],[129.073011,35.177921],[129.073058,35.177982],[129.073009,35.178007],[129.073032,35.178036]]]},"properties":{"class":"apartments","subtype":"residential","num_floors":10}},{"type":"Feature","geometry":{"type":"Polygon","coordinates":[[[129.072849,35.178143],[129.07307,35.178025],[129.073115,35.178081],[129.073047,35.178117],[129.073079,35.178156],[129.072925,35.178238],[129.072849,35.178143]]]},"properties":{"class":"apartments","subtype":"residential","num_floors":10}},{"type":"Feature","geometry":{"type":"Polygon","coordinates":[[[129.073482,35.178127],[129.07352,35.178182],[129.073373,35.178252],[129.073238,35.178062],[129.073329,35.178019],[129.073425,35.178154],[129.073482,35.178127]]]},"properties":{"class":"apartments","subtype":"residential","num_floors":10}},{"type":"Feature","geometry":{"type":"Polygon","coordinates":[[[129.07286,35.176941],[129.073033,35.177153],[129.072994,35.177174],[129.072958,35.17716],[129.07294,35.177169],[129.072866,35.177078],[129.072822,35.177102],[129.072743,35.177005],[129.07286,35.176941]]]},"properties":{"class":"apartments","subtype":"residential","num_floors":10}},{"type":"Feature","geometry":{"type":"Polygon","coordinates":[[[129.073312,35.176795],[129.073356,35.176987],[129.073266,35.177001],[129.073221,35.176809],[129.073312,35.176795]]]},"properties":{"class":"apartments","subtype":"residential","num_floors":10}},{"type":"Feature","geometry":{"type":"Polygon","coordinates":[[[129.073353,35.177158],[129.073249,35.177219],[129.073174,35.177133],[129.073204,35.177116],[129.073154,35.177059],[129.073133,35.177072],[129.073038,35.176964],[129.073094,35.176931],[129.073057,35.176889],[129.073122,35.176851],[129.073173,35.176908],[129.07316,35.176916],[129.073238,35.177005],[129.073225,35.177012],[129.073353,35.177158]]]},"properties":{"num_floors":8}},{"type":"Feature","geometry":{"type":"Polygon","coordinates":[[[129.07348,35.17684],[129.073323,35.176818],[129.073356,35.17667],[129.073588,35.176703],[129.07356,35.176832],[129.073484,35.176821],[129.07348,35.17684]]]},"properties":{"class":"apartments","subtype":"residential","num_floors":8}},{"type":"Feature","geometry":{"type":"Polygon","coordinates":[[[129.07358,35.176974],[129.073527,35.176979],[129.073524,35.176957],[129.073578,35.176952],[129.07358,35.176974]]]},"properties":{}},{"type":"Feature","geometry":{"type":"Polygon","coordinates":[[[129.074289,35.177289],[129.074284,35.177289],[129.07427,35.177506],[129.074144,35.177501],[129.074132,35.17769],[129.074034,35.177686],[129.074037,35.177646],[129.073942,35.177642],[129.073967,35.177233],[129.074076,35.177238],[129.074079,35.177177],[129.074117,35.177178],[129.074119,35.177167],[129.074131,35.177145],[129.074154,35.177123],[129.074188,35.177114],[129.074224,35.177115],[129.074257,35.177125],[129.074284,35.177142],[129.074294,35.177164],[129.074296,35.177186],[129.074289,35.177289]]]},"properties":{"height":51.0,"num_floors":15}},{"type":"Feature","geometry":{"type":"Polygon","coordinates":[[[129.073537,35.177265],[129.073495,35.177233],[129.073553,35.177182],[129.073595,35.177213],[129.073537,35.177265]]]},"properties":{}},{"type":"Feature","geometry":{"type":"Polygon","coordinates":[[[129.073661,35.177596],[129.073591,35.177635],[129.073463,35.177479],[129.073562,35.177425],[129.073605,35.177476],[129.073576,35.177492],[129.073661,35.177596]]]},"properties":{"class":"apartments","subtype":"residential","num_floors":13}},{"type":"Feature","geometry":{"type":"Polygon","coordinates":[[[129.073681,35.177923],[129.073779,35.178028],[129.073747,35.178048],[129.073648,35.177943],[129.073681,35.177923]]]},"properties":{}},{"type":"Feature","geometry":{"type":"Polygon","coordinates":[[[129.074017,35.177816],[129.074074,35.177885],[129.07389,35.177987],[129.073833,35.177918],[129.074017,35.177816]]]},"properties":{"class":"apartments","subtype":"residential","num_floors":11}},{"type":"Feature","geometry":{"type":"Polygon","coordinates":[[[129.07415,35.178074],[129.0741,35.178089],[129.074082,35.178047],[129.074132,35.178033],[129.07415,35.178074]]]},"properties":{}},{"type":"Feature","geometry":{"type":"Polygon","coordinates":[[[129.07429,35.177613],[129.074384,35.177731],[129.074267,35.177793],[129.074227,35.177743],[129.074258,35.17763],[129.07429,35.177613]]]},"properties":{"class":"apartments","subtype":"residential","num_floors":17}},{"type":"Feature","geometry":{"type":"Polygon","coordinates":[[[129.074259,35.177915],[129.074283,35.177955],[129.07421,35.177984],[129.074187,35.177945],[129.074259,35.177915]]]},"properties":{}},{"type":"Feature","geometry":{"type":"Polygon","coordinates":[[[129.074417,35.177892],[129.074359,35.17792],[129.074324,35.177873],[129.074382,35.177845],[129.074417,35.177892]]]},"properties":{}},{"type":"Feature","geometry":{"type":"Polygon","coordinates":[[[129.074337,35.178296],[129.07428,35.178324],[129.074212,35.178235],[129.074245,35.178218],[129.07418,35.178132],[129.07415,35.178148],[129.074119,35.178107],[129.074355,35.177987],[129.07434,35.177968],[129.074505,35.177884],[129.074459,35.177824],[129.074667,35.177719],[129.074946,35.178087],[129.074734,35.178194],[129.074654,35.178089],[129.074312,35.178262],[129.074337,35.178296]]]},"properties":{"name":"롯데 골드로즈","class":"apartments","subtype":"residential","height":90.0,"num_floors":28}},{"type":"Feature","geometry":{"type":"Polygon","coordinates":[[[129.074642,35.176837],[129.074575,35.176871],[129.074521,35.176801],[129.074626,35.176747],[129.074628,35.176688],[129.074686,35.17669],[129.074684,35.176749],[129.074729,35.176808],[129.074654,35.176846],[129.074642,35.176837]]]},"properties":{"class":"apartments","subtype":"residential","num_floors":19}},{"type":"Feature","geometry":{"type":"Polygon","coordinates":[[[129.074384,35.176434],[129.074481,35.176382],[129.074599,35.17653],[129.074502,35.176581],[129.074384,35.176434]]]},"properties":{"class":"apartments","subtype":"residential","num_floors":14}},{"type":"Feature","geometry":{"type":"Polygon","coordinates":[[[129.074635,35.176469],[129.074734,35.176394],[129.07477,35.176426],[129.074672,35.176501],[129.074635,35.176469]]]},"properties":{}},{"type":"Feature","geometry":{"type":"Polygon","coordinates":[[[129.07459,35.176196],[129.074618,35.176276],[129.074421,35.176329],[129.074389,35.176251],[129.07459,35.176196]]]},"properties":{"class":"apartments","subtype":"residential","num_floors":10}},{"type":"Feature","geometry":{"type":"Polygon","coordinates":[[[129.074392,35.176016],[129.074498,35.176151],[129.074204,35.176306],[129.074256,35.176372],[129.074162,35.176421],[129.073936,35.176136],[129.074075,35.176062],[129.074143,35.176148],[129.074392,35.176016]]]},"properties":{"class":"apartments","subtype":"residential","num_floors":20}},{"type":"Feature","geometry":{"type":"Polygon","coordinates":[[[129.073766,35.176708],[129.073663,35.176668],[129.0737,35.176604],[129.073803,35.176645],[129.073766,35.176708]]]},"properties":{}},{"type":"Feature","geometry":{"type":"Polygon","coordinates":[[[129.073518,35.176605],[129.07355,35.176548],[129.07368,35.176597],[129.073648,35.176653],[129.073518,35.176605]]]},"properties":{}},{"type":"Feature","geometry":{"type":"Polygon","coordinates":[[[129.073878,35.175949],[129.073944,35.175894],[129.074011,35.175949],[129.073944,35.176003],[129.073878,35.175949]]]},"properties":{}},{"type":"Feature","geometry":{"type":"Polygon","coordinates":[[[129.073648,35.175712],[129.073498,35.175526],[129.073615,35.175463],[129.073646,35.175501],[129.073753,35.175444],[129.073799,35.175501],[129.073753,35.175567],[129.073711,35.175589],[129.073761,35.175651],[129.073648,35.175712]]]},"properties":{"class":"apartments","subtype":"residential","num_floors":15}},{"type":"Feature","geometry":{"type":"Polygon","coordinates":[[[129.073455,35.175406],[129.073607,35.175314],[129.073655,35.175368],[129.073503,35.175459],[129.073455,35.175406]]]},"properties":{}},{"type":"Feature","geometry":{"type":"Polygon","coordinates":[[[129.074263,35.175235],[129.074374,35.175373],[129.074197,35.175469],[129.074086,35.175331],[129.074263,35.175235]]]},"properties":{"class":"apartments","subtype":"residential","num_floors":13}},{"type":"Feature","geometry":{"type":"Polygon","coordinates":[[[129.074139,35.175711],[129.074373,35.176],[129.074261,35.17606],[129.074027,35.175772],[129.074139,35.175711]]]},"properties":{"class":"apartments","subtype":"residential","num_floors":12}},{"type":"Feature","geometry":{"type":"Polygon","coordinates":[[[129.074628,35.175839],[129.074538,35.175887],[129.074318,35.17561],[129.074409,35.175562],[129.074628,35.175839]]]},"properties":{}},{"type":"Feature","geometry":{"type":"Polygon","coordinates":[[[129.074793,35.176042],[129.07469,35.176094],[129.074583,35.175954],[129.074687,35.175902],[129.074793,35.176042]]]},"properties":{}},{"type":"Feature","geometry":{"type":"Polygon","coordinates":[[[129.074659,35.175812],[129.0745,35.175607],[129.074602,35.175554],[129.074761,35.175758],[129.074659,35.175812]]]},"properties":{}},{"type":"Feature","geometry":{"type":"Polygon","coordinates":[[[129.074593,35.175543],[129.074493,35.175599],[129.074448,35.175544],[129.074548,35.175489],[129.074593,35.175543]]]},"properties":{}},{"type":"Feature","geometry":{"type":"Polygon","coordinates":[[[129.074727,35.17539],[129.074784,35.175459],[129.074702,35.175504],[129.074645,35.175435],[129.074727,35.17539]]]},"properties":{"class":"apartments","subtype":"residential","num_floors":8}},{"type":"Feature","geometry":{"type":"Polygon","coordinates":[[[129.074991,35.175525],[129.075071,35.175622],[129.074904,35.175713],[129.074824,35.175616],[129.074991,35.175525]]]},"properties":{"class":"apartments","subtype":"residential","num_floors":13}},{"type":"Feature","geometry":{"type":"Polygon","coordinates":[[[129.074956,35.175474],[129.074893,35.175495],[129.074878,35.175464],[129.074941,35.175444],[129.074956,35.175474]]]},"properties":{}},{"type":"Feature","geometry":{"type":"Polygon","coordinates":[[[129.075177,35.175539],[129.075241,35.175623],[129.07516,35.175663],[129.075097,35.175579],[129.075177,35.175539]]]},"properties":{}},{"type":"Feature","geometry":{"type":"Polygon","coordinates":[[[129.075009,35.175828],[129.075078,35.175794],[129.075134,35.175869],[129.075065,35.175903],[129.075009,35.175828]]]},"properties":{}},{"type":"Feature","geometry":{"type":"Polygon","coordinates":[[[129.075215,35.175908],[129.075104,35.175783],[129.07517,35.175744],[129.075281,35.175869],[129.075215,35.175908]]]},"properties":{}},{"type":"Feature","geometry":{"type":"Polygon","coordinates":[[[129.075396,35.175779],[129.075309,35.175831],[129.075198,35.175706],[129.075286,35.175655],[129.075396,35.175779]]]},"properties":{}},{"type":"Feature","geometry":{"type":"Polygon","coordinates":[[[129.075348,35.175861],[129.075386,35.175907],[129.075286,35.175963],[129.075248,35.175917],[129.075348,35.175861]]]},"properties":{}},{"type":"Feature","geometry":{"type":"Polygon","coordinates":[[[129.074798,35.175953],[129.074876,35.17591],[129.074928,35.175974],[129.07485,35.176017],[129.074798,35.175953]]]},"properties":{}},{"type":"Feature","geometry":{"type":"Polygon","coordinates":[[[129.07478,35.17615],[129.074749,35.176114],[129.074816,35.176076],[129.074846,35.176112],[129.07478,35.17615]]]},"properties":{}},{"type":"Feature","geometry":{"type":"Polygon","coordinates":[[[129.074972,35.176023],[129.075145,35.17622],[129.075058,35.176271],[129.074885,35.176074],[129.074972,35.176023]]]},"properties":{}},{"type":"Feature","geometry":{"type":"Polygon","coordinates":[[[129.074765,35.176549],[129.074796,35.1765],[129.074864,35.176529],[129.074833,35.176578],[129.074765,35.176549]]]},"properties":{}},{"type":"Feature","geometry":{"type":"Polygon","coordinates":[[[129.074983,35.176743],[129.074883,35.176793],[129.074763,35.176633],[129.074863,35.176583],[129.074983,35.176743]]]},"properties":{"class":"apartments","subtype":"residential","num_floors":11}},{"type":"Feature","geometry":{"type":"Polygon","coordinates":[[[129.075187,35.17656],[129.075329,35.176477],[129.075431,35.176593],[129.075288,35.176677],[129.075187,35.17656]]]},"properties":{}},{"type":"Feature","geometry":{"type":"Polygon","coordinates":[[[129.075231,35.176491],[129.075115,35.17633],[129.075197,35.176291],[129.075312,35.176453],[129.075231,35.176491]]]},"properties":{}},{"type":"Feature","geometry":{"type":"Polygon","coordinates":[[[129.075016,35.176389],[129.075085,35.176355],[129.075106,35.176383],[129.075037,35.176418],[129.075016,35.176389]]]},"properties":{}},{"type":"Feature","geometry":{"type":"Polygon","coordinates":[[[129.075196,35.176023],[129.075262,35.17601],[129.075274,35.176053],[129.075208,35.176066],[129.075196,35.176023]]]},"properties":{}},{"type":"Feature","geometry":{"type":"Polygon","coordinates":[[[129.075212,35.176123],[129.075306,35.176081],[129.075345,35.176138],[129.075251,35.176181],[129.075212,35.176123]]]},"properties":{}},{"type":"Feature","geometry":{"type":"Polygon","coordinates":[[[129.07569,35.176255],[129.07561,35.176296],[129.075503,35.176156],[129.075583,35.176115],[129.07569,35.176255]]]},"properties":{}},{"type":"Feature","geometry":{"type":"Polygon","coordinates":[[[129.075377,35.176313],[129.075434,35.176284],[129.075518,35.176397],[129.07546,35.176426],[129.075377,35.176313]]]},"properties":{}},{"type":"Feature","geometry":{"type":"Polygon","coordinates":[[[129.075494,35.176204],[129.075461,35.176242],[129.075415,35.176214],[129.075448,35.176177],[129.075494,35.176204]]]},"properties":{}},{"type":"Feature","geometry":{"type":"Polygon","coordinates":[[[129.075325,35.17625],[129.075382,35.176221],[129.075417,35.176268],[129.07536,35.176297],[129.075325,35.17625]]]},"properties":{}},{"type":"Feature","geometry":{"type":"Polygon","coordinates":[[[129.075547,35.176348],[129.075604,35.176319],[129.075698,35.17644],[129.075641,35.17647],[129.075547,35.176348]]]},"properties":{}},{"type":"Feature","geometry":{"type":"Polygon","coordinates":[[[129.075656,35.176095],[129.075907,35.175969],[129.075966,35.176047],[129.075806,35.176127],[129.075824,35.176151],[129.075732,35.176197],[129.075656,35.176095]]]},"properties":{"class":"apartments","subtype":"residential","num_floors":12}},{"type":"Feature","geometry":{"type":"Polygon","coordinates":[[[129.076041,35.175659],[129.075933,35.175778],[129.075821,35.17571],[129.075877,35.175649],[129.075815,35.175611],[129.075832,35.175592],[129.075927,35.17559],[129.076041,35.175659]]]},"properties":{"class":"apartments","subtype":"residential","num_floors":9}},{"type":"Feature","geometry":{"type":"Polygon","coordinates":[[[129.075726,35.175914],[129.07561,35.175763],[129.07577,35.175681],[129.075825,35.175752],[129.075802,35.175764],[129.075863,35.175844],[129.075726,35.175914]]]},"properties":{"name":"서면 그리스도의 교회","subtype":"religious"}},{"type":"Feature","geometry":{"type":"Polygon","coordinates":[[[129.075664,35.175981],[129.075582,35.176038],[129.07539,35.175854],[129.075472,35.175796],[129.075664,35.175981]]]},"properties":{}},{"type":"Feature","geometry":{"type":"Polygon","coordinates":[[[129.075479,35.175733],[129.075439,35.175703],[129.075466,35.175678],[129.075506,35.175708],[129.075479,35.175733]]]},"properties":{}},{"type":"Feature","geometry":{"type":"Polygon","coordinates":[[[129.075505,35.175648],[129.075554,35.175629],[129.075589,35.175688],[129.07554,35.175708],[129.075505,35.175648]]]},"properties":{}},{"type":"Feature","geometry":{"type":"Polygon","coordinates":[[[129.07535,35.175623],[129.075419,35.175589],[129.075461,35.175645],[129.075392,35.175679],[129.07535,35.175623]]]},"properties":{}},{"type":"Feature","geometry":{"type":"Polygon","coordinates":[[[129.075484,35.175628],[129.075445,35.17557],[129.075516,35.175538],[129.075555,35.175596],[129.075484,35.175628]]]},"properties":{}},{"type":"Feature","geometry":{"type":"Polygon","coordinates":[[[129.075724,35.175501],[129.075791,35.175495],[129.075805,35.175605],[129.075738,35.17561],[129.075724,35.175501]]]},"properties":{}},{"type":"Feature","geometry":{"type":"Polygon","coordinates":[[[129.076111,35.175304],[129.076049,35.1754],[129.075948,35.175356],[129.07601,35.17526],[129.076111,35.175304]]]},"properties":{}},{"type":"Feature","geometry":{"type":"Polygon","coordinates":[[[129.076072,35.175472],[129.076025,35.17552],[129.075965,35.175481],[129.076012,35.175433],[129.076072,35.175472]]]},"properties":{}},{"type":"Feature","geometry":{"type":"Polygon","coordinates":[[[129.076234,35.175553],[129.0763,35.175551],[129.076302,35.175629],[129.076235,35.17563],[129.076234,35.175553]]]},"properties":{}},{"type":"Feature","geometry":{"type":"Polygon","coordinates":[[[129.076098,35.176063],[129.076037,35.175977],[129.076096,35.175949],[129.076156,35.176035],[129.076098,35.176063]]]},"properties":{}},{"type":"Feature","geometry":{"type":"Polygon","coordinates":[[[129.076192,35.175944],[129.07615,35.175912],[129.076175,35.175889],[129.076217,35.175921],[129.076192,35.175944]]]},"properties":{}},{"type":"Feature","geometry":{"type":"Polygon","coordinates":[[[129.076611,35.175757],[129.076387,35.175881],[129.07628,35.175764],[129.076471,35.175657],[129.07651,35.175706],[129.076547,35.175688],[129.076611,35.175757]]]},"properties":{"class":"apartments","subtype":"residential","num_floors":14}},{"type":"Feature","geometry":{"type":"Polygon","coordinates":[[[129.076982,35.175736],[129.076721,35.175627],[129.076755,35.175572],[129.076812,35.175596],[129.07692,35.175425],[129.076873,35.175405],[129.07695,35.175283],[129.0772,35.175387],[129.076982,35.175736]]]},"properties":{"class":"apartments","subtype":"residential","num_floors":15}},{"type":"Feature","geometry":{"type":"Polygon","coordinates":[[[129.076587,35.175974],[129.076573,35.175955],[129.076676,35.175904],[129.076635,35.175847],[129.076681,35.175824],[129.076737,35.1759],[129.076587,35.175974]]]},"properties":{}},{"type":"Feature","geometry":{"type":"Polygon","coordinates":[[[129.076865,35.176083],[129.077168,35.175916],[129.077246,35.176011],[129.076949,35.176175],[129.076962,35.176191],[129.076651,35.176362],[129.076569,35.176263],[129.076875,35.176094],[129.076865,35.176083]]]},"properties":{"name":"103","class":"apartments","subtype":"residential","num_floors":15}},{"type":"Feature","geometry":{"type":"Polygon","coordinates":[[[129.077247,35.176097],[129.07719,35.176092],[129.077171,35.176232],[129.076792,35.176479],[129.076708,35.176393],[129.077223,35.176056],[129.07728,35.176061],[129.077267,35.176162],[129.077238,35.176159],[129.077247,35.176097]]]},"properties":{}},{"type":"Feature","geometry":{"type":"Polygon","coordinates":[[[129.077371,35.176691],[129.077107,35.176844],[129.077029,35.176754],[129.077294,35.176601],[129.077371,35.176691]]]},"properties":{}},{"type":"Feature","geometry":{"type":"Polygon","coordinates":[[[129.076415,35.176789],[129.076366,35.176699],[129.076427,35.176676],[129.076477,35.176767],[129.076415,35.176789]]]},"properties":{}},{"type":"Feature","geometry":{"type":"Polygon","coordinates":[[[129.076324,35.176338],[129.076581,35.176361],[129.076555,35.176554],[129.076626,35.176624],[129.07651,35.176702],[129.076414,35.176608],[129.076308,35.17668],[129.076213,35.176586],[129.076301,35.176526],[129.076324,35.176338]]]},"properties":{"name":"102","class":"apartments","subtype":"residential","num_floors":15}},{"type":"Feature","geometry":{"type":"Polygon","coordinates":[[[129.075876,35.176578],[129.075967,35.176531],[129.076155,35.176773],[129.076064,35.17682],[129.075876,35.176578]]]},"properties":{}},{"type":"Feature","geometry":{"type":"Polygon","coordinates":[[[129.076043,35.177539],[129.075957,35.177402],[129.076053,35.177362],[129.076139,35.177499],[129.076043,35.177539]]]},"properties":{}},{"type":"Feature","geometry":{"type":"Polygon","coordinates":[[[129.076162,35.17723],[129.076227,35.177313],[129.076148,35.177355],[129.076082,35.177272],[129.076162,35.17723]]]},"properties":{}},{"type":"Feature","geometry":{"type":"Polygon","coordinates":[[[129.076184,35.177369],[129.076226,35.177342],[129.076276,35.177394],[129.076233,35.177421],[129.076184,35.177369]]]},"properties":{}},{"type":"Feature","geometry":{"type":"Polygon","coordinates":[[[129.076171,35.177172],[129.076204,35.177144],[129.076252,35.177183],[129.076218,35.17721],[129.076171,35.177172]]]},"properties":{}},{"type":"Feature","geometry":{"type":"Polygon","coordinates":[[[129.076473,35.177154],[129.076404,35.177189],[129.076376,35.177151],[129.076444,35.177116],[129.076473,35.177154]]]},"properties":{}},{"type":"Feature","geometry":{"type":"Polygon","coordinates":[[[129.076616,35.176702],[129.076873,35.176724],[129.076847,35.176918],[129.076918,35.176988],[129.076803,35.177066],[129.076707,35.176972],[129.0766,35.177044],[129.076505,35.17695],[129.076594,35.17689],[129.076616,35.176702]]]},"properties":{"name":"101","class":"apartments","subtype":"residential","num_floors":15}},{"type":"Feature","geometry":{"type":"Polygon","coordinates":[[[129.076708,35.177093],[129.076749,35.177126],[129.076722,35.177148],[129.076681,35.177115],[129.076708,35.177093]]]},"properties":{}},{"type":"Feature","geometry":{"type":"Polygon","coordinates":[[[129.077399,35.177607],[129.077127,35.177779],[129.077008,35.177653],[129.077099,35.177596],[129.077054,35.177548],[129.077163,35.177479],[129.077209,35.177527],[129.077281,35.177482],[129.077399,35.177607]]]},"properties":{"name":"부산광역시선거관리위원회","num_floors":4}},{"type":"Feature","geometry":{"type":"Polygon","coordinates":[[[129.077047,35.178083],[129.076869,35.178396],[129.076703,35.178333],[129.076856,35.178063],[129.07674,35.177905],[129.076869,35.177841],[129.077047,35.178083]]]},"properties":{"name":"부산고용노동청","num_floors":4}},{"type":"Feature","geometry":{"type":"Polygon","coordinates":[[[129.076355,35.177458],[129.076533,35.177534],[129.076408,35.177729],[129.076301,35.177684],[129.076168,35.17789],[129.076098,35.17786],[129.076355,35.177458]]]},"properties":{"class":"apartments","subtype":"residential","num_floors":21}},{"type":"Feature","geometry":{"type":"Polygon","coordinates":[[[129.076101,35.177783],[129.07606,35.177809],[129.075968,35.177711],[129.076164,35.177588],[129.076212,35.177639],[129.076135,35.177688],[129.076157,35.177711],[129.07608,35.17776],[129.076101,35.177783]]]},"properties":{"class":"apartments","subtype":"residential","num_floors":10}},{"type":"Feature","geometry":{"type":"Polygon","coordinates":[[[129.075874,35.178261],[129.075832,35.178233],[129.07576,35.178183],[129.075675,35.178105],[129.075586,35.178017],[129.07551,35.177906],[129.075435,35.177765],[129.075472,35.177765],[129.075358,35.177624],[129.075538,35.177487],[129.075645,35.17767],[129.075618,35.177683],[129.075634,35.177697],[129.07566,35.177687],[129.075935,35.178063],[129.075901,35.178078],[129.075908,35.178091],[129.076002,35.178085],[129.076045,35.178112],[129.076068,35.178165],[129.076065,35.178213],[129.076027,35.178247],[129.075989,35.178273],[129.075921,35.178276],[129.075874,35.178261]]]},"properties":{"name":"국민연금공단 부산","height":98.0,"num_floors":20}},{"type":"Feature","geometry":{"type":"Polygon","coordinates":[[[129.075955,35.17736],[129.07589,35.177276],[129.075958,35.177241],[129.076023,35.177324],[129.075955,35.17736]]]},"properties":{}},{"type":"Feature","geometry":{"type":"Polygon","coordinates":[[[129.075718,35.177301],[129.075819,35.177404],[129.075756,35.177446],[129.075655,35.177343],[129.075718,35.177301]]]},"properties":{}},{"type":"Feature","geometry":{"type":"Polygon","coordinates":[[[129.075918,35.17714],[129.075841,35.177047],[129.075952,35.176986],[129.076028,35.177079],[129.075918,35.17714]]]},"properties":{"class":"apartments","subtype":"residential","num_floors":8}},{"type":"Feature","geometry":{"type":"Polygon","coordinates":[[[129.075935,35.17686],[129.075843,35.176907],[129.075657,35.176664],[129.075748,35.176617],[129.075935,35.17686]]]},"properties":{}},{"type":"Feature","geometry":{"type":"Polygon","coordinates":[[[129.075755,35.177221],[129.075588,35.177311],[129.075537,35.177247],[129.075546,35.177237],[129.075529,35.177216],[129.075546,35.177207],[129.075537,35.177196],[129.075659,35.177131],[129.075701,35.177184],[129.075718,35.177175],[129.075755,35.177221]]]},"properties":{"class":"apartments","subtype":"residential","num_floors":10}},{"type":"Feature","geometry":{"type":"Polygon","coordinates":[[[129.075051,35.177338],[129.074943,35.177204],[129.075259,35.177033],[129.075367,35.177167],[129.075051,35.177338]]]},"properties":{"num_floors":17}},{"type":"Feature","geometry":{"type":"Polygon","coordinates":[[[129.075109,35.177019],[129.075055,35.176956],[129.075155,35.176899],[129.075209,35.176962],[129.075109,35.177019]]]},"properties":{}},{"type":"Feature","geometry":{"type":"Polygon","coordinates":[[[129.075202,35.178505],[129.074976,35.178629],[129.074882,35.178491],[129.075097,35.178376],[129.075202,35.178505]]]},"properties":{}},{"type":"Feature","geometry":{"type":"Polygon","coordinates":[[[129.076966,35.178414],[129.07721,35.178279],[129.077396,35.178503],[129.077314,35.178549],[129.077363,35.178608],[129.077243,35.178674],[129.077139,35.178548],[129.077034,35.178607],[129.07697,35.17853],[129.077033,35.178495],[129.076966,35.178414]]]},"properties":{"name":"102","class":"apartments","subtype":"residential","height":110.0,"num_floors":38}},{"type":"Feature","geometry":{"type":"Polygon","coordinates":[[[129.076888,35.17883],[129.077127,35.178688],[129.077322,35.178907],[129.077241,35.178955],[129.077293,35.179013],[129.077176,35.179082],[129.077067,35.178959],[129.076964,35.179021],[129.076897,35.178946],[129.076959,35.178909],[129.076888,35.17883]]]},"properties":{"name":"103","class":"apartments","subtype":"residential","height":109.0,"num_floors":38}},{"type":"Feature","geometry":{"type":"Polygon","coordinates":[[[129.076838,35.179215],[129.077076,35.179073],[129.077272,35.179292],[129.077191,35.17934],[129.077242,35.179398],[129.077125,35.179467],[129.077016,35.179344],[129.076913,35.179406],[129.076846,35.179331],[129.076908,35.179294],[129.076838,35.179215]]]},"properties":{"name":"104","class":"apartments","subtype":"residential","height":109.0,"num_floors":38}},{"type":"Feature","geometry":{"type":"Polygon","coordinates":[[[129.076389,35.179152],[129.076546,35.179065],[129.076857,35.17944],[129.0767,35.179527],[129.076389,35.179152]]]},"properties":{"num_floors":24}},{"type":"Feature","geometry":{"type":"Polygon","coordinates":[[[129.076445,35.180086],[129.076555,35.180224],[129.07638,35.180317],[129.07627,35.180179],[129.076445,35.180086]]]},"properties":{}},{"type":"Feature","geometry":{"type":"Polygon","coordinates":[[[129.077039,35.180605],[129.076828,35.180726],[129.076667,35.180542],[129.076795,35.180454],[129.07694,35.180482],[129.077039,35.180605]]]},"properties":{"class":"commercial","subtype":"commercial","num_floors":3}},{"type":"Feature","geometry":{"type":"Polygon","coordinates":[[[129.077161,35.180778],[129.076988,35.180873],[129.076911,35.180778],[129.07709,35.180677],[129.077161,35.180778]]]},"properties":{"subtype":"commercial","num_floors":3}},{"type":"Feature","geometry":{"type":"Polygon","coordinates":[[[129.077238,35.180944],[129.07708,35.181031],[129.077003,35.180937],[129.077162,35.18085],[129.077238,35.180944]]]},"properties":{"num_floors":15}},{"type":"Feature","geometry":{"type":"Polygon","coordinates":[[[129.076652,35.180801],[129.076747,35.180748],[129.077002,35.181057],[129.076908,35.181109],[129.076652,35.180801]]]},"properties":{"name":"102","class":"apartments","subtype":"residential","height":100.0,"num_floors":32}},{"type":"Feature","geometry":{"type":"Polygon","coordinates":[[[129.076338,35.180851],[129.076276,35.180777],[129.076598,35.180598],[129.076691,35.180708],[129.07662,35.180748],[129.076589,35.180711],[129.076338,35.180851]]]},"properties":{"name":"101","class":"apartments","subtype":"residential","height":100.0,"num_floors":32}},{"type":"Feature","geometry":{"type":"Polygon","coordinates":[[[129.07627,35.180179],[129.07638,35.180317],[129.076406,35.180348],[129.076161,35.180479],[129.076106,35.18041],[129.076087,35.180386],[129.076025,35.18031],[129.07627,35.180179]]]},"properties":{}},{"type":"Feature","geometry":{"type":"Polygon","coordinates":[[[129.07618,35.180838],[129.07625,35.180924],[129.076124,35.180993],[129.076233,35.181126],[129.076145,35.181175],[129.076035,35.181041],[129.075776,35.181184],[129.075706,35.181099],[129.07618,35.180838]]]},"properties":{"name":"201","class":"apartments","subtype":"residential","height":100.0,"num_floors":33}},{"type":"Feature","geometry":{"type":"Polygon","coordinates":[[[129.075908,35.180518],[129.075475,35.180748],[129.075199,35.180402],[129.075633,35.180172],[129.075908,35.180518]]]},"properties":{"name":"부산광역시의회","num_floors":6}},{"type":"Feature","geometry":{"type":"Polygon","coordinates":[[[129.075586,35.180017],[129.07512,35.180255],[129.074824,35.179867],[129.075291,35.179629],[129.075586,35.180017]]]},"properties":{"name":"부산광역시청","class":"office","subtype":"commercial","num_floors":25}},{"type":"Feature","geometry":{"type":"Polygon","coordinates":[[[129.074739,35.179019],[129.07423,35.179277],[129.073976,35.178953],[129.074492,35.178683],[129.074581,35.178797],[129.074739,35.179019]]]},"properties":{"name":"부산지방경찰청","subtype":"civic","num_floors":13}},{"type":"Feature","geometry":{"type":"Polygon","coordinates":[[[129.073855,35.178603],[129.073933,35.178706],[129.07383,35.178759],[129.073752,35.178656],[129.073855,35.178603]]]},"properties":{}},{"type":"Feature","geometry":{"type":"Polygon","coordinates":[[[129.07376,35.178211],[129.073864,35.178159],[129.074196,35.1786],[129.074093,35.178652],[129.07376,35.178211]]]},"properties":{}},{"type":"Feature","geometry":{"type":"Polygon","coordinates":[[[129.073687,35.178382],[129.073662,35.178424],[129.073627,35.178411],[129.073652,35.178368],[129.073687,35.178382]]]},"properties":{}},{"type":"Feature","geometry":{"type":"Polygon","coordinates":[[[129.073739,35.178328],[129.073657,35.178264],[129.073703,35.178224],[129.073875,35.178359],[129.073783,35.178438],[129.073693,35.178368],[129.073739,35.178328]]]},"properties":{}},{"type":"Feature","geometry":{"type":"Polygon","coordinates":[[[129.073678,35.178332],[129.073589,35.178381],[129.073544,35.178327],[129.073633,35.178277],[129.073678,35.178332]]]},"properties":{}},{"type":"Feature","geometry":{"type":"Polygon","coordinates":[[[129.073712,35.178558],[129.073772,35.178533],[129.073803,35.178582],[129.073743,35.178607],[129.073712,35.178558]]]},"properties":{}},{"type":"Feature","geometry":{"type":"Polygon","coordinates":[[[129.073647,35.178652],[129.073751,35.178782],[129.073542,35.178895],[129.073413,35.178879],[129.073356,35.178809],[129.073647,35.178652]]]},"properties":{"num_floors":8}},{"type":"Feature","geometry":{"type":"Polygon","coordinates":[[[129.074045,35.179146],[129.073821,35.179266],[129.073678,35.179086],[129.073901,35.178966],[129.074045,35.179146]]]},"properties":{"name":"부산 경찰청 기동 2중대"}},{"type":"Feature","geometry":{"type":"Polygon","coordinates":[[[129.073003,35.178893],[129.073168,35.178819],[129.073272,35.178973],[129.073107,35.179048],[129.073003,35.178893]]]},"properties":{}},{"type":"Feature","geometry":{"type":"Polygon","coordinates":[[[129.073012,35.178641],[129.072954,35.178669],[129.072906,35.178603],[129.072963,35.178575],[129.073012,35.178641]]]},"properties":{}},{"type":"Feature","geometry":{"type":"Polygon","coordinates":[[[129.072968,35.178689],[129.073026,35.178661],[129.073073,35.178729],[129.073014,35.178756],[129.072968,35.178689]]]},"properties":{}},{"type":"Feature","geometry":{"type":"Polygon","coordinates":[[[129.072769,35.178652],[129.073013,35.178982],[129.072943,35.179016],[129.0727,35.178686],[129.072769,35.178652]]]},"properties":{}},{"type":"Feature","geometry":{"type":"Polygon","coordinates":[[[129.072656,35.178551],[129.072689,35.178533],[129.072734,35.178588],[129.072633,35.178643],[129.072492,35.178468],[129.072559,35.178431],[129.072656,35.178551]]]},"properties":{}},{"type":"Feature","geometry":{"type":"Polygon","coordinates":[[[129.072873,35.178515],[129.072819,35.178515],[129.072819,35.178471],[129.072873,35.178471],[129.072873,35.178515]]]},"properties":{}},{"type":"Feature","geometry":{"type":"Polygon","coordinates":[[[129.072555,35.178162],[129.072614,35.178135],[129.072647,35.178183],[129.072587,35.17821],[129.072555,35.178162]]]},"properties":{}},{"type":"Feature","geometry":{"type":"Polygon","coordinates":[[[129.072547,35.17841],[129.072477,35.178443],[129.072411,35.178347],[129.072481,35.178314],[129.072547,35.17841]]]},"properties":{}},{"type":"Feature","geometry":{"type":"Polygon","coordinates":[[[129.072524,35.178301],[129.072574,35.178284],[129.072605,35.178345],[129.072555,35.178362],[129.072524,35.178301]]]},"properties":{}},{"type":"Feature","geometry":{"type":"Polygon","coordinates":[[[129.07251,35.178273],[129.072454,35.178226],[129.072512,35.17818],[129.072568,35.178227],[129.07251,35.178273]]]},"properties":{}},{"type":"Feature","geometry":{"type":"Polygon","coordinates":[[[129.072447,35.178271],[129.072375,35.178301],[129.072326,35.178223],[129.072398,35.178193],[129.072447,35.178271]]]},"properties":{}},{"type":"Feature","geometry":{"type":"Polygon","coordinates":[[[129.072221,35.178411],[129.07229,35.178377],[129.072346,35.178452],[129.072277,35.178487],[129.072221,35.178411]]]},"properties":{}},{"type":"Feature","geometry":{"type":"Polygon","coordinates":[[[129.07236,35.178594],[129.072294,35.178498],[129.072364,35.178466],[129.07243,35.178562],[129.07236,35.178594]]]},"properties":{}},{"type":"Feature","geometry":{"type":"Polygon","coordinates":[[[129.072463,35.17858],[129.072548,35.178693],[129.072479,35.178727],[129.072394,35.178615],[129.072463,35.17858]]]},"properties":{}},{"type":"Feature","geometry":{"type":"Polygon","coordinates":[[[129.072299,35.178671],[129.072364,35.178632],[129.072469,35.178746],[129.072404,35.178786],[129.072299,35.178671]]]},"properties":{}},{"type":"Feature","geometry":{"type":"Polygon","coordinates":[[[129.07248,35.179044],[129.072554,35.179122],[129.072501,35.179156],[129.072427,35.179078],[129.07248,35.179044]]]},"properties":{}},{"type":"Feature","geometry":{"type":"Polygon","coordinates":[[[129.0725,35.179006],[129.072386,35.17887],[129.072464,35.178827],[129.072578,35.178963],[129.0725,35.179006]]]},"properties":{}},{"type":"Feature","geometry":{"type":"Polygon","coordinates":[[[129.072487,35.178808],[129.072577,35.178759],[129.072871,35.179115],[129.072782,35.179164],[129.072487,35.178808]]]},"properties":{}},{"type":"Feature","geometry":{"type":"Polygon","coordinates":[[[129.072257,35.179552],[129.072226,35.179503],[129.072286,35.179478],[129.072317,35.179527],[129.072257,35.179552]]]},"properties":{}},{"type":"Feature","geometry":{"type":"Polygon","coordinates":[[[129.072539,35.179758],[129.072534,35.179714],[129.072588,35.17971],[129.072593,35.179754],[129.072539,35.179758]]]},"properties":{}},{"type":"Feature","geometry":{"type":"Polygon","coordinates":[[[129.072428,35.179783],[129.072482,35.17975],[129.072522,35.179794],[129.072468,35.179827],[129.072428,35.179783]]]},"properties":{}},{"type":"Feature","geometry":{"type":"Polygon","coordinates":[[[129.072343,35.179907],[129.072376,35.179979],[129.072238,35.180023],[129.072204,35.179951],[129.072343,35.179907]]]},"properties":{}},{"type":"Feature","geometry":{"type":"Polygon","coordinates":[[[129.072398,35.180063],[129.072274,35.180107],[129.072242,35.180047],[129.072366,35.180003],[129.072398,35.180063]]]},"properties":{}},{"type":"Feature","geometry":{"type":"Polygon","coordinates":[[[129.072497,35.180022],[129.072425,35.180053],[129.0724,35.180014],[129.072472,35.179983],[129.072497,35.180022]]]},"properties":{}},{"type":"Feature","geometry":{"type":"Polygon","coordinates":[[[129.072726,35.179939],[129.072677,35.179956],[129.072656,35.179915],[129.072705,35.179898],[129.072726,35.179939]]]},"properties":{}},{"type":"Feature","geometry":{"type":"Polygon","coordinates":[[[129.072666,35.179854],[129.072617,35.179872],[129.072584,35.179812],[129.072633,35.179794],[129.072666,35.179854]]]},"properties":{}},{"type":"Feature","geometry":{"type":"Polygon","coordinates":[[[129.072859,35.180798],[129.072929,35.180765],[129.072969,35.180822],[129.072899,35.180855],[129.072859,35.180798]]]},"properties":{}},{"type":"Feature","geometry":{"type":"Polygon","coordinates":[[[129.072952,35.180942],[129.072918,35.180882],[129.073016,35.180845],[129.073049,35.180906],[129.072952,35.180942]]]},"properties":{}},{"type":"Feature","geometry":{"type":"Polygon","coordinates":[[[129.072847,35.181007],[129.0728,35.181001],[129.072804,35.180978],[129.072851,35.180984],[129.072847,35.181007]]]},"properties":{}},{"type":"Feature","geometry":{"type":"Polygon","coordinates":[[[129.072798,35.180438],[129.072604,35.180514],[129.072546,35.180414],[129.07274,35.180338],[129.072798,35.180438]]]},"properties":{}},{"type":"Feature","geometry":{"type":"Polygon","coordinates":[[[129.072594,35.180348],[129.072517,35.18037],[129.072491,35.180307],[129.072567,35.180286],[129.072594,35.180348]]]},"properties":{}},{"type":"Feature","geometry":{"type":"Polygon","coordinates":[[[129.072338,35.181181],[129.072448,35.181346],[129.072294,35.181414],[129.072184,35.18125],[129.072338,35.181181]]]},"properties":{}},{"type":"Feature","geometry":{"type":"Polygon","coordinates":[[[129.072877,35.181596],[129.072477,35.181729],[129.072386,35.181545],[129.072785,35.181412],[129.072877,35.181596]]]},"properties":{}},{"type":"Feature","geometry":{"type":"Polygon","coordinates":[[[129.072353,35.181454],[129.072536,35.181384],[129.072571,35.181444],[129.072387,35.181514],[129.072353,35.181454]]]},"properties":{}},{"type":"Feature","geometry":{"type":"Polygon","coordinates":[[[129.072264,35.181702],[129.072339,35.181678],[129.072349,35.181699],[129.072274,35.181723],[129.072264,35.181702]]]},"properties":{}},{"type":"Feature","geometry":{"type":"Polygon","coordinates":[[[129.072576,35.182035],[129.072496,35.182076],[129.072389,35.181936],[129.072469,35.181895],[129.072576,35.182035]]]},"properties":{}},{"type":"Feature","geometry":{"type":"Polygon","coordinates":[[[129.072382,35.182431],[129.072294,35.182458],[129.072237,35.182334],[129.072325,35.182307],[129.072382,35.182431]]]},"properties":{}},{"type":"Feature","geometry":{"type":"Polygon","coordinates":[[[129.072339,35.182145],[129.072487,35.182392],[129.072414,35.182421],[129.072267,35.182174],[129.072339,35.182145]]]},"properties":{}},{"type":"Feature","geometry":{"type":"Polygon","coordinates":[[[129.072628,35.182139],[129.072531,35.182177],[129.072501,35.182127],[129.072598,35.182089],[129.072628,35.182139]]]},"properties":{}},{"type":"Feature","geometry":{"type":"Polygon","coordinates":[[[129.073003,35.182193],[129.072783,35.18232],[129.072443,35.181771],[129.072985,35.181565],[129.073292,35.182035],[129.073154,35.182107],[129.073003,35.182193]]]},"properties":{"name":"거제시장"}},{"type":"Feature","geometry":{"type":"Polygon","coordinates":[[[129.073334,35.181661],[129.073206,35.181519],[129.073317,35.181452],[129.073439,35.181587],[129.073601,35.181575],[129.073613,35.181681],[129.073492,35.18169],[129.073467,35.181707],[129.073411,35.181801],[129.073282,35.18175],[129.073334,35.181661]]]},"properties":{"name":"101","class":"apartments","subtype":"residential","num_floors":22}},{"type":"Feature","geometry":{"type":"Polygon","coordinates":[[[129.072934,35.181206],[129.073042,35.181147],[129.07316,35.18129],[129.07327,35.181289],[129.073271,35.181404],[129.07318,35.181405],[129.073163,35.181414],[129.073132,35.181469],[129.07302,35.181426],[129.073059,35.181358],[129.072934,35.181206]]]},"properties":{"name":"102","class":"apartments","subtype":"residential","num_floors":22}},{"type":"Feature","geometry":{"type":"Polygon","coordinates":[[[129.072863,35.181132],[129.072813,35.181054],[129.072957,35.180993],[129.073006,35.181072],[129.072863,35.181132]]]},"properties":{}},{"type":"Feature","geometry":{"type":"Polygon","coordinates":[[[129.07355,35.181535],[129.073564,35.18149],[129.073601,35.181498],[129.073586,35.181543],[129.07355,35.181535]]]},"properties":{}},{"type":"Feature","geometry":{"type":"Polygon","coordinates":[[[129.074601,35.181712],[129.074714,35.181676],[129.074748,35.181748],[129.074635,35.181784],[129.074601,35.181712]]]},"properties":{}},{"type":"Feature","geometry":{"type":"Polygon","coordinates":[[[129.074253,35.181734],[129.074197,35.181765],[129.074159,35.18172],[129.074214,35.181688],[129.074253,35.181734]]]},"properties":{}},{"type":"Feature","geometry":{"type":"Polygon","coordinates":[[[129.074193,35.181641],[129.074148,35.181681],[129.074118,35.181659],[129.074164,35.181618],[129.074193,35.181641]]]},"properties":{}},{"type":"Feature","geometry":{"type":"Polygon","coordinates":[[[129.074165,35.181863],[129.074109,35.181893],[129.074087,35.181865],[129.074144,35.181835],[129.074165,35.181863]]]},"properties":{}},{"type":"Feature","geometry":{"type":"Polygon","coordinates":[[[129.074224,35.181891],[129.074258,35.181963],[129.074144,35.181998],[129.07411,35.181926],[129.074224,35.181891]]]},"properties":{}},{"type":"Feature","geometry":{"type":"Polygon","coordinates":[[[129.07433,35.182068],[129.074219,35.182108],[129.07418,35.182038],[129.074291,35.181997],[129.07433,35.182068]]]},"properties":{}},{"type":"Feature","geometry":{"type":"Polygon","coordinates":[[[129.074468,35.181797],[129.074491,35.181872],[129.074425,35.181885],[129.074403,35.18181],[129.074468,35.181797]]]},"properties":{}},{"type":"Feature","geometry":{"type":"Polygon","coordinates":[[[129.074522,35.181868],[129.074488,35.181773],[129.074552,35.181757],[129.074587,35.181852],[129.074522,35.181868]]]},"properties":{}},{"type":"Feature","geometry":{"type":"Polygon","coordinates":[[[129.074571,35.182085],[129.074537,35.182025],[129.07466,35.181979],[129.074693,35.182039],[129.074571,35.182085]]]},"properties":{}},{"type":"Feature","geometry":{"type":"Polygon","coordinates":[[[129.074559,35.182211],[129.074502,35.182209],[129.074504,35.182178],[129.074561,35.18218],[129.074559,35.182211]]]},"properties":{}},{"type":"Feature","geometry":{"type":"Polygon","coordinates":[[[129.074601,35.182099],[129.074698,35.182062],[129.074744,35.182142],[129.074646,35.182179],[129.074601,35.182099]]]},"properties":{}},{"type":"Feature","geometry":{"type":"Polygon","coordinates":[[[129.074602,35.182323],[129.074559,35.182281],[129.074589,35.182259],[129.074633,35.182301],[129.074602,35.182323]]]},"properties":{}},{"type":"Feature","geometry":{"type":"Polygon","coordinates":[[[129.074428,35.1824],[129.074382,35.182332],[129.074488,35.182284],[129.074534,35.182351],[129.074428,35.1824]]]},"properties":{}},{"type":"Feature","geometry":{"type":"Polygon","coordinates":[[[129.07446,35.182257],[129.074354,35.182305],[129.074321,35.182257],[129.074427,35.182208],[129.07446,35.182257]]]},"properties":{}},{"type":"Feature","geometry":{"type":"Polygon","coordinates":[[[129.074285,35.18222],[129.074239,35.182141],[129.07436,35.182093],[129.074407,35.182173],[129.074285,35.18222]]]},"properties":{}},{"type":"Feature","geometry":{"type":"Polygon","coordinates":[[[129.074137,35.182131],[129.074227,35.182267],[129.074156,35.182298],[129.074066,35.182162],[129.074137,35.182131]]]},"properties":{}},{"type":"Feature","geometry":{"type":"Polygon","coordinates":[[[129.074151,35.182318],[129.074242,35.1823],[129.074265,35.182375],[129.074173,35.182393],[129.074151,35.182318]]]},"properties":{}},{"type":"Feature","geometry":{"type":"Polygon","coordinates":[[[129.074047,35.182313],[129.07404,35.182269],[129.074093,35.182263],[129.074101,35.182307],[129.074047,35.182313]]]},"properties":{}},{"type":"Feature","geometry":{"type":"Polygon","coordinates":[[[129.073976,35.182376],[129.073936,35.182307],[129.073997,35.182283],[129.074037,35.182352],[129.073976,35.182376]]]},"properties":{}},{"type":"Feature","geometry":{"type":"Polygon","coordinates":[[[129.073932,35.18239],[129.073844,35.182419],[129.073819,35.182368],[129.073906,35.182339],[129.073932,35.18239]]]},"properties":{}},{"type":"Feature","geometry":{"type":"Polygon","coordinates":[[[129.073927,35.182278],[129.073886,35.182209],[129.073947,35.182185],[129.073988,35.182254],[129.073927,35.182278]]]},"properties":{}},{"type":"Feature","geometry":{"type":"Polygon","coordinates":[[[129.073882,35.182177],[129.073847,35.182118],[129.07392,35.182089],[129.073955,35.182149],[129.073882,35.182177]]]},"properties":{}},{"type":"Feature","geometry":{"type":"Polygon","coordinates":[[[129.07403,35.182231],[129.074002,35.182209],[129.074028,35.182187],[129.074056,35.182208],[129.07403,35.182231]]]},"properties":{}},{"type":"Feature","geometry":{"type":"Polygon","coordinates":[[[129.074007,35.182148],[129.07396,35.182069],[129.074057,35.182031],[129.074104,35.18211],[129.074007,35.182148]]]},"properties":{}},{"type":"Feature","geometry":{"type":"Polygon","coordinates":[[[129.073969,35.182036],[129.07393,35.181978],[129.074012,35.181941],[129.074051,35.181999],[129.073969,35.182036]]]},"properties":{}},{"type":"Feature","geometry":{"type":"Polygon","coordinates":[[[129.074075,35.181828],[129.07404,35.181768],[129.074113,35.18174],[129.074148,35.181799],[129.074075,35.181828]]]},"properties":{}},{"type":"Feature","geometry":{"type":"Polygon","coordinates":[[[129.073825,35.18208],[129.07373,35.181947],[129.0738,35.181913],[129.073895,35.182047],[129.073825,35.18208]]]},"properties":{}},{"type":"Feature","geometry":{"type":"Polygon","coordinates":[[[129.073596,35.182194],[129.073505,35.182242],[129.073476,35.182205],[129.073566,35.182157],[129.073596,35.182194]]]},"properties":{}},{"type":"Feature","geometry":{"type":"Polygon","coordinates":[[[129.073755,35.182133],[129.073661,35.182175],[129.073609,35.182098],[129.073704,35.182056],[129.073755,35.182133]]]},"properties":{}},{"type":"Feature","geometry":{"type":"Polygon","coordinates":[[[129.073747,35.182228],[129.073743,35.182184],[129.073796,35.182181],[129.0738,35.182225],[129.073747,35.182228]]]},"properties":{}},{"type":"Feature","geometry":{"type":"Polygon","coordinates":[[[129.073768,35.182353],[129.073732,35.182294],[129.073829,35.182255],[129.073865,35.182314],[129.073768,35.182353]]]},"properties":{}},{"type":"Feature","geometry":{"type":"Polygon","coordinates":[[[129.073595,35.182339],[129.073689,35.182299],[129.073827,35.18252],[129.073733,35.18256],[129.073595,35.182339]]]},"properties":{"num_floors":8}},{"type":"Feature","geometry":{"type":"Polygon","coordinates":[[[129.073799,35.183076],[129.073691,35.183121],[129.073648,35.183053],[129.073756,35.183007],[129.073799,35.183076]]]},"properties":{}},{"type":"Feature","geometry":{"type":"Polygon","coordinates":[[[129.073615,35.182934],[129.073707,35.182916],[129.07373,35.182991],[129.073638,35.183009],[129.073615,35.182934]]]},"properties":{}},{"type":"Feature","geometry":{"type":"Polygon","coordinates":[[[129.073844,35.18311],[129.073878,35.183072],[129.073909,35.183091],[129.073875,35.183129],[129.073844,35.18311]]]},"properties":{}},{"type":"Feature","geometry":{"type":"Polygon","coordinates":[[[129.074,35.183032],[129.073967,35.182984],[129.074026,35.182957],[129.074059,35.183006],[129.074,35.183032]]]},"properties":{}},{"type":"Feature","geometry":{"type":"Polygon","coordinates":[[[129.07419,35.183056],[129.074104,35.183128],[129.074049,35.183085],[129.074136,35.183012],[129.07419,35.183056]]]},"properties":{}},{"type":"Feature","geometry":{"type":"Polygon","coordinates":[[[129.073904,35.18286],[129.073981,35.18284],[129.073969,35.182808],[129.074059,35.182785],[129.074104,35.1829],[129.073938,35.182944],[129.073904,35.18286]]]},"properties":{}},{"type":"Feature","geometry":{"type":"Polygon","coordinates":[[[129.074011,35.18274],[129.073982,35.18261],[129.074062,35.182598],[129.074091,35.182728],[129.074011,35.18274]]]},"properties":{}},{"type":"Feature","geometry":{"type":"Polygon","coordinates":[[[129.073857,35.182766],[129.07382,35.182696],[129.073931,35.182657],[129.073969,35.182727],[129.073857,35.182766]]]},"properties":{}},{"type":"Feature","geometry":{"type":"Polygon","coordinates":[[[129.074123,35.182549],[129.073986,35.182412],[129.074049,35.182371],[129.074185,35.182507],[129.074123,35.182549]]]},"properties":{}},{"type":"Feature","geometry":{"type":"Polygon","coordinates":[[[129.074332,35.182707],[129.074313,35.182631],[129.074339,35.182627],[129.074358,35.182702],[129.074332,35.182707]]]},"properties":{}},{"type":"Feature","geometry":{"type":"Polygon","coordinates":[[[129.074385,35.182729],[129.074399,35.182794],[129.074345,35.182801],[129.074332,35.182736],[129.074385,35.182729]]]},"properties":{}},{"type":"Feature","geometry":{"type":"Polygon","coordinates":[[[129.074244,35.182463],[129.074359,35.18246],[129.074361,35.182523],[129.074246,35.182525],[129.074244,35.182463]]]},"properties":{}},{"type":"Feature","geometry":{"type":"Polygon","coordinates":[[[129.074446,35.182412],[129.074539,35.182367],[129.074634,35.1825],[129.074541,35.182544],[129.074446,35.182412]]]},"properties":{}},{"type":"Feature","geometry":{"type":"Polygon","coordinates":[[[129.074819,35.182724],[129.074693,35.182763],[129.074641,35.182649],[129.074768,35.182611],[129.074819,35.182724]]]},"properties":{}},{"type":"Feature","geometry":{"type":"Polygon","coordinates":[[[129.074523,35.182733],[129.074554,35.182795],[129.074479,35.182819],[129.074448,35.182758],[129.074523,35.182733]]]},"properties":{}},{"type":"Feature","geometry":{"type":"Polygon","coordinates":[[[129.074614,35.182907],[129.074479,35.182957],[129.074451,35.182906],[129.074586,35.182857],[129.074614,35.182907]]]},"properties":{}},{"type":"Feature","geometry":{"type":"Polygon","coordinates":[[[129.074573,35.182971],[129.074619,35.182948],[129.074661,35.183004],[129.074615,35.183027],[129.074573,35.182971]]]},"properties":{}},{"type":"Feature","geometry":{"type":"Polygon","coordinates":[[[129.074581,35.183141],[129.074662,35.183102],[129.07471,35.183168],[129.074629,35.183208],[129.074581,35.183141]]]},"properties":{}},{"type":"Feature","geometry":{"type":"Polygon","coordinates":[[[129.074481,35.183037],[129.074506,35.1831],[129.074454,35.183114],[129.07443,35.183051],[129.074481,35.183037]]]},"properties":{}},{"type":"Feature","geometry":{"type":"Polygon","coordinates":[[[129.074385,35.182919],[129.074272,35.182908],[129.074283,35.182831],[129.074397,35.182842],[129.074385,35.182919]]]},"properties":{}},{"type":"Feature","geometry":{"type":"Polygon","coordinates":[[[129.074194,35.182951],[129.074244,35.182973],[129.074276,35.182925],[129.074402,35.182981],[129.074347,35.183063],[129.074171,35.182985],[129.074194,35.182951]]]},"properties":{}},{"type":"Feature","geometry":{"type":"Polygon","coordinates":[[[129.074164,35.18316],[129.074252,35.183109],[129.074299,35.183162],[129.074212,35.183214],[129.074164,35.18316]]]},"properties":{}},{"type":"Feature","geometry":{"type":"Polygon","coordinates":[[[129.074327,35.183483],[129.074276,35.183418],[129.074355,35.183376],[129.074406,35.183441],[129.074327,35.183483]]]},"properties":{}},{"type":"Feature","geometry":{"type":"Polygon","coordinates":[[[129.074335,35.183276],[129.074424,35.183227],[129.07447,35.183281],[129.074381,35.183331],[129.074335,35.183276]]]},"properties":{}},{"type":"Feature","geometry":{"type":"Polygon","coordinates":[[[129.074461,35.183195],[129.074544,35.183158],[129.07459,35.183225],[129.074507,35.183263],[129.074461,35.183195]]]},"properties":{}},{"type":"Feature","geometry":{"type":"Polygon","coordinates":[[[129.074627,35.183439],[129.074523,35.183298],[129.074603,35.183258],[129.074708,35.183399],[129.074627,35.183439]]]},"properties":{}},{"type":"Feature","geometry":{"type":"Polygon","coordinates":[[[129.074406,35.183355],[129.074486,35.183314],[129.074537,35.183379],[129.074457,35.18342],[129.074406,35.183355]]]},"properties":{}},{"type":"Feature","geometry":{"type":"Polygon","coordinates":[[[129.074499,35.183551],[129.074532,35.183611],[129.074471,35.183634],[129.074482,35.183654],[129.074531,35.183636],[129.074564,35.183696],[129.074491,35.183723],[129.074413,35.183583],[129.074499,35.183551]]]},"properties":{}},{"type":"Feature","geometry":{"type":"Polygon","coordinates":[[[129.074545,35.183524],[129.074611,35.183485],[129.074658,35.183539],[129.074592,35.183578],[129.074545,35.183524]]]},"properties":{}},{"type":"Feature","geometry":{"type":"Polygon","coordinates":[[[129.074672,35.183582],[129.074678,35.183626],[129.074624,35.183631],[129.074618,35.183587],[129.074672,35.183582]]]},"properties":{}},{"type":"Feature","geometry":{"type":"Polygon","coordinates":[[[129.074469,35.183516],[129.074409,35.183561],[129.074373,35.183528],[129.074432,35.183484],[129.074469,35.183516]]]},"properties":{}},{"type":"Feature","geometry":{"type":"Polygon","coordinates":[[[129.074117,35.183678],[129.074176,35.183651],[129.074222,35.183718],[129.074164,35.183746],[129.074117,35.183678]]]},"properties":{}},{"type":"Feature","geometry":{"type":"Polygon","coordinates":[[[129.074198,35.183771],[129.074248,35.183755],[129.07431,35.183877],[129.07426,35.183894],[129.074198,35.183771]]]},"properties":{}},{"type":"Feature","geometry":{"type":"Polygon","coordinates":[[[129.074094,35.183861],[129.07405,35.183805],[129.074117,35.183769],[129.074162,35.183824],[129.074094,35.183861]]]},"properties":{}},{"type":"Feature","geometry":{"type":"Polygon","coordinates":[[[129.074014,35.183776],[129.07398,35.183716],[129.074077,35.183679],[129.074112,35.183739],[129.074014,35.183776]]]},"properties":{}},{"type":"Feature","geometry":{"type":"Polygon","coordinates":[[[129.073781,35.183698],[129.073879,35.183661],[129.073913,35.183722],[129.073815,35.183758],[129.073781,35.183698]]]},"properties":{}},{"type":"Feature","geometry":{"type":"Polygon","coordinates":[[[129.073963,35.183787],[129.073883,35.183829],[129.073847,35.183782],[129.073926,35.183741],[129.073963,35.183787]]]},"properties":{}},{"type":"Feature","geometry":{"type":"Polygon","coordinates":[[[129.07404,35.183436],[129.074089,35.183514],[129.074017,35.183544],[129.073968,35.183466],[129.07404,35.183436]]]},"properties":{}},{"type":"Feature","geometry":{"type":"Polygon","coordinates":[[[129.073887,35.183272],[129.07394,35.183385],[129.073852,35.183413],[129.073799,35.1833],[129.073887,35.183272]]]},"properties":{}},{"type":"Feature","geometry":{"type":"Polygon","coordinates":[[[129.073773,35.183389],[129.073808,35.183461],[129.073721,35.183489],[129.073685,35.183418],[129.073773,35.183389]]]},"properties":{}},{"type":"Feature","geometry":{"type":"Polygon","coordinates":[[[129.073768,35.18337],[129.073671,35.183408],[129.073636,35.183348],[129.073734,35.183311],[129.073768,35.18337]]]},"properties":{}},{"type":"Feature","geometry":{"type":"Polygon","coordinates":[[[129.073777,35.183244],[129.073842,35.183229],[129.07385,35.18325],[129.073785,35.183265],[129.073777,35.183244]]]},"properties":{}},{"type":"Feature","geometry":{"type":"Polygon","coordinates":[[[129.073621,35.183333],[129.073586,35.183274],[129.073684,35.183236],[129.073718,35.183296],[129.073621,35.183333]]]},"properties":{}},{"type":"Feature","geometry":{"type":"Polygon","coordinates":[[[129.073635,35.18315],[129.073669,35.18321],[129.073572,35.183247],[129.073537,35.183188],[129.073635,35.18315]]]},"properties":{}},{"type":"Feature","geometry":{"type":"Polygon","coordinates":[[[129.073442,35.183326],[129.073541,35.18329],[129.073574,35.18335],[129.073476,35.183386],[129.073442,35.183326]]]},"properties":{}},{"type":"Feature","geometry":{"type":"Polygon","coordinates":[[[129.073495,35.183393],[129.073583,35.183364],[129.073618,35.183436],[129.073531,35.183465],[129.073495,35.183393]]]},"properties":{}},{"type":"Feature","geometry":{"type":"Polygon","coordinates":[[[129.073581,35.183546],[129.073547,35.183486],[129.073645,35.183449],[129.073679,35.183509],[129.073581,35.183546]]]},"properties":{}},{"type":"Feature","geometry":{"type":"Polygon","coordinates":[[[129.073744,35.183675],[129.073689,35.183586],[129.073797,35.183541],[129.073852,35.18363],[129.073744,35.183675]]]},"properties":{}},{"type":"Feature","geometry":{"type":"Polygon","coordinates":[[[129.07371,35.183712],[129.073664,35.183735],[129.073622,35.183678],[129.073668,35.183655],[129.07371,35.183712]]]},"properties":{}},{"type":"Feature","geometry":{"type":"Polygon","coordinates":[[[129.073771,35.183766],[129.073814,35.183822],[129.073746,35.183858],[129.073703,35.183802],[129.073771,35.183766]]]},"properties":{}},{"type":"Feature","geometry":{"type":"Polygon","coordinates":[[[129.073643,35.183901],[129.073606,35.183842],[129.073677,35.183812],[129.073715,35.18387],[129.073643,35.183901]]]},"properties":{}},{"type":"Feature","geometry":{"type":"Polygon","coordinates":[[[129.073563,35.183689],[129.073622,35.183776],[129.073563,35.183802],[129.073504,35.183716],[129.073563,35.183689]]]},"properties":{}},{"type":"Feature","geometry":{"type":"Polygon","coordinates":[[[129.073474,35.18358],[129.073387,35.18361],[129.073361,35.183559],[129.073311,35.183575],[129.073332,35.183616],[129.073282,35.183633],[129.073241,35.183552],[129.073428,35.183488],[129.073474,35.18358]]]},"properties":{}},{"type":"Feature","geometry":{"type":"Polygon","coordinates":[[[129.073271,35.183808],[129.073344,35.183779],[129.073402,35.183879],[129.073329,35.183907],[129.073271,35.183808]]]},"properties":{}},{"type":"Feature","geometry":{"type":"Polygon","coordinates":[[[129.073157,35.183766],[129.073042,35.183823],[129.072972,35.183729],[129.073088,35.183672],[129.073157,35.183766]]]},"properties":{}},{"type":"Feature","geometry":{"type":"Polygon","coordinates":[[[129.073058,35.183552],[129.072978,35.183412],[129.073173,35.183338],[129.073253,35.183477],[129.073058,35.183552]]]},"properties":{}},{"type":"Feature","geometry":{"type":"Polygon","coordinates":[[[129.073038,35.183151],[129.073109,35.18327],[129.072976,35.183323],[129.072905,35.183204],[129.073038,35.183151]]]},"properties":{}},{"type":"Feature","geometry":{"type":"Polygon","coordinates":[[[129.073422,35.183445],[129.073314,35.18349],[129.073199,35.183303],[129.073307,35.183258],[129.073422,35.183445]]]},"properties":{}},{"type":"Feature","geometry":{"type":"Polygon","coordinates":[[[129.073454,35.183292],[129.073413,35.183223],[129.073498,35.183189],[129.073539,35.183258],[129.073454,35.183292]]]},"properties":{}},{"type":"Feature","geometry":{"type":"Polygon","coordinates":[[[129.073327,35.183131],[129.073298,35.18307],[129.07341,35.183034],[129.073371,35.182952],[129.073409,35.18294],[129.073478,35.183083],[129.073327,35.183131]]]},"properties":{}},{"type":"Feature","geometry":{"type":"Polygon","coordinates":[[[129.073264,35.182876],[129.073295,35.182937],[129.07322,35.182962],[129.073189,35.182901],[129.073264,35.182876]]]},"properties":{}},{"type":"Feature","geometry":{"type":"Polygon","coordinates":[[[129.073125,35.182802],[129.073294,35.182733],[129.073342,35.182812],[129.073173,35.182881],[129.073125,35.182802]]]},"properties":{}},{"type":"Feature","geometry":{"type":"Polygon","coordinates":[[[129.073297,35.182885],[129.073356,35.182859],[129.073369,35.182879],[129.073309,35.182904],[129.073297,35.182885]]]},"properties":{}},{"type":"Feature","geometry":{"type":"Polygon","coordinates":[[[129.073346,35.182715],[129.073406,35.182689],[129.073568,35.182943],[129.073509,35.182968],[129.073346,35.182715]]]},"properties":{}},{"type":"Feature","geometry":{"type":"Polygon","coordinates":[[[129.073289,35.182611],[129.073244,35.182531],[129.073341,35.182494],[129.073387,35.182574],[129.073289,35.182611]]]},"properties":{}},{"type":"Feature","geometry":{"type":"Polygon","coordinates":[[[129.073179,35.182646],[129.073226,35.182725],[129.073105,35.182773],[129.073058,35.182694],[129.073179,35.182646]]]},"properties":{}},{"type":"Feature","geometry":{"type":"Polygon","coordinates":[[[129.073136,35.182606],[129.073124,35.182552],[129.073164,35.182546],[129.073176,35.1826],[129.073136,35.182606]]]},"properties":{}},{"type":"Feature","geometry":{"type":"Polygon","coordinates":[[[129.072846,35.183101],[129.07277,35.182985],[129.072901,35.182928],[129.072939,35.182986],[129.072974,35.182971],[129.072937,35.182913],[129.07302,35.182876],[129.073247,35.183227],[129.073164,35.183263],[129.073012,35.183029],[129.072846,35.183101]]]},"properties":{}},{"type":"Feature","geometry":{"type":"Polygon","coordinates":[[[129.072657,35.182909],[129.072444,35.182573],[129.072806,35.18242],[129.073037,35.182785],[129.072754,35.182905],[129.072735,35.182876],[129.072657,35.182909]]]},"properties":{"class":"commercial","subtype":"commercial","num_floors":5}},{"type":"Feature","geometry":{"type":"Polygon","coordinates":[[[129.072296,35.182612],[129.072393,35.182573],[129.072452,35.182672],[129.072355,35.182711],[129.072296,35.182612]]]},"properties":{}},{"type":"Feature","geometry":{"type":"Polygon","coordinates":[[[129.072674,35.183509],[129.072311,35.182889],[129.072429,35.182843],[129.072737,35.183368],[129.072795,35.183345],[129.07285,35.18344],[129.072674,35.183509]]]},"properties":{"name":"연제그린타워","class":"apartments","subtype":"residential","num_floors":11}},{"type":"Feature","geometry":{"type":"Polygon","coordinates":[[[129.072738,35.183712],[129.072821,35.183676],[129.072878,35.183764],[129.072794,35.1838],[129.072738,35.183712]]]},"properties":{}},{"type":"Feature","geometry":{"type":"Polygon","coordinates":[[[129.072962,35.183888],[129.072878,35.183923],[129.072811,35.183814],[129.072895,35.18378],[129.072962,35.183888]]]},"properties":{}},{"type":"Feature","geometry":{"type":"Polygon","coordinates":[[[129.07248,35.183794],[129.072421,35.183821],[129.072375,35.183754],[129.072434,35.183727],[129.07248,35.183794]]]},"properties":{}},{"type":"Feature","geometry":{"type":"Polygon","coordinates":[[[129.072354,35.183884],[129.072279,35.183909],[129.072188,35.183725],[129.072263,35.1837],[129.072354,35.183884]]]},"properties":{}},{"type":"Feature","geometry":{"type":"Polygon","coordinates":[[[129.072268,35.183963],[129.072351,35.183926],[129.072495,35.184138],[129.072412,35.184175],[129.072268,35.183963]]]},"properties":{}},{"type":"Feature","geometry":{"type":"Polygon","coordinates":[[[129.072491,35.183871],[129.072523,35.183931],[129.072449,35.183958],[129.072417,35.183897],[129.072491,35.183871]]]},"properties":{}},{"type":"Feature","geometry":{"type":"Polygon","coordinates":[[[129.072561,35.183981],[129.072609,35.18406],[129.072537,35.184089],[129.072489,35.18401],[129.072561,35.183981]]]},"properties":{}},{"type":"Feature","geometry":{"type":"Polygon","coordinates":[[[129.072237,35.184108],[129.072308,35.184077],[129.072383,35.184194],[129.072312,35.184225],[129.072237,35.184108]]]},"properties":{}},{"type":"Feature","geometry":{"type":"Polygon","coordinates":[[[129.072229,35.184363],[129.072298,35.184328],[129.072369,35.184422],[129.0723,35.184457],[129.072229,35.184363]]]},"properties":{}},{"type":"Feature","geometry":{"type":"Polygon","coordinates":[[[129.072426,35.184255],[129.072505,35.184213],[129.072556,35.184278],[129.072477,35.18432],[129.072426,35.184255]]]},"properties":{}},{"type":"Feature","geometry":{"type":"Polygon","coordinates":[[[129.07256,35.184602],[129.072504,35.184517],[129.072854,35.18436],[129.072911,35.184446],[129.07256,35.184602]]]},"properties":{"class":"apartments","subtype":"residential","num_floors":12}},{"type":"Feature","geometry":{"type":"Polygon","coordinates":[[[129.072841,35.184597],[129.072722,35.184649],[129.072671,35.184571],[129.072791,35.184519],[129.072841,35.184597]]]},"properties":{}},{"type":"Feature","geometry":{"type":"Polygon","coordinates":[[[129.072529,35.184213],[129.07263,35.184158],[129.072607,35.184131],[129.072664,35.1841],[129.072731,35.184183],[129.072574,35.184268],[129.072529,35.184213]]]},"properties":{}},{"type":"Feature","geometry":{"type":"Polygon","coordinates":[[[129.072564,35.183855],[129.072645,35.183814],[129.072785,35.184002],[129.072705,35.184042],[129.072564,35.183855]]]},"properties":{}},{"type":"Feature","geometry":{"type":"Polygon","coordinates":[[[129.073149,35.184154],[129.073174,35.184205],[129.073062,35.184242],[129.073037,35.184191],[129.073149,35.184154]]]},"properties":{}},{"type":"Feature","geometry":{"type":"Polygon","coordinates":[[[129.073122,35.183974],[129.073075,35.183907],[129.073157,35.18387],[129.073204,35.183937],[129.073122,35.183974]]]},"properties":{}},{"type":"Feature","geometry":{"type":"Polygon","coordinates":[[[129.07327,35.184039],[129.073199,35.184072],[129.073146,35.183996],[129.073216,35.183963],[129.07327,35.184039]]]},"properties":{}},{"type":"Feature","geometry":{"type":"Polygon","coordinates":[[[129.073327,35.183918],[129.073398,35.183885],[129.073471,35.183991],[129.0734,35.184023],[129.073327,35.183918]]]},"properties":{}},{"type":"Feature","geometry":{"type":"Polygon","coordinates":[[[129.07347,35.184076],[129.073436,35.184049],[129.073463,35.184026],[129.073497,35.184054],[129.07347,35.184076]]]},"properties":{}},{"type":"Feature","geometry":{"type":"Polygon","coordinates":[[[129.073316,35.184185],[129.07336,35.184159],[129.073407,35.184213],[129.073363,35.184239],[129.073316,35.184185]]]},"properties":{}},{"type":"Feature","geometry":{"type":"Polygon","coordinates":[[[129.073194,35.184116],[129.073313,35.184066],[129.07335,35.184124],[129.07323,35.184174],[129.073194,35.184116]]]},"properties":{}},{"type":"Feature","geometry":{"type":"Polygon","coordinates":[[[129.073284,35.184198],[129.073369,35.184336],[129.073296,35.184365],[129.073212,35.184227],[129.073284,35.184198]]]},"properties":{}},{"type":"Feature","geometry":{"type":"Polygon","coordinates":[[[129.073172,35.184241],[129.073265,35.184375],[129.073184,35.184414],[129.07309,35.18428],[129.073172,35.184241]]]},"properties":{}},{"type":"Feature","geometry":{"type":"Polygon","coordinates":[[[129.072759,35.185022],[129.072698,35.18493],[129.073489,35.184577],[129.07355,35.184669],[129.072759,35.185022]]]},"properties":{"name":"105","class":"apartments","subtype":"residential","num_floors":15}},{"type":"Feature","geometry":{"type":"Polygon","coordinates":[[[129.073301,35.184831],[129.073422,35.184782],[129.07347,35.184861],[129.073349,35.18491],[129.073301,35.184831]]]},"properties":{}},{"type":"Feature","geometry":{"type":"Polygon","coordinates":[[[129.073317,35.184933],[129.073139,35.185012],[129.073082,35.184925],[129.073259,35.184846],[129.073317,35.184933]]]},"properties":{}},{"type":"Feature","geometry":{"type":"Polygon","coordinates":[[[129.07305,35.185463],[129.072987,35.185369],[129.073787,35.185012],[129.073849,35.185105],[129.07305,35.185463]]]},"properties":{"name":"104","class":"apartments","subtype":"residential","num_floors":15}},{"type":"Feature","geometry":{"type":"Polygon","coordinates":[[[129.073104,35.185032],[129.072963,35.185097],[129.072904,35.18501],[129.073045,35.184946],[129.073104,35.185032]]]},"properties":{}},{"type":"Feature","geometry":{"type":"Polygon","coordinates":[[[129.072686,35.185211],[129.072617,35.185245],[129.072554,35.18516],[129.072623,35.185126],[129.072686,35.185211]]]},"properties":{}},{"type":"Feature","geometry":{"type":"Polygon","coordinates":[[[129.072854,35.185115],[129.07283,35.185063],[129.072868,35.185052],[129.072892,35.185103],[129.072854,35.185115]]]},"properties":{}},{"type":"Feature","geometry":{"type":"Polygon","coordinates":[[[129.072639,35.184579],[129.072698,35.184665],[129.07264,35.184692],[129.07258,35.184606],[129.072639,35.184579]]]},"properties":{}},{"type":"Feature","geometry":{"type":"Polygon","coordinates":[[[129.072385,35.185241],[129.072516,35.185184],[129.072573,35.185271],[129.072442,35.185329],[129.072385,35.185241]]]},"properties":{}},{"type":"Feature","geometry":{"type":"Polygon","coordinates":[[[129.072271,35.185407],[129.072213,35.185321],[129.072343,35.185262],[129.072401,35.185349],[129.072271,35.185407]]]},"properties":{}},{"type":"Feature","geometry":{"type":"Polygon","coordinates":[[[129.072823,35.185644],[129.07288,35.185731],[129.072714,35.185805],[129.072657,35.185718],[129.072823,35.185644]]]},"properties":{}},{"type":"Feature","geometry":{"type":"Polygon","coordinates":[[[129.07255,35.18578],[129.072583,35.185852],[129.072495,35.185879],[129.072457,35.185797],[129.07257,35.185762],[129.072604,35.185834],[129.072591,35.185838],[129.072562,35.185776],[129.07255,35.18578]]]},"properties":{}},{"type":"Feature","geometry":{"type":"Polygon","coordinates":[[[129.072143,35.185882],[129.072086,35.18579],[129.072856,35.185468],[129.072913,35.185559],[129.072143,35.185882]]]},"properties":{"name":"102","class":"apartments","subtype":"residential","num_floors":15}},{"type":"Feature","geometry":{"type":"Polygon","coordinates":[[[129.072339,35.185849],[129.072404,35.185833],[129.07244,35.185927],[129.072298,35.185964],[129.072274,35.185901],[129.072351,35.185881],[129.072339,35.185849]]]},"properties":{}},{"type":"Feature","geometry":{"type":"Polygon","coordinates":[[[129.072441,35.18634],[129.072385,35.186245],[129.073357,35.185858],[129.073414,35.185953],[129.072441,35.18634]]]},"properties":{"name":"6","class":"apartments","subtype":"residential","num_floors":12}},{"type":"Feature","geometry":{"type":"Polygon","coordinates":[[[129.072887,35.186532],[129.073911,35.18613],[129.073965,35.186221],[129.07294,35.186623],[129.072887,35.186532]]]},"properties":{"name":"5","class":"apartments","subtype":"residential","num_floors":12}},{"type":"Feature","geometry":{"type":"Polygon","coordinates":[[[129.072911,35.185721],[129.072853,35.185634],[129.072935,35.185597],[129.072994,35.185684],[129.072911,35.185721]]]},"properties":{}},{"type":"Feature","geometry":{"type":"Polygon","coordinates":[[[129.073317,35.185381],[129.073381,35.185451],[129.073252,35.18553],[129.073187,35.18546],[129.073317,35.185381]]]},"properties":{}},{"type":"Feature","geometry":{"type":"Polygon","coordinates":[[[129.073491,35.185402],[129.073427,35.18542],[129.073396,35.185347],[129.07346,35.185329],[129.073491,35.185402]]]},"properties":{}},{"type":"Feature","geometry":{"type":"Polygon","coordinates":[[[129.073585,35.185794],[129.073524,35.185702],[129.074121,35.185435],[129.074182,35.185527],[129.073585,35.185794]]]},"properties":{"name":"103","class":"apartments","subtype":"residential","num_floors":15}},{"type":"Feature","geometry":{"type":"Polygon","coordinates":[[[129.073888,35.185734],[129.073907,35.185787],[129.073752,35.185825],[129.073733,35.185772],[129.073888,35.185734]]]},"properties":{}},{"type":"Feature","geometry":{"type":"Polygon","coordinates":[[[129.07406,35.185637],[129.074097,35.185682],[129.073975,35.18575],[129.073937,35.185705],[129.07406,35.185637]]]},"properties":{}},{"type":"Feature","geometry":{"type":"Polygon","coordinates":[[[129.073711,35.185835],[129.073659,35.18587],[129.073616,35.185828],[129.073668,35.185793],[129.073711,35.185835]]]},"properties":{}},{"type":"Feature","geometry":{"type":"Polygon","coordinates":[[[129.073599,35.186865],[129.073545,35.186772],[129.074061,35.186571],[129.074116,35.186663],[129.073599,35.186865]]]},"properties":{"name":"2","class":"apartments","subtype":"residential","num_floors":12}},{"type":"Feature","geometry":{"type":"Polygon","coordinates":[[[129.074074,35.186182],[129.07402,35.186092],[129.074465,35.185914],[129.074519,35.186005],[129.074074,35.186182]]]},"properties":{"name":"3","class":"apartments","subtype":"residential","num_floors":12}},{"type":"Feature","geometry":{"type":"Polygon","coordinates":[[[129.074682,35.186732],[129.074626,35.186762],[129.074641,35.18678],[129.074664,35.186768],[129.074746,35.186869],[129.074657,35.186918],[129.074387,35.186588],[129.07451,35.186521],[129.074682,35.186732]]]},"properties":{}},{"type":"Feature","geometry":{"type":"Polygon","coordinates":[[[129.074566,35.186398],[129.074634,35.186362],[129.074795,35.186565],[129.074727,35.186601],[129.074566,35.186398]]]},"properties":{}},{"type":"Feature","geometry":{"type":"Polygon","coordinates":[[[129.074669,35.186345],[129.074748,35.186302],[129.074815,35.186385],[129.074736,35.186428],[129.074669,35.186345]]]},"properties":{}},{"type":"Feature","geometry":{"type":"Polygon","coordinates":[[[129.07481,35.185844],[129.074726,35.185879],[129.074622,35.185712],[129.074706,35.185677],[129.07481,35.185844]]]},"properties":{}},{"type":"Feature","geometry":{"type":"Polygon","coordinates":[[[129.074454,35.185275],[129.0745,35.185343],[129.074394,35.185391],[129.074348,35.185324],[129.074454,35.185275]]]},"properties":{}},{"type":"Feature","geometry":{"type":"Polygon","coordinates":[[[129.074457,35.185501],[129.074412,35.185421],[129.074523,35.18538],[129.074568,35.18546],[129.074457,35.185501]]]},"properties":{}},{"type":"Feature","geometry":{"type":"Polygon","coordinates":[[[129.074647,35.18554],[129.074533,35.185599],[129.07449,35.185543],[129.074603,35.185484],[129.074647,35.18554]]]},"properties":{}},{"type":"Feature","geometry":{"type":"Polygon","coordinates":[[[129.07468,35.185645],[129.074599,35.185684],[129.074551,35.185617],[129.074633,35.185579],[129.07468,35.185645]]]},"properties":{}},{"type":"Feature","geometry":{"type":"Polygon","coordinates":[[[129.074754,35.185606],[129.074694,35.18563],[129.074653,35.185561],[129.074714,35.185537],[129.074754,35.185606]]]},"properties":{}},{"type":"Feature","geometry":{"type":"Polygon","coordinates":[[[129.074699,35.185487],[129.074679,35.185446],[129.074754,35.185422],[129.074774,35.185462],[129.074699,35.185487]]]},"properties":{}},{"type":"Feature","geometry":{"type":"Polygon","coordinates":[[[129.074717,35.185377],[129.074613,35.185429],[129.074564,35.185363],[129.074668,35.185311],[129.074717,35.185377]]]},"properties":{}},{"type":"Feature","geometry":{"type":"Polygon","coordinates":[[[129.074609,35.185074],[129.074663,35.185138],[129.074586,35.185182],[129.074532,35.185119],[129.074609,35.185074]]]},"properties":{}},{"type":"Feature","geometry":{"type":"Polygon","coordinates":[[[129.074569,35.185223],[129.07462,35.185287],[129.074553,35.185323],[129.074501,35.185259],[129.074569,35.185223]]]},"properties":{}},{"type":"Feature","geometry":{"type":"Polygon","coordinates":[[[129.074404,35.185162],[129.074498,35.185118],[129.074552,35.185194],[129.074458,35.185238],[129.074404,35.185162]]]},"properties":{}},{"type":"Feature","geometry":{"type":"Polygon","coordinates":[[[129.074561,35.185038],[129.074502,35.185065],[129.074456,35.184998],[129.074515,35.18497],[129.074561,35.185038]]]},"properties":{}},{"type":"Feature","geometry":{"type":"Polygon","coordinates":[[[129.074591,35.184959],[129.074643,35.184948],[129.074656,35.184991],[129.074603,35.185002],[129.074591,35.184959]]]},"properties":{}},{"type":"Feature","geometry":{"type":"Polygon","coordinates":[[[129.074665,35.185071],[129.074737,35.185041],[129.074773,35.185099],[129.074702,35.18513],[129.074665,35.185071]]]},"properties":{}},{"type":"Feature","geometry":{"type":"Polygon","coordinates":[[[129.074622,35.184809],[129.074668,35.184787],[129.074709,35.184844],[129.074663,35.184866],[129.074622,35.184809]]]},"properties":{}},{"type":"Feature","geometry":{"type":"Polygon","coordinates":[[[129.074715,35.184634],[129.074774,35.18472],[129.074716,35.184747],[129.074656,35.184661],[129.074715,35.184634]]]},"properties":{}},{"type":"Feature","geometry":{"type":"Polygon","coordinates":[[[129.07454,35.184691],[129.074462,35.184601],[129.074528,35.184563],[129.074606,35.184652],[129.07454,35.184691]]]},"properties":{}},{"type":"Feature","geometry":{"type":"Polygon","coordinates":[[[129.074504,35.184823],[129.074437,35.184833],[129.074428,35.18479],[129.074494,35.18478],[129.074504,35.184823]]]},"properties":{}},{"type":"Feature","geometry":{"type":"Polygon","coordinates":[[[129.074622,35.184895],[129.074501,35.184945],[129.074465,35.184886],[129.074585,35.184836],[129.074622,35.184895]]]},"properties":{}},{"type":"Feature","geometry":{"type":"Polygon","coordinates":[[[129.074324,35.184914],[129.074279,35.184859],[129.074347,35.184823],[129.074391,35.184878],[129.074324,35.184914]]]},"properties":{}},{"type":"Feature","geometry":{"type":"Polygon","coordinates":[[[129.074328,35.184682],[129.074436,35.184637],[129.074491,35.184725],[129.074384,35.18477],[129.074328,35.184682]]]},"properties":{}},{"type":"Feature","geometry":{"type":"Polygon","coordinates":[[[129.07428,35.18473],[129.074319,35.184788],[129.074225,35.184831],[129.074186,35.184773],[129.07428,35.18473]]]},"properties":{}},{"type":"Feature","geometry":{"type":"Polygon","coordinates":[[[129.074135,35.185009],[129.074086,35.184943],[129.07419,35.184891],[129.074239,35.184958],[129.074135,35.185009]]]},"properties":{}},{"type":"Feature","geometry":{"type":"Polygon","coordinates":[[[129.074155,35.185029],[129.074262,35.184982],[129.0743,35.185041],[129.074193,35.185087],[129.074155,35.185029]]]},"properties":{}},{"type":"Feature","geometry":{"type":"Polygon","coordinates":[[[129.074306,35.184966],[129.074436,35.184908],[129.074468,35.184956],[129.074338,35.185014],[129.074306,35.184966]]]},"properties":{}},{"type":"Feature","geometry":{"type":"Polygon","coordinates":[[[129.074406,35.185018],[129.074457,35.185096],[129.074387,35.185127],[129.074335,35.18505],[129.074406,35.185018]]]},"properties":{}},{"type":"Feature","geometry":{"type":"Polygon","coordinates":[[[129.074306,35.185076],[129.074351,35.185144],[129.074292,35.18517],[129.074246,35.185102],[129.074306,35.185076]]]},"properties":{}},{"type":"Feature","geometry":{"type":"Polygon","coordinates":[[[129.074321,35.185304],[129.074273,35.185237],[129.074378,35.185187],[129.074426,35.185254],[129.074321,35.185304]]]},"properties":{}},{"type":"Feature","geometry":{"type":"Polygon","coordinates":[[[129.073798,35.185186],[129.073879,35.185147],[129.073927,35.185213],[129.073846,35.185252],[129.073798,35.185186]]]},"properties":{}},{"type":"Feature","geometry":{"type":"Polygon","coordinates":[[[129.07395,35.185271],[129.073908,35.1853],[129.073891,35.185283],[129.073933,35.185255],[129.07395,35.185271]]]},"properties":{}},{"type":"Feature","geometry":{"type":"Polygon","coordinates":[[[129.073737,35.185218],[129.073778,35.185287],[129.073645,35.18534],[129.073603,35.185271],[129.073737,35.185218]]]},"properties":{}},{"type":"Feature","geometry":{"type":"Polygon","coordinates":[[[129.073858,35.184644],[129.073942,35.184609],[129.073973,35.184658],[129.073889,35.184693],[129.073858,35.184644]]]},"properties":{}},{"type":"Feature","geometry":{"type":"Polygon","coordinates":[[[129.074052,35.184923],[129.073999,35.184846],[129.074117,35.184793],[129.07417,35.18487],[129.074052,35.184923]]]},"properties":{}},{"type":"Feature","geometry":{"type":"Polygon","coordinates":[[[129.074056,35.184732],[129.073964,35.184777],[129.073922,35.184721],[129.074015,35.184675],[129.074056,35.184732]]]},"properties":{}},{"type":"Feature","geometry":{"type":"Polygon","coordinates":[[[129.074048,35.184654],[129.074151,35.184602],[129.074201,35.184667],[129.074098,35.18472],[129.074048,35.184654]]]},"properties":{}},{"type":"Feature","geometry":{"type":"Polygon","coordinates":[[[129.07412,35.184564],[129.074026,35.184607],[129.073987,35.184549],[129.074081,35.184506],[129.07412,35.184564]]]},"properties":{}},{"type":"Feature","geometry":{"type":"Polygon","coordinates":[[[129.073909,35.184405],[129.073975,35.184367],[129.074052,35.184458],[129.073985,35.184495],[129.073909,35.184405]]]},"properties":{}},{"type":"Feature","geometry":{"type":"Polygon","coordinates":[[[129.074032,35.18433],[129.073966,35.184222],[129.074074,35.184178],[129.074141,35.184286],[129.074032,35.18433]]]},"properties":{}},{"type":"Feature","geometry":{"type":"Polygon","coordinates":[[[129.073836,35.184382],[129.073785,35.184293],[129.073907,35.184246],[129.073958,35.184336],[129.073836,35.184382]]]},"properties":{}},{"type":"Feature","geometry":{"type":"Polygon","coordinates":[[[129.073826,35.184615],[129.073784,35.184559],[129.073899,35.184501],[129.073941,35.184557],[129.073826,35.184615]]]},"properties":{}},{"type":"Feature","geometry":{"type":"Polygon","coordinates":[[[129.073734,35.184487],[129.073862,35.184424],[129.073896,35.184472],[129.073769,35.184534],[129.073734,35.184487]]]},"properties":{}},{"type":"Feature","geometry":{"type":"Polygon","coordinates":[[[129.073746,35.184331],[129.073775,35.184354],[129.073746,35.184378],[129.073718,35.184354],[129.073746,35.184331]]]},"properties":{}},{"type":"Feature","geometry":{"type":"Polygon","coordinates":[[[129.073795,35.184015],[129.073868,35.184094],[129.073835,35.184114],[129.073763,35.184034],[129.073795,35.184015]]]},"properties":{}},{"type":"Feature","geometry":{"type":"Polygon","coordinates":[[[129.073567,35.183994],[129.073636,35.183959],[129.073679,35.184014],[129.073611,35.18405],[129.073567,35.183994]]]},"properties":{}},{"type":"Feature","geometry":{"type":"Polygon","coordinates":[[[129.073723,35.184013],[129.073685,35.183942],[129.073746,35.18392],[129.073785,35.183991],[129.073723,35.184013]]]},"properties":{}},{"type":"Feature","geometry":{"type":"Polygon","coordinates":[[[129.07413,35.18401],[129.074052,35.184052],[129.073902,35.183869],[129.073981,35.183827],[129.07413,35.18401]]]},"properties":{}},{"type":"Feature","geometry":{"type":"Polygon","coordinates":[[[129.074175,35.183857],[129.07421,35.183917],[129.074162,35.183936],[129.074126,35.183877],[129.074175,35.183857]]]},"properties":{}},{"type":"Feature","geometry":{"type":"Polygon","coordinates":[[[129.074356,35.184097],[129.074398,35.184178],[129.074323,35.184203],[129.074282,35.184122],[129.074356,35.184097]]]},"properties":{}},{"type":"Feature","geometry":{"type":"Polygon","coordinates":[[[129.074178,35.184265],[129.074112,35.184169],[129.074206,35.184125],[129.074272,35.184221],[129.074178,35.184265]]]},"properties":{}},{"type":"Feature","geometry":{"type":"Polygon","coordinates":[[[129.074318,35.184313],[129.074231,35.184344],[129.074204,35.184293],[129.07429,35.184262],[129.074318,35.184313]]]},"properties":{}},{"type":"Feature","geometry":{"type":"Polygon","coordinates":[[[129.074062,35.184365],[129.074155,35.18432],[129.074196,35.184377],[129.074103,35.184422],[129.074062,35.184365]]]},"properties":{}},{"type":"Feature","geometry":{"type":"Polygon","coordinates":[[[129.07422,35.184413],[129.074259,35.184471],[129.074165,35.184514],[129.074126,35.184456],[129.07422,35.184413]]]},"properties":{}},{"type":"Feature","geometry":{"type":"Polygon","coordinates":[[[129.074261,35.184498],[129.074317,35.184586],[129.074234,35.184622],[129.074178,35.184534],[129.074261,35.184498]]]},"properties":{}},{"type":"Feature","geometry":{"type":"Polygon","coordinates":[[[129.07447,35.184353],[129.074404,35.184364],[129.074396,35.184332],[129.074462,35.184321],[129.07447,35.184353]]]},"properties":{}},{"type":"Feature","geometry":{"type":"Polygon","coordinates":[[[129.074302,35.184439],[129.074263,35.184381],[129.074334,35.184349],[129.074373,35.184407],[129.074302,35.184439]]]},"properties":{}},{"type":"Feature","geometry":{"type":"Polygon","coordinates":[[[129.074424,35.184193],[129.074467,35.184249],[129.074375,35.184296],[129.074332,35.18424],[129.074424,35.184193]]]},"properties":{}},{"type":"Feature","geometry":{"type":"Polygon","coordinates":[[[129.074506,35.184267],[129.074601,35.184224],[129.07464,35.184283],[129.074545,35.184325],[129.074506,35.184267]]]},"properties":{}},{"type":"Feature","geometry":{"type":"Polygon","coordinates":[[[129.07452,35.184372],[129.074579,35.184459],[129.074496,35.184496],[129.074437,35.184409],[129.07452,35.184372]]]},"properties":{}},{"type":"Feature","geometry":{"type":"Polygon","coordinates":[[[129.074429,35.184125],[129.074496,35.184088],[129.074556,35.184162],[129.074488,35.184198],[129.074429,35.184125]]]},"properties":{}},{"type":"Feature","geometry":{"type":"Polygon","coordinates":[[[129.074689,35.184031],[129.074674,35.184014],[129.074711,35.183881],[129.074808,35.183828],[129.074885,35.183916],[129.074689,35.184031]]]},"properties":{}},{"type":"Feature","geometry":{"type":"Polygon","coordinates":[[[129.074974,35.184047],[129.074863,35.184106],[129.074807,35.184036],[129.074918,35.183977],[129.074974,35.184047]]]},"properties":{}},{"type":"Feature","geometry":{"type":"Polygon","coordinates":[[[129.075082,35.183988],[129.074982,35.184039],[129.074921,35.183958],[129.07493,35.183943],[129.075013,35.183899],[129.075082,35.183988]]]},"properties":{}},{"type":"Feature","geometry":{"type":"Polygon","coordinates":[[[129.075035,35.184145],[129.074955,35.18419],[129.074898,35.184122],[129.074977,35.184076],[129.075035,35.184145]]]},"properties":{}},{"type":"Feature","geometry":{"type":"Polygon","coordinates":[[[129.074845,35.184253],[129.074822,35.184247],[129.074778,35.184197],[129.074898,35.184129],[129.074952,35.184194],[129.074845,35.184253]]]},"properties":{}},{"type":"Feature","geometry":{"type":"Polygon","coordinates":[[[129.074852,35.184109],[129.074733,35.184167],[129.074682,35.184095],[129.074698,35.184071],[129.074791,35.184025],[129.074852,35.184109]]]},"properties":{}},{"type":"Feature","geometry":{"type":"Polygon","coordinates":[[[129.074767,35.184198],[129.074741,35.184169],[129.074822,35.184126],[129.074846,35.184158],[129.074767,35.184198]]]},"properties":{}},{"type":"Feature","geometry":{"type":"Polygon","coordinates":[[[129.074773,35.184552],[129.074785,35.184506],[129.074813,35.184511],[129.074801,35.184557],[129.074773,35.184552]]]},"properties":{}},{"type":"Feature","geometry":{"type":"Polygon","coordinates":[[[129.075055,35.184455],[129.074977,35.184364],[129.075055,35.18432],[129.075132,35.18441],[129.075055,35.184455]]]},"properties":{}},{"type":"Feature","geometry":{"type":"Polygon","coordinates":[[[129.07526,35.184348],[129.075184,35.184393],[129.075097,35.184295],[129.075173,35.18425],[129.07526,35.184348]]]},"properties":{}},{"type":"Feature","geometry":{"type":"Polygon","coordinates":[[[129.075211,35.1845],[129.075119,35.184546],[129.075077,35.18449],[129.075169,35.184444],[129.075211,35.1845]]]},"properties":{}},{"type":"Feature","geometry":{"type":"Polygon","coordinates":[[[129.075211,35.184413],[129.075282,35.184382],[129.07532,35.18444],[129.075248,35.184471],[129.075211,35.184413]]]},"properties":{}},{"type":"Feature","geometry":{"type":"Polygon","coordinates":[[[129.075363,35.184537],[129.075317,35.18456],[129.075275,35.184503],[129.075321,35.18448],[129.075363,35.184537]]]},"properties":{}},{"type":"Feature","geometry":{"type":"Polygon","coordinates":[[[129.07521,35.184214],[129.075266,35.184183],[129.075348,35.184284],[129.075292,35.184314],[129.07521,35.184214]]]},"properties":{}},{"type":"Feature","geometry":{"type":"Polygon","coordinates":[[[129.075135,35.184106],[129.075051,35.184153],[129.074987,35.184074],[129.075071,35.184028],[129.075135,35.184106]]]},"properties":{}},{"type":"Feature","geometry":{"type":"Polygon","coordinates":[[[129.075247,35.184046],[129.075173,35.184089],[129.075098,35.184002],[129.075209,35.183938],[129.075264,35.184002],[129.075227,35.184022],[129.075247,35.184046]]]},"properties":{}},{"type":"Feature","geometry":{"type":"Polygon","coordinates":[[[129.075195,35.183922],[129.075096,35.183974],[129.075034,35.183896],[129.075092,35.183864],[129.075101,35.183875],[129.07514,35.183854],[129.075195,35.183922]]]},"properties":{}},{"type":"Feature","geometry":{"type":"Polygon","coordinates":[[[129.07536,35.183979],[129.075292,35.184016],[129.075228,35.183932],[129.07531,35.18389],[129.075348,35.183938],[129.075333,35.183946],[129.07536,35.183979]]]},"properties":{}},{"type":"Feature","geometry":{"type":"Polygon","coordinates":[[[129.075474,35.183928],[129.075395,35.183968],[129.075324,35.183881],[129.07543,35.183824],[129.075467,35.18387],[129.07544,35.183883],[129.075474,35.183928]]]},"properties":{}},{"type":"Feature","geometry":{"type":"Polygon","coordinates":[[[129.075463,35.184197],[129.075371,35.184243],[129.075315,35.184168],[129.075407,35.184122],[129.075463,35.184197]]]},"properties":{}},{"type":"Feature","geometry":{"type":"Polygon","coordinates":[[[129.075542,35.184046],[129.075597,35.184109],[129.075498,35.184166],[129.075443,35.184103],[129.075542,35.184046]]]},"properties":{}},{"type":"Feature","geometry":{"type":"Polygon","coordinates":[[[129.075626,35.184207],[129.075585,35.184174],[129.075619,35.184147],[129.07566,35.18418],[129.075626,35.184207]]]},"properties":{}},{"type":"Feature","geometry":{"type":"Polygon","coordinates":[[[129.075649,35.18398],[129.075706,35.184055],[129.075637,35.18409],[129.07558,35.184015],[129.075649,35.18398]]]},"properties":{}},{"type":"Feature","geometry":{"type":"Polygon","coordinates":[[[129.075779,35.184024],[129.075732,35.18397],[129.075776,35.183945],[129.075823,35.183999],[129.075779,35.184024]]]},"properties":{}},{"type":"Feature","geometry":{"type":"Polygon","coordinates":[[[129.07606,35.184187],[129.075983,35.184232],[129.075874,35.184106],[129.075951,35.184061],[129.07606,35.184187]]]},"properties":{}},{"type":"Feature","geometry":{"type":"Polygon","coordinates":[[[129.075813,35.184146],[129.075855,35.184203],[129.075786,35.184237],[129.075744,35.18418],[129.075813,35.184146]]]},"properties":{}},{"type":"Feature","geometry":{"type":"Polygon","coordinates":[[[129.075695,35.184112],[129.075775,35.18407],[129.075811,35.184117],[129.075731,35.184158],[129.075695,35.184112]]]},"properties":{}},{"type":"Feature","geometry":{"type":"Polygon","coordinates":[[[129.075681,35.184395],[129.075649,35.184347],[129.075708,35.18432],[129.07574,35.184369],[129.075681,35.184395]]]},"properties":{}},{"type":"Feature","geometry":{"type":"Polygon","coordinates":[[[129.075916,35.184422],[129.075866,35.184357],[129.075968,35.184304],[129.076019,35.184369],[129.075916,35.184422]]]},"properties":{}},{"type":"Feature","geometry":{"type":"Polygon","coordinates":[[[129.075762,35.184491],[129.075704,35.184417],[129.075772,35.184381],[129.07583,35.184456],[129.075762,35.184491]]]},"properties":{}},{"type":"Feature","geometry":{"type":"Polygon","coordinates":[[[129.075606,35.184567],[129.075566,35.18451],[129.07566,35.184466],[129.075699,35.184524],[129.075606,35.184567]]]},"properties":{}},{"type":"Feature","geometry":{"type":"Polygon","coordinates":[[[129.075591,35.184376],[129.075633,35.184445],[129.075548,35.18448],[129.075506,35.184411],[129.075591,35.184376]]]},"properties":{}},{"type":"Feature","geometry":{"type":"Polygon","coordinates":[[[129.07567,35.184226],[129.075705,35.184273],[129.075623,35.184312],[129.075589,35.184265],[129.07567,35.184226]]]},"properties":{}},{"type":"Feature","geometry":{"type":"Polygon","coordinates":[[[129.075451,35.184335],[129.075535,35.184299],[129.075566,35.184347],[129.075483,35.184384],[129.075451,35.184335]]]},"properties":{}},{"type":"Feature","geometry":{"type":"Polygon","coordinates":[[[129.075421,35.18427],[129.075485,35.184253],[129.075497,35.184285],[129.075433,35.184302],[129.075421,35.18427]]]},"properties":{}},{"type":"Feature","geometry":{"type":"Polygon","coordinates":[[[129.075425,35.184523],[129.075371,35.184446],[129.075441,35.184413],[129.075495,35.184489],[129.075425,35.184523]]]},"properties":{}},{"type":"Feature","geometry":{"type":"Polygon","coordinates":[[[129.075493,35.184627],[129.075445,35.184561],[129.075526,35.184522],[129.075574,35.184588],[129.075493,35.184627]]]},"properties":{}},{"type":"Feature","geometry":{"type":"Polygon","coordinates":[[[129.07539,35.18459],[129.075451,35.184663],[129.075385,35.1847],[129.075323,35.184628],[129.07539,35.18459]]]},"properties":{}},{"type":"Feature","geometry":{"type":"Polygon","coordinates":[[[129.075433,35.184835],[129.075364,35.18487],[129.075308,35.184795],[129.075376,35.18476],[129.075433,35.184835]]]},"properties":{}},{"type":"Feature","geometry":{"type":"Polygon","coordinates":[[[129.075371,35.184896],[129.075451,35.184855],[129.075487,35.184902],[129.075407,35.184943],[129.075371,35.184896]]]},"properties":{}},{"type":"Feature","geometry":{"type":"Polygon","coordinates":[[[129.075476,35.184834],[129.07556,35.184799],[129.075603,35.184868],[129.075519,35.184902],[129.075476,35.184834]]]},"properties":{}},{"type":"Feature","geometry":{"type":"Polygon","coordinates":[[[129.075667,35.184949],[129.075584,35.184986],[129.075539,35.184918],[129.075622,35.184882],[129.075667,35.184949]]]},"properties":{}},{"type":"Feature","geometry":{"type":"Polygon","coordinates":[[[129.075644,35.184853],[129.075589,35.184777],[129.075659,35.184743],[129.075714,35.184819],[129.075644,35.184853]]]},"properties":{}},{"type":"Feature","geometry":{"type":"Polygon","coordinates":[[[129.075594,35.184652],[129.075632,35.184722],[129.075571,35.184745],[129.075533,35.184674],[129.075594,35.184652]]]},"properties":{}},{"type":"Feature","geometry":{"type":"Polygon","coordinates":[[[129.075715,35.184604],[129.075755,35.184661],[129.075685,35.184694],[129.075645,35.184637],[129.075715,35.184604]]]},"properties":{}},{"type":"Feature","geometry":{"type":"Polygon","coordinates":[[[129.075774,35.184691],[129.075816,35.184748],[129.075746,35.184781],[129.075705,35.184724],[129.075774,35.184691]]]},"properties":{}},{"type":"Feature","geometry":{"type":"Polygon","coordinates":[[[129.075937,35.184551],[129.075985,35.184618],[129.075916,35.184651],[129.075868,35.184585],[129.075937,35.184551]]]},"properties":{}},{"type":"Feature","geometry":{"type":"Polygon","coordinates":[[[129.07599,35.184978],[129.07592,35.185012],[129.075823,35.18488],[129.075893,35.184846],[129.07599,35.184978]]]},"properties":{}},{"type":"Feature","geometry":{"type":"Polygon","coordinates":[[[129.075829,35.184767],[129.075872,35.184823],[129.075804,35.184858],[129.075761,35.184803],[129.075829,35.184767]]]},"properties":{}},{"type":"Feature","geometry":{"type":"Polygon","coordinates":[[[129.075724,35.184961],[129.07566,35.184877],[129.07574,35.184836],[129.075804,35.184921],[129.075724,35.184961]]]},"properties":{}},{"type":"Feature","geometry":{"type":"Polygon","coordinates":[[[129.075673,35.185064],[129.075629,35.185008],[129.075686,35.184979],[129.075729,35.185035],[129.075673,35.185064]]]},"properties":{}},{"type":"Feature","geometry":{"type":"Polygon","coordinates":[[[129.075822,35.185054],[129.075772,35.185002],[129.075814,35.184974],[129.075864,35.185026],[129.075822,35.185054]]]},"properties":{}},{"type":"Feature","geometry":{"type":"Polygon","coordinates":[[[129.075789,35.185175],[129.075847,35.185147],[129.075908,35.185233],[129.07585,35.185261],[129.075789,35.185175]]]},"properties":{}},{"type":"Feature","geometry":{"type":"Polygon","coordinates":[[[129.075947,35.185128],[129.075974,35.185167],[129.07595,35.185177],[129.075924,35.185139],[129.075947,35.185128]]]},"properties":{}},{"type":"Feature","geometry":{"type":"Polygon","coordinates":[[[129.075901,35.185267],[129.075955,35.185281],[129.075939,35.185325],[129.075884,35.185312],[129.075901,35.185267]]]},"properties":{}},{"type":"Feature","geometry":{"type":"Polygon","coordinates":[[[129.075584,35.18502],[129.075681,35.185152],[129.075635,35.185175],[129.075538,35.185042],[129.075584,35.18502]]]},"properties":{}},{"type":"Feature","geometry":{"type":"Polygon","coordinates":[[[129.075502,35.184921],[129.075552,35.184986],[129.075472,35.185027],[129.075422,35.184961],[129.075502,35.184921]]]},"properties":{}},{"type":"Feature","geometry":{"type":"Polygon","coordinates":[[[129.075229,35.185097],[129.075308,35.185212],[129.075238,35.185245],[129.075158,35.18513],[129.075229,35.185097]]]},"properties":{}},{"type":"Feature","geometry":{"type":"Polygon","coordinates":[[[129.075055,35.185166],[129.075114,35.185139],[129.075199,35.185265],[129.07514,35.185291],[129.075055,35.185166]]]},"properties":{}},{"type":"Feature","geometry":{"type":"Polygon","coordinates":[[[129.075316,35.18464],[129.075366,35.184705],[129.075286,35.184746],[129.075236,35.18468],[129.075316,35.18464]]]},"properties":{}},{"type":"Feature","geometry":{"type":"Polygon","coordinates":[[[129.075233,35.18455],[129.075263,35.184599],[129.075178,35.184633],[129.075149,35.184584],[129.075233,35.18455]]]},"properties":{}},{"type":"Feature","geometry":{"type":"Polygon","coordinates":[[[129.075057,35.184934],[129.075014,35.18496],[129.074982,35.184925],[129.075025,35.184899],[129.075057,35.184934]]]},"properties":{}},{"type":"Feature","geometry":{"type":"Polygon","coordinates":[[[129.07489,35.184804],[129.074835,35.184728],[129.074905,35.184695],[129.074959,35.184771],[129.07489,35.184804]]]},"properties":{}},{"type":"Feature","geometry":{"type":"Polygon","coordinates":[[[129.074894,35.184637],[129.074815,35.184679],[129.074763,35.184614],[129.074842,35.184572],[129.074894,35.184637]]]},"properties":{}},{"type":"Feature","geometry":{"type":"Polygon","coordinates":[[[129.074744,35.184778],[129.074814,35.184746],[129.074867,35.184822],[129.074797,35.184855],[129.074744,35.184778]]]},"properties":{}},{"type":"Feature","geometry":{"type":"Polygon","coordinates":[[[129.074815,35.184874],[129.074885,35.184842],[129.074925,35.184899],[129.074855,35.184932],[129.074815,35.184874]]]},"properties":{}},{"type":"Feature","geometry":{"type":"Polygon","coordinates":[[[129.074903,35.18507],[129.074835,35.185105],[129.074792,35.185049],[129.07486,35.185014],[129.074903,35.18507]]]},"properties":{}},{"type":"Feature","geometry":{"type":"Polygon","coordinates":[[[129.075009,35.185009],[129.07494,35.185044],[129.074883,35.18497],[129.074951,35.184935],[129.075009,35.185009]]]},"properties":{}},{"type":"Feature","geometry":{"type":"Polygon","coordinates":[[[129.074883,35.185154],[129.07486,35.185114],[129.075007,35.185058],[129.075029,35.185098],[129.074883,35.185154]]]},"properties":{}},{"type":"Feature","geometry":{"type":"Polygon","coordinates":[[[129.074911,35.185246],[129.074979,35.185328],[129.074945,35.185347],[129.074877,35.185264],[129.074911,35.185246]]]},"properties":{}},{"type":"Feature","geometry":{"type":"Polygon","coordinates":[[[129.074809,35.18518],[129.074762,35.185202],[129.074722,35.185145],[129.074768,35.185123],[129.074809,35.18518]]]},"properties":{}},{"type":"Feature","geometry":{"type":"Polygon","coordinates":[[[129.074759,35.185347],[129.074717,35.185291],[129.074786,35.185257],[129.074828,35.185313],[129.074759,35.185347]]]},"properties":{}},{"type":"Feature","geometry":{"type":"Polygon","coordinates":[[[129.074873,35.185349],[129.074901,35.185386],[129.074832,35.185421],[129.074804,35.185383],[129.074873,35.185349]]]},"properties":{}},{"type":"Feature","geometry":{"type":"Polygon","coordinates":[[[129.074791,35.185583],[129.074739,35.185506],[129.07481,35.185474],[129.074862,35.185551],[129.074791,35.185583]]]},"properties":{}},{"type":"Feature","geometry":{"type":"Polygon","coordinates":[[[129.074777,35.185722],[129.074737,35.185664],[129.074902,35.185589],[129.074941,35.185647],[129.074777,35.185722]]]},"properties":{}},{"type":"Feature","geometry":{"type":"Polygon","coordinates":[[[129.074943,35.18543],[129.074992,35.185508],[129.074932,35.185533],[129.074883,35.185455],[129.074943,35.18543]]]},"properties":{}},{"type":"Feature","geometry":{"type":"Polygon","coordinates":[[[129.07499,35.1856],[129.074988,35.185553],[129.075026,35.185552],[129.075029,35.185599],[129.07499,35.1856]]]},"properties":{}},{"type":"Feature","geometry":{"type":"Polygon","coordinates":[[[129.075061,35.185355],[129.075108,35.185333],[129.075186,35.185449],[129.075139,35.185471],[129.075061,35.185355]]]},"properties":{}},{"type":"Feature","geometry":{"type":"Polygon","coordinates":[[[129.075216,35.185291],[129.075301,35.185417],[129.075242,35.185443],[129.075157,35.185318],[129.075216,35.185291]]]},"properties":{}},{"type":"Feature","geometry":{"type":"Polygon","coordinates":[[[129.075329,35.18524],[129.075399,35.185347],[129.07534,35.185373],[129.07527,35.185266],[129.075329,35.18524]]]},"properties":{}},{"type":"Feature","geometry":{"type":"Polygon","coordinates":[[[129.075309,35.185527],[129.07527,35.185469],[129.075317,35.185448],[129.075356,35.185505],[129.075309,35.185527]]]},"properties":{}},{"type":"Feature","geometry":{"type":"Polygon","coordinates":[[[129.075132,35.185517],[129.075181,35.185608],[129.075119,35.18563],[129.075071,35.185539],[129.075132,35.185517]]]},"properties":{}},{"type":"Feature","geometry":{"type":"Polygon","coordinates":[[[129.075062,35.185605],[129.075115,35.185669],[129.075059,35.185699],[129.075006,35.185636],[129.075062,35.185605]]]},"properties":{}},{"type":"Feature","geometry":{"type":"Polygon","coordinates":[[[129.075295,35.18576],[129.075378,35.185723],[129.07541,35.185772],[129.075326,35.185808],[129.075295,35.18576]]]},"properties":{}},{"type":"Feature","geometry":{"type":"Polygon","coordinates":[[[129.075178,35.185816],[129.075262,35.18578],[129.075293,35.185828],[129.07521,35.185865],[129.075178,35.185816]]]},"properties":{}},{"type":"Feature","geometry":{"type":"Polygon","coordinates":[[[129.075281,35.185856],[129.075333,35.185906],[129.075281,35.185942],[129.075229,35.185891],[129.075281,35.185856]]]},"properties":{}},{"type":"Feature","geometry":{"type":"Polygon","coordinates":[[[129.075172,35.185984],[129.075137,35.18595],[129.075179,35.185922],[129.075213,35.185956],[129.075172,35.185984]]]},"properties":{}},{"type":"Feature","geometry":{"type":"Polygon","coordinates":[[[129.074816,35.185884],[129.074938,35.186043],[129.074995,35.186014],[129.075045,35.186079],[129.07493,35.186137],[129.074759,35.185913],[129.074816,35.185884]]]},"properties":{}},{"type":"Feature","geometry":{"type":"Polygon","coordinates":[[[129.075021,35.185854],[129.074979,35.185798],[129.075048,35.185763],[129.07509,35.185819],[129.075021,35.185854]]]},"properties":{}},{"type":"Feature","geometry":{"type":"Polygon","coordinates":[[[129.074991,35.185727],[129.07492,35.18576],[129.074881,35.185702],[129.074952,35.18567],[129.074991,35.185727]]]},"properties":{}},{"type":"Feature","geometry":{"type":"Polygon","coordinates":[[[129.075046,35.186246],[129.074992,35.186202],[129.075046,35.186158],[129.0751,35.186202],[129.075046,35.186246]]]},"properties":{}},{"type":"Feature","geometry":{"type":"Polygon","coordinates":[[[129.074879,35.18626],[129.074941,35.186345],[129.07486,35.186385],[129.074798,35.1863],[129.074879,35.18626]]]},"properties":{}},{"type":"Feature","geometry":{"type":"Polygon","coordinates":[[[129.07481,35.186532],[129.074752,35.186445],[129.074812,35.186419],[129.074869,35.186506],[129.07481,35.186532]]]},"properties":{}},{"type":"Feature","geometry":{"type":"Polygon","coordinates":[[[129.074809,35.186603],[129.074866,35.186678],[129.07482,35.186701],[129.074763,35.186626],[129.074809,35.186603]]]},"properties":{}},{"type":"Feature","geometry":{"type":"Polygon","coordinates":[[[129.074907,35.186661],[129.074849,35.186587],[129.074917,35.186551],[129.074975,35.186625],[129.074907,35.186661]]]},"properties":{}},{"type":"Feature","geometry":{"type":"Polygon","coordinates":[[[129.074993,35.186654],[129.07505,35.186729],[129.074982,35.186764],[129.074924,35.18669],[129.074993,35.186654]]]},"properties":{}},{"type":"Feature","geometry":{"type":"Polygon","coordinates":[[[129.074865,35.186422],[129.074946,35.186382],[129.074994,35.186448],[129.074914,35.186488],[129.074865,35.186422]]]},"properties":{}},{"type":"Feature","geometry":{"type":"Polygon","coordinates":[[[129.075191,35.186357],[129.075189,35.186396],[129.075113,35.186393],[129.075115,35.186354],[129.075191,35.186357]]]},"properties":{}},{"type":"Feature","geometry":{"type":"Polygon","coordinates":[[[129.075158,35.186678],[129.075076,35.186715],[129.075016,35.186629],[129.075099,35.186591],[129.075158,35.186678]]]},"properties":{}},{"type":"Feature","geometry":{"type":"Polygon","coordinates":[[[129.075438,35.186685],[129.075355,35.186722],[129.075297,35.186635],[129.07538,35.186598],[129.075438,35.186685]]]},"properties":{}},{"type":"Feature","geometry":{"type":"Polygon","coordinates":[[[129.075261,35.186608],[129.075208,35.186531],[129.075326,35.186477],[129.075378,35.186554],[129.075261,35.186608]]]},"properties":{}},{"type":"Feature","geometry":{"type":"Polygon","coordinates":[[[129.0753,35.186446],[129.075185,35.186503],[129.075143,35.186446],[129.075259,35.186389],[129.0753,35.186446]]]},"properties":{}},{"type":"Feature","geometry":{"type":"Polygon","coordinates":[[[129.075294,35.186362],[129.075374,35.186322],[129.075423,35.186388],[129.075342,35.186428],[129.075294,35.186362]]]},"properties":{}},{"type":"Feature","geometry":{"type":"Polygon","coordinates":[[[129.075276,35.186342],[129.075239,35.186296],[129.075319,35.186254],[129.075355,35.1863],[129.075276,35.186342]]]},"properties":{}},{"type":"Feature","geometry":{"type":"Polygon","coordinates":[[[129.075053,35.186287],[129.075132,35.186246],[129.075168,35.186292],[129.075089,35.186334],[129.075053,35.186287]]]},"properties":{}},{"type":"Feature","geometry":{"type":"Polygon","coordinates":[[[129.075381,35.186084],[129.075303,35.186127],[129.075235,35.186045],[129.075313,35.186002],[129.075381,35.186084]]]},"properties":{}},{"type":"Feature","geometry":{"type":"Polygon","coordinates":[[[129.075414,35.186104],[129.075453,35.186162],[129.075359,35.186205],[129.07532,35.186147],[129.075414,35.186104]]]},"properties":{}},{"type":"Feature","geometry":{"type":"Polygon","coordinates":[[[129.075478,35.186148],[129.07544,35.18609],[129.075535,35.186048],[129.075573,35.186107],[129.075478,35.186148]]]},"properties":{}},{"type":"Feature","geometry":{"type":"Polygon","coordinates":[[[129.075627,35.18607],[129.075596,35.186021],[129.07568,35.185986],[129.075711,35.186035],[129.075627,35.18607]]]},"properties":{}},{"type":"Feature","geometry":{"type":"Polygon","coordinates":[[[129.075497,35.186164],[129.075594,35.186126],[129.075628,35.186186],[129.075531,35.186223],[129.075497,35.186164]]]},"properties":{}},{"type":"Feature","geometry":{"type":"Polygon","coordinates":[[[129.075666,35.186288],[129.075595,35.18632],[129.075543,35.186243],[129.075613,35.186211],[129.075666,35.186288]]]},"properties":{}},{"type":"Feature","geometry":{"type":"Polygon","coordinates":[[[129.075498,35.186287],[129.07552,35.186339],[129.075457,35.186358],[129.075434,35.186306],[129.075498,35.186287]]]},"properties":{}},{"type":"Feature","geometry":{"type":"Polygon","coordinates":[[[129.075412,35.186289],[129.075369,35.186233],[129.07546,35.186186],[129.075503,35.186242],[129.075412,35.186289]]]},"properties":{}},{"type":"Feature","geometry":{"type":"Polygon","coordinates":[[[129.075421,35.186523],[129.075373,35.18647],[129.07546,35.186418],[129.075508,35.186471],[129.075421,35.186523]]]},"properties":{}},{"type":"Feature","geometry":{"type":"Polygon","coordinates":[[[129.075411,35.186583],[129.075494,35.186547],[129.075538,35.186616],[129.075454,35.186651],[129.075411,35.186583]]]},"properties":{}},{"type":"Feature","geometry":{"type":"Polygon","coordinates":[[[129.075557,35.186597],[129.07551,35.18653],[129.075569,35.186502],[129.075615,35.186569],[129.075557,35.186597]]]},"properties":{}},{"type":"Feature","geometry":{"type":"Polygon","coordinates":[[[129.07565,35.186609],[129.075692,35.186678],[129.075608,35.186713],[129.075566,35.186644],[129.07565,35.186609]]]},"properties":{}},{"type":"Feature","geometry":{"type":"Polygon","coordinates":[[[129.075545,35.186375],[129.075605,35.186424],[129.075565,35.186457],[129.075504,35.186408],[129.075545,35.186375]]]},"properties":{}},{"type":"Feature","geometry":{"type":"Polygon","coordinates":[[[129.075727,35.186691],[129.075803,35.186666],[129.075832,35.186728],[129.075758,35.186752],[129.075727,35.186691]]]},"properties":{}},{"type":"Feature","geometry":{"type":"Polygon","coordinates":[[[129.075871,35.186701],[129.075831,35.186644],[129.075925,35.186601],[129.075965,35.186658],[129.075871,35.186701]]]},"properties":{}},{"type":"Feature","geometry":{"type":"Polygon","coordinates":[[[129.07605,35.186502],[129.075723,35.186657],[129.075676,35.18659],[129.076002,35.186436],[129.07605,35.186502]]]},"properties":{}},{"type":"Feature","geometry":{"type":"Polygon","coordinates":[[[129.075739,35.186156],[129.07578,35.186213],[129.07571,35.186246],[129.075669,35.186189],[129.075739,35.186156]]]},"properties":{}},{"type":"Feature","geometry":{"type":"Polygon","coordinates":[[[129.075652,35.1861],[129.075722,35.186067],[129.075749,35.186105],[129.07568,35.186138],[129.075652,35.1861]]]},"properties":{}},{"type":"Feature","geometry":{"type":"Polygon","coordinates":[[[129.07567,35.185903],[129.075755,35.185848],[129.075788,35.185883],[129.075703,35.185938],[129.07567,35.185903]]]},"properties":{}},{"type":"Feature","geometry":{"type":"Polygon","coordinates":[[[129.075834,35.185972],[129.075751,35.186009],[129.075719,35.18596],[129.075802,35.185924],[129.075834,35.185972]]]},"properties":{}},{"type":"Feature","geometry":{"type":"Polygon","coordinates":[[[129.075569,35.185999],[129.075525,35.185931],[129.075608,35.185895],[129.075652,35.185963],[129.075569,35.185999]]]},"properties":{}},{"type":"Feature","geometry":{"type":"Polygon","coordinates":[[[129.075423,35.186067],[129.075369,35.185991],[129.075462,35.185946],[129.075516,35.186023],[129.075423,35.186067]]]},"properties":{}},{"type":"Feature","geometry":{"type":"Polygon","coordinates":[[[129.075393,35.185875],[129.075364,35.185838],[129.075409,35.185814],[129.075438,35.185851],[129.075393,35.185875]]]},"properties":{}},{"type":"Feature","geometry":{"type":"Polygon","coordinates":[[[129.075529,35.185719],[129.075469,35.185745],[129.075438,35.185697],[129.075497,35.185671],[129.075529,35.185719]]]},"properties":{}},{"type":"Feature","geometry":{"type":"Polygon","coordinates":[[[129.075597,35.185713],[129.075551,35.185673],[129.07558,35.185651],[129.075627,35.18569],[129.075597,35.185713]]]},"properties":{}},{"type":"Feature","geometry":{"type":"Polygon","coordinates":[[[129.075573,35.185802],[129.075513,35.185827],[129.075482,35.185778],[129.075542,35.185753],[129.075573,35.185802]]]},"properties":{}},{"type":"Feature","geometry":{"type":"Polygon","coordinates":[[[129.07548,35.185519],[129.075549,35.185601],[129.075471,35.185645],[129.075402,35.185563],[129.07548,35.185519]]]},"properties":{}},{"type":"Feature","geometry":{"type":"Polygon","coordinates":[[[129.075365,35.185415],[129.075438,35.185388],[129.075482,35.185468],[129.075409,35.185495],[129.075365,35.185415]]]},"properties":{}},{"type":"Feature","geometry":{"type":"Polygon","coordinates":[[[129.075692,35.18533],[129.075765,35.185301],[129.075789,35.18534],[129.075716,35.18537],[129.075692,35.18533]]]},"properties":{}},{"type":"Feature","geometry":{"type":"Polygon","coordinates":[[[129.075938,35.185482],[129.076012,35.185574],[129.075899,35.185634],[129.075825,35.185542],[129.075938,35.185482]]]},"properties":{}},{"type":"Feature","geometry":{"type":"Polygon","coordinates":[[[129.075829,35.185533],[129.075782,35.18548],[129.075891,35.185415],[129.075938,35.185469],[129.075829,35.185533]]]},"properties":{}},{"type":"Feature","geometry":{"type":"Polygon","coordinates":[[[129.075899,35.185391],[129.075795,35.185442],[129.075761,35.185395],[129.075864,35.185344],[129.075899,35.185391]]]},"properties":{}},{"type":"Feature","geometry":{"type":"Polygon","coordinates":[[[129.076159,35.185469],[129.076024,35.185304],[129.07608,35.185273],[129.076215,35.185438],[129.076159,35.185469]]]},"properties":{}},{"type":"Feature","geometry":{"type":"Polygon","coordinates":[[[129.076222,35.18563],[129.076141,35.185688],[129.07607,35.185623],[129.07615,35.185564],[129.076222,35.18563]]]},"properties":{}},{"type":"Feature","geometry":{"type":"Polygon","coordinates":[[[129.07627,35.185595],[129.076229,35.185552],[129.07626,35.185532],[129.076302,35.185575],[129.07627,35.185595]]]},"properties":{}},{"type":"Feature","geometry":{"type":"Polygon","coordinates":[[[129.076204,35.185381],[129.076138,35.185261],[129.076187,35.185243],[129.076253,35.185363],[129.076204,35.185381]]]},"properties":{}},{"type":"Feature","geometry":{"type":"Polygon","coordinates":[[[129.076329,35.185396],[129.076271,35.185309],[129.07633,35.185282],[129.076388,35.185369],[129.076329,35.185396]]]},"properties":{}},{"type":"Feature","geometry":{"type":"Polygon","coordinates":[[[129.07657,35.185451],[129.076523,35.185398],[129.076567,35.185372],[129.076613,35.185426],[129.07657,35.185451]]]},"properties":{}},{"type":"Feature","geometry":{"type":"Polygon","coordinates":[[[129.076416,35.185435],[129.07647,35.185402],[129.076543,35.185481],[129.076489,35.185514],[129.076416,35.185435]]]},"properties":{}},{"type":"Feature","geometry":{"type":"Polygon","coordinates":[[[129.076499,35.185547],[129.076565,35.185508],[129.076612,35.185562],[129.076547,35.1856],[129.076499,35.185547]]]},"properties":{}},{"type":"Feature","geometry":{"type":"Polygon","coordinates":[[[129.076384,35.185595],[129.076452,35.185559],[129.07651,35.185634],[129.076442,35.185669],[129.076384,35.185595]]]},"properties":{}},{"type":"Feature","geometry":{"type":"Polygon","coordinates":[[[129.076432,35.18554],[129.076362,35.185574],[129.076307,35.185498],[129.076377,35.185465],[129.076432,35.18554]]]},"properties":{}},{"type":"Feature","geometry":{"type":"Polygon","coordinates":[[[129.07628,35.185655],[129.076359,35.185613],[129.076411,35.185677],[129.076332,35.18572],[129.07628,35.185655]]]},"properties":{}},{"type":"Feature","geometry":{"type":"Polygon","coordinates":[[[129.076398,35.185802],[129.076354,35.185746],[129.076423,35.185711],[129.076466,35.185767],[129.076398,35.185802]]]},"properties":{}},{"type":"Feature","geometry":{"type":"Polygon","coordinates":[[[129.076534,35.185682],[129.076544,35.185726],[129.076491,35.185734],[129.076481,35.185691],[129.076534,35.185682]]]},"properties":{}},{"type":"Feature","geometry":{"type":"Polygon","coordinates":[[[129.076597,35.18573],[129.076654,35.185804],[129.076585,35.185839],[129.076528,35.185764],[129.076597,35.18573]]]},"properties":{}},{"type":"Feature","geometry":{"type":"Polygon","coordinates":[[[129.076383,35.185955],[129.076338,35.185875],[129.076388,35.185857],[129.076432,35.185937],[129.076383,35.185955]]]},"properties":{}},{"type":"Feature","geometry":{"type":"Polygon","coordinates":[[[129.076344,35.185955],[129.076282,35.185977],[129.076255,35.185926],[129.076317,35.185904],[129.076344,35.185955]]]},"properties":{}},{"type":"Feature","geometry":{"type":"Polygon","coordinates":[[[129.076205,35.186029],[129.076143,35.185957],[129.076187,35.185931],[129.076249,35.186003],[129.076205,35.186029]]]},"properties":{}},{"type":"Feature","geometry":{"type":"Polygon","coordinates":[[[129.076279,35.185854],[129.076229,35.185789],[129.076308,35.185747],[129.076359,35.185812],[129.076279,35.185854]]]},"properties":{}},{"type":"Feature","geometry":{"type":"Polygon","coordinates":[[[129.076271,35.185672],[129.076272,35.185742],[129.076234,35.185742],[129.076233,35.185672],[129.076271,35.185672]]]},"properties":{}},{"type":"Feature","geometry":{"type":"Polygon","coordinates":[[[129.076024,35.18579],[129.076124,35.185716],[129.076169,35.185757],[129.076069,35.185831],[129.076024,35.18579]]]},"properties":{}},{"type":"Feature","geometry":{"type":"Polygon","coordinates":[[[129.076037,35.186226],[129.075988,35.186245],[129.075947,35.186176],[129.075996,35.186157],[129.076037,35.186226]]]},"properties":{}},{"type":"Feature","geometry":{"type":"Polygon","coordinates":[[[129.076112,35.186482],[129.076052,35.186396],[129.076134,35.186358],[129.076194,35.186444],[129.076112,35.186482]]]},"properties":{}},{"type":"Feature","geometry":{"type":"Polygon","coordinates":[[[129.075986,35.186558],[129.076072,35.186526],[129.076111,35.186596],[129.076026,35.186628],[129.075986,35.186558]]]},"properties":{}},{"type":"Feature","geometry":{"type":"Polygon","coordinates":[[[129.076032,35.186651],[129.076124,35.186605],[129.076166,35.186661],[129.076074,35.186707],[129.076032,35.186651]]]},"properties":{}},{"type":"Feature","geometry":{"type":"Polygon","coordinates":[[[129.076156,35.186602],[129.076219,35.186561],[129.076287,35.18663],[129.076223,35.186671],[129.076156,35.186602]]]},"properties":{}},{"type":"Feature","geometry":{"type":"Polygon","coordinates":[[[129.076111,35.186512],[129.076211,35.186477],[129.076243,35.186537],[129.076144,35.186572],[129.076111,35.186512]]]},"properties":{}},{"type":"Feature","geometry":{"type":"Polygon","coordinates":[[[129.076556,35.18633],[129.076635,35.186446],[129.076517,35.1865],[129.076438,35.186384],[129.076556,35.18633]]]},"properties":{}},{"type":"Feature","geometry":{"type":"Polygon","coordinates":[[[129.076595,35.186184],[129.076674,35.186287],[129.076594,35.186328],[129.076515,35.186225],[129.076595,35.186184]]]},"properties":{}},{"type":"Feature","geometry":{"type":"Polygon","coordinates":[[[129.076726,35.185871],[129.076848,35.186029],[129.076586,35.186164],[129.076464,35.186006],[129.076726,35.185871]]]},"properties":{}},{"type":"Feature","geometry":{"type":"Polygon","coordinates":[[[129.076782,35.186244],[129.076727,35.186233],[129.076736,35.186203],[129.076791,35.186214],[129.076782,35.186244]]]},"properties":{}},{"type":"Feature","geometry":{"type":"Polygon","coordinates":[[[129.076749,35.186402],[129.076678,35.186434],[129.076612,35.186338],[129.076683,35.186306],[129.076749,35.186402]]]},"properties":{}},{"type":"Feature","geometry":{"type":"Polygon","coordinates":[[[129.076819,35.186781],[129.076738,35.186821],[129.076592,35.186623],[129.076673,35.186583],[129.076819,35.186781]]]},"properties":{}},{"type":"Feature","geometry":{"type":"Polygon","coordinates":[[[129.076853,35.186415],[129.076895,35.186472],[129.076733,35.186551],[129.076691,35.186495],[129.076853,35.186415]]]},"properties":{}},{"type":"Feature","geometry":{"type":"Polygon","coordinates":[[[129.077086,35.186524],[129.077015,35.186556],[129.076963,35.186479],[129.077034,35.186447],[129.077086,35.186524]]]},"properties":{}},{"type":"Feature","geometry":{"type":"Polygon","coordinates":[[[129.077045,35.186818],[129.076852,35.186515],[129.076924,35.186484],[129.077117,35.186788],[129.077045,35.186818]]]},"properties":{}},{"type":"Feature","geometry":{"type":"Polygon","coordinates":[[[129.077075,35.186439],[129.077122,35.186416],[129.077163,35.186473],[129.077117,35.186495],[129.077075,35.186439]]]},"properties":{}},{"type":"Feature","geometry":{"type":"Polygon","coordinates":[[[129.07721,35.186367],[129.077253,35.186423],[129.077207,35.186446],[129.077164,35.18639],[129.07721,35.186367]]]},"properties":{}},{"type":"Feature","geometry":{"type":"Polygon","coordinates":[[[129.07703,35.186308],[129.077091,35.18638],[129.077047,35.186406],[129.076986,35.186333],[129.07703,35.186308]]]},"properties":{}},{"type":"Feature","geometry":{"type":"Polygon","coordinates":[[[129.076915,35.186292],[129.076846,35.186198],[129.076916,35.186164],[129.076985,35.186258],[129.076915,35.186292]]]},"properties":{}},{"type":"Feature","geometry":{"type":"Polygon","coordinates":[[[129.077068,35.186157],[129.077031,35.186111],[129.077064,35.186093],[129.077102,35.186138],[129.077068,35.186157]]]},"properties":{}},{"type":"Feature","geometry":{"type":"Polygon","coordinates":[[[129.077115,35.186045],[129.077057,35.185958],[129.077116,35.185932],[129.077174,35.186019],[129.077115,35.186045]]]},"properties":{}},{"type":"Feature","geometry":{"type":"Polygon","coordinates":[[[129.077201,35.185671],[129.07721,35.185715],[129.077183,35.185718],[129.077174,35.185675],[129.077201,35.185671]]]},"properties":{}},{"type":"Feature","geometry":{"type":"Polygon","coordinates":[[[129.077025,35.185713],[129.077093,35.185677],[129.077158,35.18576],[129.07709,35.185796],[129.077025,35.185713]]]},"properties":{}},{"type":"Feature","geometry":{"type":"Polygon","coordinates":[[[129.076924,35.18579],[129.076994,35.185758],[129.077047,35.185835],[129.076976,35.185867],[129.076924,35.18579]]]},"properties":{}},{"type":"Feature","geometry":{"type":"Polygon","coordinates":[[[129.077061,35.185869],[129.077085,35.18592],[129.077022,35.18594],[129.076998,35.185888],[129.077061,35.185869]]]},"properties":{}},{"type":"Feature","geometry":{"type":"Polygon","coordinates":[[[129.076785,35.185741],[129.076732,35.185677],[129.076788,35.185646],[129.076841,35.18571],[129.076785,35.185741]]]},"properties":{}},{"type":"Feature","geometry":{"type":"Polygon","coordinates":[[[129.076934,35.18566],[129.076865,35.185695],[129.076808,35.18562],[129.076877,35.185585],[129.076934,35.18566]]]},"properties":{}},{"type":"Feature","geometry":{"type":"Polygon","coordinates":[[[129.076948,35.185504],[129.076893,35.185535],[129.076839,35.185471],[129.076895,35.18544],[129.076948,35.185504]]]},"properties":{}},{"type":"Feature","geometry":{"type":"Polygon","coordinates":[[[129.076835,35.185545],[129.076787,35.185566],[129.076762,35.185528],[129.076809,35.185507],[129.076835,35.185545]]]},"properties":{}},{"type":"Feature","geometry":{"type":"Polygon","coordinates":[[[129.076593,35.185626],[129.076666,35.185577],[129.076708,35.185619],[129.076636,35.185668],[129.076593,35.185626]]]},"properties":{}},{"type":"Feature","geometry":{"type":"Polygon","coordinates":[[[129.076636,35.185547],[129.076592,35.185492],[129.076637,35.185468],[129.076681,35.185523],[129.076636,35.185547]]]},"properties":{}},{"type":"Feature","geometry":{"type":"Polygon","coordinates":[[[129.0768,35.185464],[129.076733,35.185501],[129.076687,35.185446],[129.076754,35.185409],[129.0768,35.185464]]]},"properties":{}},{"type":"Feature","geometry":{"type":"Polygon","coordinates":[[[129.076618,35.185326],[129.076663,35.185301],[129.076724,35.185373],[129.07668,35.185398],[129.076618,35.185326]]]},"properties":{}},{"type":"Feature","geometry":{"type":"Polygon","coordinates":[[[129.07692,35.185407],[129.076989,35.185372],[129.077046,35.185447],[129.076977,35.185482],[129.07692,35.185407]]]},"properties":{}},{"type":"Feature","geometry":{"type":"Polygon","coordinates":[[[129.076967,35.18563],[129.076916,35.185565],[129.076973,35.185536],[129.077024,35.185601],[129.076967,35.18563]]]},"properties":{}},{"type":"Feature","geometry":{"type":"Polygon","coordinates":[[[129.077003,35.185508],[129.077061,35.18548],[129.077122,35.185566],[129.077064,35.185594],[129.077003,35.185508]]]},"properties":{}},{"type":"Feature","geometry":{"type":"Polygon","coordinates":[[[129.077149,35.185215],[129.077068,35.185255],[129.077005,35.185171],[129.077085,35.18513],[129.077149,35.185215]]]},"properties":{}},{"type":"Feature","geometry":{"type":"Polygon","coordinates":[[[129.077103,35.184573],[129.077261,35.184769],[129.077082,35.184865],[129.076924,35.18467],[129.077103,35.184573]]]},"properties":{"class":"apartments","subtype":"residential","num_floors":13}},{"type":"Feature","geometry":{"type":"Polygon","coordinates":[[[129.077029,35.18481],[129.076928,35.184865],[129.076779,35.184682],[129.076879,35.184627],[129.077029,35.18481]]]},"properties":{}},{"type":"Feature","geometry":{"type":"Polygon","coordinates":[[[129.076788,35.184786],[129.076718,35.184818],[129.076639,35.184703],[129.076709,35.184671],[129.076788,35.184786]]]},"properties":{}},{"type":"Feature","geometry":{"type":"Polygon","coordinates":[[[129.076705,35.185043],[129.076637,35.185078],[129.076593,35.185023],[129.076661,35.184987],[129.076705,35.185043]]]},"properties":{}},{"type":"Feature","geometry":{"type":"Polygon","coordinates":[[[129.076619,35.185136],[129.076678,35.18521],[129.076611,35.185246],[129.076551,35.185173],[129.076619,35.185136]]]},"properties":{}},{"type":"Feature","geometry":{"type":"Polygon","coordinates":[[[129.076524,35.185281],[129.076467,35.185206],[129.076513,35.185183],[129.07657,35.185258],[129.076524,35.185281]]]},"properties":{}},{"type":"Feature","geometry":{"type":"Polygon","coordinates":[[[129.076528,35.18514],[129.07648,35.185074],[129.076561,35.185035],[129.076609,35.185101],[129.076528,35.18514]]]},"properties":{}},{"type":"Feature","geometry":{"type":"Polygon","coordinates":[[[129.076416,35.185072],[129.076346,35.185105],[129.076306,35.185048],[129.076376,35.185015],[129.076416,35.185072]]]},"properties":{}},{"type":"Feature","geometry":{"type":"Polygon","coordinates":[[[129.076486,35.185316],[129.076428,35.185344],[129.076367,35.185258],[129.076426,35.18523],[129.076486,35.185316]]]},"properties":{}},{"type":"Feature","geometry":{"type":"Polygon","coordinates":[[[129.076203,35.185123],[129.07627,35.185086],[129.0763,35.185122],[129.076233,35.18516],[129.076203,35.185123]]]},"properties":{}},{"type":"Feature","geometry":{"type":"Polygon","coordinates":[[[129.076065,35.185247],[129.076007,35.185275],[129.075972,35.185228],[129.07603,35.1852],[129.076065,35.185247]]]},"properties":{}},{"type":"Feature","geometry":{"type":"Polygon","coordinates":[[[129.076075,35.185175],[129.076145,35.185142],[129.076186,35.185198],[129.076116,35.185232],[129.076075,35.185175]]]},"properties":{}},{"type":"Feature","geometry":{"type":"Polygon","coordinates":[[[129.076064,35.185026],[129.076121,35.185113],[129.076038,35.185149],[129.075981,35.185062],[129.076064,35.185026]]]},"properties":{}},{"type":"Feature","geometry":{"type":"Polygon","coordinates":[[[129.076112,35.184999],[129.076183,35.184967],[129.076235,35.185044],[129.076165,35.185076],[129.076112,35.184999]]]},"properties":{}},{"type":"Feature","geometry":{"type":"Polygon","coordinates":[[[129.075921,35.184823],[129.07598,35.184796],[129.076079,35.18494],[129.07602,35.184967],[129.075921,35.184823]]]},"properties":{}},{"type":"Feature","geometry":{"type":"Polygon","coordinates":[[[129.076153,35.184877],[129.076095,35.18485],[129.076113,35.184823],[129.076171,35.18485],[129.076153,35.184877]]]},"properties":{}},{"type":"Feature","geometry":{"type":"Polygon","coordinates":[[[129.075997,35.184644],[129.076062,35.184728],[129.076005,35.184758],[129.07594,35.184674],[129.075997,35.184644]]]},"properties":{}},{"type":"Feature","geometry":{"type":"Polygon","coordinates":[[[129.076467,35.184841],[129.076562,35.184799],[129.0766,35.184857],[129.076506,35.184899],[129.076467,35.184841]]]},"properties":{}},{"type":"Feature","geometry":{"type":"Polygon","coordinates":[[[129.076518,35.184543],[129.076575,35.184514],[129.076619,35.18457],[129.076562,35.184599],[129.076518,35.184543]]]},"properties":{}},{"type":"Feature","geometry":{"type":"Polygon","coordinates":[[[129.076708,35.184312],[129.076442,35.184454],[129.076389,35.184387],[129.07671,35.184215],[129.076749,35.184264],[129.076694,35.184294],[129.076708,35.184312]]]},"properties":{"class":"apartments","subtype":"residential","num_floors":13}},{"type":"Feature","geometry":{"type":"Polygon","coordinates":[[[129.076252,35.184455],[129.076152,35.184549],[129.076109,35.184518],[129.076209,35.184424],[129.076252,35.184455]]]},"properties":{}},{"type":"Feature","geometry":{"type":"Polygon","coordinates":[[[129.075975,35.184508],[129.076058,35.184472],[129.076115,35.184559],[129.076032,35.184596],[129.075975,35.184508]]]},"properties":{}},{"type":"Feature","geometry":{"type":"Polygon","coordinates":[[[129.076096,35.184231],[129.076145,35.184296],[129.076065,35.184337],[129.076016,35.184271],[129.076096,35.184231]]]},"properties":{}},{"type":"Feature","geometry":{"type":"Polygon","coordinates":[[[129.076052,35.183777],[129.07619,35.183958],[129.076061,35.184024],[129.075948,35.183876],[129.075941,35.183834],[129.076052,35.183777]]]},"properties":{"class":"apartments","subtype":"residential","num_floors":11}},{"type":"Feature","geometry":{"type":"Polygon","coordinates":[[[129.07644,35.183844],[129.076503,35.183922],[129.076294,35.184034],[129.076231,35.183956],[129.07644,35.183844]]]},"properties":{"class":"apartments","subtype":"residential","num_floors":11}},{"type":"Feature","geometry":{"type":"Polygon","coordinates":[[[129.076805,35.184117],[129.076855,35.184182],[129.076799,35.184212],[129.076748,35.184147],[129.076805,35.184117]]]},"properties":{}},{"type":"Feature","geometry":{"type":"Polygon","coordinates":[[[129.076652,35.184499],[129.076699,35.18445],[129.076759,35.184488],[129.076712,35.184537],[129.076652,35.184499]]]},"properties":{}},{"type":"Feature","geometry":{"type":"Polygon","coordinates":[[[129.076838,35.184389],[129.076847,35.184433],[129.076793,35.184439],[129.076785,35.184396],[129.076838,35.184389]]]},"properties":{}},{"type":"Feature","geometry":{"type":"Polygon","coordinates":[[[129.077061,35.18439],[129.076977,35.184444],[129.076894,35.184358],[129.076978,35.184303],[129.077061,35.18439]]]},"properties":{}},{"type":"Feature","geometry":{"type":"Polygon","coordinates":[[[129.077069,35.184471],[129.077135,35.184433],[129.077228,35.18454],[129.077163,35.184579],[129.077069,35.184471]]]},"properties":{}},{"type":"Feature","geometry":{"type":"Polygon","coordinates":[[[129.07713,35.183996],[129.077187,35.184064],[129.076956,35.184194],[129.076899,35.184125],[129.07713,35.183996]]]},"properties":{"class":"apartments","subtype":"residential","num_floors":11}},{"type":"Feature","geometry":{"type":"Polygon","coordinates":[[[129.077295,35.184005],[129.077195,35.184058],[129.077065,35.183896],[129.077166,35.183843],[129.077295,35.184005]]]},"properties":{"class":"apartments","subtype":"residential","num_floors":9}},{"type":"Feature","geometry":{"type":"Polygon","coordinates":[[[129.07695,35.183683],[129.077051,35.183632],[129.077147,35.18376],[129.077046,35.18381],[129.07695,35.183683]]]},"properties":{"class":"apartments","subtype":"residential","num_floors":10}},{"type":"Feature","geometry":{"type":"Polygon","coordinates":[[[129.076874,35.183901],[129.076761,35.183957],[129.076668,35.183831],[129.076781,35.183775],[129.076874,35.183901]]]},"properties":{"class":"apartments","subtype":"residential","num_floors":10}},{"type":"Feature","geometry":{"type":"Polygon","coordinates":[[[129.076892,35.183601],[129.076671,35.183717],[129.076511,35.183512],[129.076732,35.183397],[129.076892,35.183601]]]},"properties":{"class":"apartments","subtype":"residential","num_floors":13}},{"type":"Feature","geometry":{"type":"Polygon","coordinates":[[[129.07677,35.183282],[129.076707,35.183314],[129.07665,35.183242],[129.076718,35.183209],[129.07677,35.183282]]]},"properties":{"class":"house","subtype":"residential","num_floors":2}},{"type":"Feature","geometry":{"type":"Polygon","coordinates":[[[129.076642,35.183256],[129.076706,35.183332],[129.076618,35.183381],[129.076554,35.183306],[129.076642,35.183256]]]},"properties":{"class":"residential","subtype":"residential","num_floors":7}},{"type":"Feature","geometry":{"type":"Polygon","coordinates":[[[129.076898,35.183259],[129.076802,35.183298],[129.07677,35.183257],[129.076726,35.183195],[129.076832,35.183126],[129.076911,35.183206],[129.076898,35.183259]]]},"properties":{}},{"type":"Feature","geometry":{"type":"Polygon","coordinates":[[[129.076869,35.183348],[129.076942,35.183319],[129.076989,35.183398],[129.076917,35.183427],[129.076869,35.183348]]]},"properties":{}},{"type":"Feature","geometry":{"type":"Polygon","coordinates":[[[129.076935,35.183431],[129.077015,35.183538],[129.0769,35.183595],[129.076821,35.183489],[129.076935,35.183431]]]},"properties":{"class":"apartments","subtype":"residential","num_floors":11}},{"type":"Feature","geometry":{"type":"Polygon","coordinates":[[[129.077134,35.183413],[129.077069,35.183329],[129.077191,35.183264],[129.077258,35.18335],[129.077134,35.183413]]]},"properties":{"class":"residential","subtype":"residential","num_floors":5}},{"type":"Feature","geometry":{"type":"Polygon","coordinates":[[[129.077191,35.183252],[129.077057,35.18332],[129.077027,35.183281],[129.077038,35.183236],[129.077134,35.183187],[129.077191,35.183252]]]},"properties":{"class":"commercial","subtype":"commercial","num_floors":3}},{"type":"Feature","geometry":{"type":"Polygon","coordinates":[[[129.077293,35.183022],[129.077196,35.183078],[129.077131,35.182988],[129.077226,35.182932],[129.077293,35.183022]]]},"properties":{"class":"residential","subtype":"residential","num_floors":7}},{"type":"Feature","geometry":{"type":"Polygon","coordinates":[[[129.077085,35.183145],[129.077004,35.183186],[129.076938,35.183177],[129.076891,35.183113],[129.077009,35.183055],[129.077085,35.183145]]]},"properties":{"num_floors":4}},{"type":"Feature","geometry":{"type":"Polygon","coordinates":[[[129.077016,35.183016],[129.076995,35.183027],[129.076929,35.182935],[129.076983,35.182909],[129.076995,35.182903],[129.077022,35.182905],[129.077076,35.182875],[129.077113,35.18284],[129.077129,35.182832],[129.077201,35.182917],[129.077033,35.183012],[129.077016,35.183016]]]},"properties":{"class":"apartments","subtype":"residential","num_floors":11}},{"type":"Feature","geometry":{"type":"Polygon","coordinates":[[[129.077114,35.182831],[129.076975,35.182893],[129.076945,35.182848],[129.077075,35.182783],[129.077114,35.182831]]]},"properties":{"class":"house","subtype":"residential"}},{"type":"Feature","geometry":{"type":"Polygon","coordinates":[[[129.077019,35.182799],[129.076935,35.182836],[129.076894,35.182784],[129.076973,35.182746],[129.077019,35.182799]]]},"properties":{"class":"house","subtype":"residential"}},{"type":"Feature","geometry":{"type":"Polygon","coordinates":[[[129.076879,35.182797],[129.076827,35.18282],[129.076787,35.182767],[129.076845,35.182747],[129.076879,35.182797]]]},"properties":{"class":"house","subtype":"residential","num_floors":1}},{"type":"Feature","geometry":{"type":"Polygon","coordinates":[[[129.076987,35.182721],[129.076878,35.182773],[129.076824,35.182708],[129.076928,35.182651],[129.076987,35.182721]]]},"properties":{"class":"commercial","subtype":"commercial","num_floors":4}},{"type":"Feature","geometry":{"type":"Polygon","coordinates":[[[129.076953,35.18291],[129.076808,35.182995],[129.076731,35.1829],[129.07689,35.18282],[129.076953,35.18291]]]},"properties":{"class":"residential","subtype":"residential","num_floors":5}},{"type":"Feature","geometry":{"type":"Polygon","coordinates":[[[129.076963,35.183059],[129.076902,35.183091],[129.076858,35.183034],[129.076919,35.183003],[129.076963,35.183059]]]},"properties":{"class":"house","subtype":"residential","num_floors":3}},{"type":"Feature","geometry":{"type":"Polygon","coordinates":[[[129.076747,35.183042],[129.076818,35.183126],[129.076635,35.183226],[129.076568,35.183139],[129.076747,35.183042]]]},"properties":{"class":"residential","subtype":"residential","num_floors":10}},{"type":"Feature","geometry":{"type":"Polygon","coordinates":[[[129.076525,35.183146],[129.076462,35.183168],[129.076369,35.183066],[129.076513,35.182996],[129.076557,35.183051],[129.076695,35.18298],[129.076733,35.183041],[129.076525,35.183146]]]},"properties":{"class":"residential","subtype":"residential","num_floors":12}},{"type":"Feature","geometry":{"type":"Polygon","coordinates":[[[129.076354,35.182963],[129.076411,35.183024],[129.076351,35.183064],[129.076292,35.183003],[129.076354,35.182963]]]},"properties":{"class":"commercial","subtype":"commercial","num_floors":4}},{"type":"Feature","geometry":{"type":"Polygon","coordinates":[[[129.076448,35.182909],[129.076497,35.182976],[129.076425,35.183021],[129.076367,35.18296],[129.076448,35.182909]]]},"properties":{"class":"commercial","subtype":"commercial","num_floors":4}},{"type":"Feature","geometry":{"type":"Polygon","coordinates":[[[129.076651,35.182901],[129.076516,35.182969],[129.076472,35.182911],[129.076555,35.182861],[129.076625,35.182864],[129.076651,35.182901]]]},"properties":{"class":"commercial","subtype":"commercial","num_floors":5}},{"type":"Feature","geometry":{"type":"Polygon","coordinates":[[[129.07665,35.182913],[129.076686,35.182968],[129.076564,35.183033],[129.076517,35.18298],[129.07665,35.182913]]]},"properties":{"class":"residential","subtype":"residential","num_floors":5}},{"type":"Feature","geometry":{"type":"Polygon","coordinates":[[[129.075978,35.182623],[129.076243,35.182602],[129.076251,35.182674],[129.076294,35.182727],[129.076331,35.182707],[129.076375,35.182761],[129.076135,35.18289],[129.075988,35.182706],[129.075978,35.182623]]]},"properties":{"num_floors":13}},{"type":"Feature","geometry":{"type":"Polygon","coordinates":[[[129.07626,35.183019],[129.076335,35.183116],[129.076271,35.183155],[129.076193,35.183058],[129.07626,35.183019]]]},"properties":{"class":"commercial","subtype":"commercial","num_floors":4}},{"type":"Feature","geometry":{"type":"Polygon","coordinates":[[[129.076157,35.183278],[129.076382,35.18351],[129.076106,35.18366],[129.076157,35.183278]]]},"properties":{"class":"residential","subtype":"residential","num_floors":12}},{"type":"Feature","geometry":{"type":"Polygon","coordinates":[[[129.076324,35.183241],[129.076196,35.183288],[129.076161,35.183251],[129.076178,35.183115],[129.076217,35.183101],[129.076324,35.183241]]]},"properties":{"class":"commercial","subtype":"commercial","num_floors":5}},{"type":"Feature","geometry":{"type":"Polygon","coordinates":[[[129.076416,35.183205],[129.076344,35.183241],[129.07628,35.18316],[129.076358,35.183123],[129.076416,35.183205]]]},"properties":{"class":"residential","subtype":"residential"}},{"type":"Feature","geometry":{"type":"Polygon","coordinates":[[[129.076515,35.183309],[129.076584,35.183388],[129.076502,35.183437],[129.076345,35.183262],[129.076513,35.183162],[129.076599,35.183259],[129.076515,35.183309]]]},"properties":{"class":"residential","subtype":"residential","num_floors":12}},{"type":"Feature","geometry":{"type":"Polygon","coordinates":[[[129.076331,35.183249],[129.076503,35.183443],[129.076396,35.183506],[129.076224,35.183312],[129.076331,35.183249]]]},"properties":{"class":"residential","subtype":"residential","num_floors":12}},{"type":"Feature","geometry":{"type":"Polygon","coordinates":[[[129.076401,35.183706],[129.076287,35.183757],[129.076242,35.183692],[129.076319,35.183658],[129.076307,35.183641],[129.076337,35.183631],[129.076401,35.183706]]]},"properties":{"class":"commercial","subtype":"commercial","num_floors":4}},{"type":"Feature","geometry":{"type":"Polygon","coordinates":[[[129.07665,35.183719],[129.076472,35.183803],[129.076401,35.183701],[129.076579,35.183617],[129.07665,35.183719]]]},"properties":{"class":"apartments","subtype":"residential","num_floors":10}},{"type":"Feature","geometry":{"type":"Polygon","coordinates":[[[129.076442,35.183819],[129.076216,35.18394],[129.076155,35.183864],[129.076381,35.183743],[129.076442,35.183819]]]},"properties":{"class":"apartments","subtype":"residential","num_floors":12}},{"type":"Feature","geometry":{"type":"Polygon","coordinates":[[[129.07623,35.183649],[129.07622,35.183742],[129.076201,35.183741],[129.076211,35.183648],[129.07623,35.183649]]]},"properties":{}},{"type":"Feature","geometry":{"type":"Polygon","coordinates":[[[129.075907,35.183562],[129.075829,35.183605],[129.075762,35.183522],[129.07584,35.183479],[129.075907,35.183562]]]},"properties":{}},{"type":"Feature","geometry":{"type":"Polygon","coordinates":[[[129.075917,35.183516],[129.075862,35.183467],[129.075901,35.183437],[129.075956,35.183486],[129.075917,35.183516]]]},"properties":{}},{"type":"Feature","geometry":{"type":"Polygon","coordinates":[[[129.07603,35.183289],[129.075942,35.183321],[129.075878,35.183234],[129.075956,35.183201],[129.07603,35.183289]]]},"properties":{"subtype":"commercial","num_floors":1}},{"type":"Feature","geometry":{"type":"Polygon","coordinates":[[[129.075866,35.183242],[129.075922,35.183323],[129.075832,35.183367],[129.075775,35.183291],[129.075866,35.183242]]]},"properties":{"class":"residential","subtype":"residential","num_floors":8}},{"type":"Feature","geometry":{"type":"Polygon","coordinates":[[[129.075758,35.183302],[129.075809,35.183369],[129.075727,35.183412],[129.07566,35.183352],[129.075758,35.183302]]]},"properties":{"class":"residential","subtype":"residential","num_floors":3}},{"type":"Feature","geometry":{"type":"Polygon","coordinates":[[[129.07557,35.183557],[129.075433,35.18363],[129.075363,35.183536],[129.075474,35.183481],[129.075519,35.183538],[129.075545,35.183525],[129.07557,35.183557]]]},"properties":{}},{"type":"Feature","geometry":{"type":"Polygon","coordinates":[[[129.075524,35.183726],[129.07546,35.183653],[129.07557,35.183588],[129.075635,35.18366],[129.075524,35.183726]]]},"properties":{}},{"type":"Feature","geometry":{"type":"Polygon","coordinates":[[[129.075719,35.1838],[129.075617,35.183858],[129.075541,35.183765],[129.075675,35.18369],[129.075723,35.183748],[129.075719,35.1838]]]},"properties":{}},{"type":"Feature","geometry":{"type":"Polygon","coordinates":[[[129.075604,35.183861],[129.075512,35.183912],[129.075437,35.183818],[129.075526,35.183766],[129.075604,35.183861]]]},"properties":{}},{"type":"Feature","geometry":{"type":"Polygon","coordinates":[[[129.075524,35.18375],[129.075444,35.183794],[129.07538,35.183718],[129.075461,35.183674],[129.075524,35.18375]]]},"properties":{}},{"type":"Feature","geometry":{"type":"Polygon","coordinates":[[[129.075435,35.183802],[129.075323,35.183863],[129.075254,35.183775],[129.075365,35.183716],[129.075435,35.183802]]]},"properties":{}},{"type":"Feature","geometry":{"type":"Polygon","coordinates":[[[129.075312,35.183866],[129.07521,35.18392],[129.07516,35.183856],[129.075262,35.183803],[129.075312,35.183866]]]},"properties":{}},{"type":"Feature","geometry":{"type":"Polygon","coordinates":[[[129.075444,35.183664],[129.075317,35.183731],[129.075255,35.183652],[129.075381,35.183585],[129.075444,35.183664]]]},"properties":{}},{"type":"Feature","geometry":{"type":"Polygon","coordinates":[[[129.075271,35.183713],[129.075138,35.183784],[129.075061,35.183687],[129.075193,35.183615],[129.075271,35.183713]]]},"properties":{}},{"type":"Feature","geometry":{"type":"Polygon","coordinates":[[[129.0751,35.183755],[129.074991,35.183813],[129.074933,35.183742],[129.075044,35.183684],[129.0751,35.183755]]]},"properties":{}},{"type":"Feature","geometry":{"type":"Polygon","coordinates":[[[129.074986,35.183816],[129.074912,35.183859],[129.07485,35.183787],[129.074925,35.183745],[129.074986,35.183816]]]},"properties":{}},{"type":"Feature","geometry":{"type":"Polygon","coordinates":[[[129.074661,35.183485],[129.074751,35.183437],[129.074853,35.183567],[129.074763,35.183615],[129.074661,35.183485]]]},"properties":{}},{"type":"Feature","geometry":{"type":"Polygon","coordinates":[[[129.07508,35.183414],[129.075012,35.18345],[129.074923,35.183339],[129.074991,35.183303],[129.07508,35.183414]]]},"properties":{}},{"type":"Feature","geometry":{"type":"Polygon","coordinates":[[[129.074881,35.183355],[129.074998,35.183503],[129.074908,35.183551],[129.07479,35.183403],[129.074881,35.183355]]]},"properties":{}},{"type":"Feature","geometry":{"type":"Polygon","coordinates":[[[129.074741,35.183191],[129.074851,35.183317],[129.074774,35.183362],[129.074665,35.183236],[129.074741,35.183191]]]},"properties":{}},{"type":"Feature","geometry":{"type":"Polygon","coordinates":[[[129.074785,35.183168],[129.074853,35.183132],[129.074896,35.183188],[129.074828,35.183223],[129.074785,35.183168]]]},"properties":{}},{"type":"Feature","geometry":{"type":"Polygon","coordinates":[[[129.074903,35.183331],[129.074841,35.183246],[129.074922,35.183206],[129.074984,35.183292],[129.074903,35.183331]]]},"properties":{}},{"type":"Feature","geometry":{"type":"Polygon","coordinates":[[[129.075066,35.183264],[129.075019,35.183197],[129.07509,35.183165],[129.075136,35.183232],[129.075066,35.183264]]]},"properties":{}},{"type":"Feature","geometry":{"type":"Polygon","coordinates":[[[129.075325,35.182884],[129.07525,35.182779],[129.075308,35.182752],[129.075383,35.182856],[129.075325,35.182884]]]},"properties":{}},{"type":"Feature","geometry":{"type":"Polygon","coordinates":[[[129.075122,35.18312],[129.075054,35.183052],[129.075117,35.18301],[129.075185,35.183078],[129.075122,35.18312]]]},"properties":{}},{"type":"Feature","geometry":{"type":"Polygon","coordinates":[[[129.075197,35.183104],[129.075237,35.183149],[129.075183,35.183181],[129.075143,35.183137],[129.075197,35.183104]]]},"properties":{}},{"type":"Feature","geometry":{"type":"Polygon","coordinates":[[[129.075008,35.183068],[129.075051,35.183124],[129.074983,35.183159],[129.07494,35.183103],[129.075008,35.183068]]]},"properties":{}},{"type":"Feature","geometry":{"type":"Polygon","coordinates":[[[129.074825,35.183089],[129.074748,35.183134],[129.074709,35.183089],[129.074786,35.183044],[129.074825,35.183089]]]},"properties":{}},{"type":"Feature","geometry":{"type":"Polygon","coordinates":[[[129.074959,35.183017],[129.074876,35.183054],[129.074844,35.183006],[129.074927,35.182969],[129.074959,35.183017]]]},"properties":{}},{"type":"Feature","geometry":{"type":"Polygon","coordinates":[[[129.074933,35.18292],[129.075034,35.182865],[129.075101,35.182948],[129.075,35.183003],[129.074933,35.18292]]]},"properties":{}},{"type":"Feature","geometry":{"type":"Polygon","coordinates":[[[129.075122,35.182703],[129.075027,35.182744],[129.074951,35.182628],[129.075047,35.182586],[129.075122,35.182703]]]},"properties":{}},{"type":"Feature","geometry":{"type":"Polygon","coordinates":[[[129.07482,35.182774],[129.074941,35.182725],[129.075007,35.182834],[129.074886,35.182883],[129.07482,35.182774]]]},"properties":{}},{"type":"Feature","geometry":{"type":"Polygon","coordinates":[[[129.075108,35.182522],[129.075194,35.18249],[129.075232,35.182561],[129.075146,35.182592],[129.075108,35.182522]]]},"properties":{}},{"type":"Feature","geometry":{"type":"Polygon","coordinates":[[[129.075238,35.182596],[129.075264,35.182646],[129.075202,35.182668],[129.075176,35.182617],[129.075238,35.182596]]]},"properties":{}},{"type":"Feature","geometry":{"type":"Polygon","coordinates":[[[129.075251,35.182454],[129.075333,35.182415],[129.075475,35.182615],[129.075394,35.182654],[129.075251,35.182454]]]},"properties":{}},{"type":"Feature","geometry":{"type":"Polygon","coordinates":[[[129.075472,35.182324],[129.075615,35.182524],[129.075499,35.18258],[129.075356,35.18238],[129.075472,35.182324]]]},"properties":{}},{"type":"Feature","geometry":{"type":"Polygon","coordinates":[[[129.07544,35.182678],[129.075507,35.182641],[129.075591,35.182741],[129.075524,35.182778],[129.07544,35.182678]]]},"properties":{}},{"type":"Feature","geometry":{"type":"Polygon","coordinates":[[[129.075408,35.182822],[129.075356,35.182733],[129.075417,35.182709],[129.075468,35.182799],[129.075408,35.182822]]]},"properties":{}},{"type":"Feature","geometry":{"type":"Polygon","coordinates":[[[129.075291,35.182927],[129.075408,35.182863],[129.075583,35.183078],[129.07562,35.183058],[129.075682,35.183135],[129.07559,35.183185],[129.075547,35.183132],[129.075482,35.183167],[129.075398,35.183063],[129.075361,35.183084],[129.075313,35.183024],[129.075352,35.183003],[129.075291,35.182927]]]},"properties":{"class":"apartments","subtype":"residential","num_floors":19}},{"type":"Feature","geometry":{"type":"Polygon","coordinates":[[[129.075572,35.182884],[129.075521,35.182782],[129.075595,35.182757],[129.075647,35.182859],[129.075572,35.182884]]]},"properties":{}},{"type":"Feature","geometry":{"type":"Polygon","coordinates":[[[129.075678,35.18283],[129.075615,35.182733],[129.075687,35.182702],[129.07575,35.182799],[129.075678,35.18283]]]},"properties":{}},{"type":"Feature","geometry":{"type":"Polygon","coordinates":[[[129.075777,35.182617],[129.075627,35.182434],[129.075718,35.182384],[129.075707,35.18237],[129.075842,35.182296],[129.075858,35.182315],[129.075933,35.182274],[129.076006,35.182363],[129.076025,35.182353],[129.076163,35.182522],[129.076109,35.182552],[129.075975,35.182387],[129.075816,35.182474],[129.075884,35.182558],[129.075777,35.182617]]]},"properties":{"class":"apartments","subtype":"residential","height":88.0,"num_floors":26}},{"type":"Feature","geometry":{"type":"Polygon","coordinates":[[[129.075026,35.182393],[129.075127,35.182347],[129.075183,35.182429],[129.075082,35.182475],[129.075026,35.182393]]]},"properties":{"class":"apartments","subtype":"residential","num_floors":14}},{"type":"Feature","geometry":{"type":"Polygon","coordinates":[[[129.074665,35.182215],[129.074771,35.182168],[129.075036,35.182564],[129.07493,35.182612],[129.074665,35.182215]]]},"properties":{}},{"type":"Feature","geometry":{"type":"Polygon","coordinates":[[[129.074955,35.181927],[129.075067,35.182107],[129.074926,35.182166],[129.074888,35.182104],[129.074921,35.182091],[129.074879,35.182024],[129.074847,35.182037],[129.074815,35.181986],[129.074955,35.181927]]]},"properties":{"class":"apartments","subtype":"residential","num_floors":9}},{"type":"Feature","geometry":{"type":"Polygon","coordinates":[[[129.075262,35.181423],[129.075198,35.18144],[129.07519,35.181419],[129.075254,35.181402],[129.075262,35.181423]]]},"properties":{}},{"type":"Feature","geometry":{"type":"Polygon","coordinates":[[[129.074924,35.181544],[129.074925,35.181481],[129.075239,35.181485],[129.075288,35.181515],[129.075277,35.181651],[129.075264,35.181674],[129.074993,35.181666],[129.074985,35.181636],[129.074924,35.181544]]]},"properties":{"num_floors":9}},{"type":"Feature","geometry":{"type":"Polygon","coordinates":[[[129.075152,35.181225],[129.075211,35.181308],[129.07514,35.181353],[129.075081,35.181353],[129.074976,35.181298],[129.074976,35.181271],[129.075075,35.181222],[129.075152,35.181225]]]},"properties":{"num_floors":7}},{"type":"Feature","geometry":{"type":"Polygon","coordinates":[[[129.075474,35.181221],[129.075646,35.181128],[129.075773,35.181283],[129.075882,35.181287],[129.075876,35.181389],[129.075603,35.18138],[129.075474,35.181221]]]},"properties":{"name":"203","class":"apartments","subtype":"residential","height":88.0,"num_floors":27}},{"type":"Feature","geometry":{"type":"Polygon","coordinates":[[[129.07614,35.181232],[129.076232,35.181187],[129.076323,35.181312],[129.076443,35.181319],[129.076436,35.181394],[129.076251,35.181383],[129.07614,35.181232]]]},"properties":{"name":"202","class":"apartments","subtype":"residential","height":100.0,"num_floors":33}},{"type":"Feature","geometry":{"type":"Polygon","coordinates":[[[129.07621,35.182051],[129.076135,35.181625],[129.07627,35.181606],[129.076349,35.182032],[129.07621,35.182051]]]},"properties":{"name":"102","class":"apartments","subtype":"residential","height":104.0,"num_floors":33}},{"type":"Feature","geometry":{"type":"Polygon","coordinates":[[[129.076223,35.182119],[129.076364,35.182098],[129.076391,35.182217],[129.076525,35.182354],[129.076441,35.182409],[129.076242,35.182205],[129.076223,35.182119]]]},"properties":{"name":"103","class":"apartments","subtype":"residential","height":77.0,"num_floors":24}},{"type":"Feature","geometry":{"type":"Polygon","coordinates":[[[129.076554,35.182115],[129.076502,35.18188],[129.07693,35.181816],[129.076919,35.181765],[129.077081,35.181741],[129.077118,35.181906],[129.076681,35.181971],[129.076708,35.182092],[129.076554,35.182115]]]},"properties":{"name":"101","class":"apartments","subtype":"residential","height":104.0,"num_floors":33}},{"type":"Feature","geometry":{"type":"Polygon","coordinates":[[[129.076743,35.182587],[129.076616,35.182603],[129.076558,35.182296],[129.076685,35.18228],[129.076743,35.182587]]]},"properties":{"name":"102","class":"apartments","subtype":"residential","num_floors":23}},{"type":"Feature","geometry":{"type":"Polygon","coordinates":[[[129.076715,35.182354],[129.0767,35.18227],[129.076917,35.182243],[129.076921,35.182261],[129.077144,35.182233],[129.077161,35.182328],[129.077101,35.182336],[129.077108,35.182372],[129.077015,35.182384],[129.077008,35.182345],[129.076938,35.182354],[129.076933,35.182328],[129.076715,35.182354]]]},"properties":{"name":"101","class":"apartments","subtype":"residential","num_floors":23}},{"type":"Feature","geometry":{"type":"Polygon","coordinates":[[[129.076929,35.182001],[129.077056,35.181987],[129.07708,35.182131],[129.076952,35.182145],[129.076929,35.182001]]]},"properties":{"name":"우일아내트","class":"apartments","subtype":"residential","num_floors":15}},{"type":"Feature","geometry":{"type":"Polygon","coordinates":[[[129.076907,35.181468],[129.076911,35.181383],[129.077316,35.181393],[129.077312,35.181478],[129.076907,35.181468]]]},"properties":{"class":"apartments","subtype":"residential","num_floors":3}},{"type":"Feature","geometry":{"type":"Polygon","coordinates":[[[129.0771,35.181562],[129.077124,35.181601],[129.077184,35.181576],[129.07724,35.181664],[129.077168,35.181694],[129.077137,35.181646],[129.076862,35.181762],[129.0768,35.181664],[129.076944,35.181604],[129.076987,35.181672],[129.077011,35.181662],[129.07698,35.181613],[129.0771,35.181562]]]},"properties":{}},{"type":"Feature","geometry":{"type":"MultiPolygon","coordinates":[[[[129.076468,35.181312],[129.076729,35.181163],[129.076782,35.181226],[129.076521,35.181375],[129.076468,35.181312]]],[[[129.076521,35.181375],[129.076829,35.181388],[129.076823,35.181459],[129.076516,35.181442],[129.076521,35.181375]]]]},"properties":{"name":"103","class":"apartments","subtype":"residential","height":99.0,"num_floors":33}},{"type":"Feature","geometry":{"type":"Polygon","coordinates":[[[129.077068,35.181303],[129.076884,35.181298],[129.076888,35.181195],[129.077014,35.181199],[129.077015,35.181177],[129.077055,35.181178],[129.077056,35.181151],[129.077336,35.181159],[129.077332,35.181256],[129.07707,35.181249],[129.077068,35.181303]]]},"properties":{"name":"월성아파트","class":"apartments","subtype":"residential","num_floors":5}},{"type":"Feature","geometry":{"type":"Polygon","coordinates":[[[129.077238,35.181655],[129.077239,35.181577],[129.077334,35.181578],[129.077333,35.181655],[129.077238,35.181655]]]},"properties":{}},{"type":"Feature","geometry":{"type":"Polygon","coordinates":[[[129.077347,35.181776],[129.077355,35.181698],[129.07745,35.181705],[129.077441,35.181783],[129.077347,35.181776]]]},"properties":{}},{"type":"Feature","geometry":{"type":"Polygon","coordinates":[[[129.077444,35.18183],[129.07745,35.181939],[129.077355,35.181943],[129.077349,35.181834],[129.077444,35.18183]]]},"properties":{}},{"type":"Feature","geometry":{"type":"Polygon","coordinates":[[[129.077213,35.182029],[129.077314,35.182032],[129.07731,35.182143],[129.077209,35.18214],[129.077213,35.182029]]]},"properties":{"class":"apartments","subtype":"residential","num_floors":8}},{"type":"Feature","geometry":{"type":"Polygon","coordinates":[[[129.077452,35.18247],[129.07744,35.182458],[129.077384,35.182401],[129.077472,35.182357],[129.07753,35.182441],[129.077452,35.18247]]]},"properties":{"class":"commercial","subtype":"commercial","num_floors":6}},{"type":"Feature","geometry":{"type":"Polygon","coordinates":[[[129.077675,35.182433],[129.077577,35.182484],[129.07748,35.182355],[129.077578,35.182306],[129.077675,35.182433]]]},"properties":{"class":"commercial","subtype":"commercial","num_floors":6}},{"type":"Feature","geometry":{"type":"Polygon","coordinates":[[[129.077731,35.182308],[129.077642,35.182355],[129.077598,35.182286],[129.077658,35.182254],[129.077688,35.182256],[129.077731,35.182308]]]},"properties":{"class":"house","subtype":"residential","num_floors":2}},{"type":"Feature","geometry":{"type":"Polygon","coordinates":[[[129.07778,35.182372],[129.077685,35.182418],[129.077642,35.182369],[129.077739,35.182318],[129.07778,35.182372]]]},"properties":{"class":"residential","subtype":"residential","num_floors":4}},{"type":"Feature","geometry":{"type":"Polygon","coordinates":[[[129.077837,35.182444],[129.077739,35.182496],[129.077687,35.182431],[129.077786,35.182379],[129.077837,35.182444]]]},"properties":{"class":"residential","subtype":"residential","num_floors":4}},{"type":"Feature","geometry":{"type":"Polygon","coordinates":[[[129.077874,35.18197],[129.07773,35.182053],[129.077655,35.181966],[129.077798,35.181883],[129.077874,35.18197]]]},"properties":{"name":"새마을금고","num_floors":8}},{"type":"Feature","geometry":{"type":"Polygon","coordinates":[[[129.07762,35.181678],[129.07763,35.181758],[129.07758,35.181762],[129.077594,35.181873],[129.077692,35.181865],[129.077699,35.181917],[129.077618,35.181924],[129.077619,35.181936],[129.077483,35.181948],[129.07746,35.181769],[129.077483,35.181767],[129.077473,35.181691],[129.07762,35.181678]]]},"properties":{"class":"apartments","subtype":"residential","num_floors":19}},{"type":"Feature","geometry":{"type":"Polygon","coordinates":[[[129.077899,35.181693],[129.077983,35.181801],[129.077864,35.181862],[129.077835,35.181825],[129.077805,35.181841],[129.077717,35.181727],[129.077775,35.181697],[129.077788,35.181641],[129.077907,35.18166],[129.077899,35.181693]]]},"properties":{"num_floors":8}},{"type":"Feature","geometry":{"type":"Polygon","coordinates":[[[129.07811,35.182336],[129.07818,35.182428],[129.078029,35.182504],[129.077973,35.18243],[129.078039,35.182397],[129.078025,35.182379],[129.07811,35.182336]]]},"properties":{"class":"apartments","subtype":"residential","num_floors":9}},{"type":"Feature","geometry":{"type":"Polygon","coordinates":[[[129.078121,35.182129],[129.078055,35.182167],[129.077986,35.182085],[129.078052,35.182048],[129.078121,35.182129]]]},"properties":{}},{"type":"Feature","geometry":{"type":"Polygon","coordinates":[[[129.078298,35.182201],[129.078241,35.182231],[129.078132,35.182091],[129.078189,35.182062],[129.078298,35.182201]]]},"properties":{}},{"type":"Feature","geometry":{"type":"Polygon","coordinates":[[[129.078135,35.180989],[129.078255,35.180933],[129.078372,35.181099],[129.078264,35.18115],[129.078236,35.181111],[129.078197,35.181129],[129.078148,35.181059],[129.078175,35.181047],[129.078135,35.180989]]]},"properties":{"name":"103","class":"apartments","subtype":"residential","height":102.0,"num_floors":34}},{"type":"Feature","geometry":{"type":"Polygon","coordinates":[[[129.078402,35.181114],[129.078644,35.181181],[129.078606,35.181274],[129.078527,35.181252],[129.07851,35.181294],[129.078443,35.181275],[129.07842,35.18133],[129.078324,35.181303],[129.078402,35.181114]]]},"properties":{"name":"104","class":"apartments","subtype":"residential","height":102.0,"num_floors":34}},{"type":"Feature","geometry":{"type":"Polygon","coordinates":[[[129.078339,35.181625],[129.078263,35.181523],[129.078532,35.181382],[129.078568,35.181427],[129.078614,35.181399],[129.078665,35.181477],[129.078384,35.181632],[129.078339,35.181625]]]},"properties":{"height":72.0,"num_floors":15}},{"type":"Feature","geometry":{"type":"Polygon","coordinates":[[[129.079038,35.181233],[129.079063,35.181265],[129.078766,35.181425],[129.078715,35.181362],[129.078714,35.181342],[129.079071,35.18115],[129.079108,35.181195],[129.079038,35.181233]]]},"properties":{"class":"apartments","subtype":"residential","height":67.0,"num_floors":19}},{"type":"Feature","geometry":{"type":"Polygon","coordinates":[[[129.079071,35.181127],[129.078749,35.18129],[129.07868,35.181199],[129.079086,35.180995],[129.079233,35.18119],[129.07915,35.181231],[129.079071,35.181127]]]},"properties":{"class":"apartments","subtype":"residential","height":59.0,"num_floors":20}},{"type":"Feature","geometry":{"type":"Polygon","coordinates":[[[129.079632,35.181223],[129.079756,35.181222],[129.079757,35.181284],[129.079633,35.181285],[129.079632,35.181223]]]},"properties":{}},{"type":"Feature","geometry":{"type":"Polygon","coordinates":[[[129.079394,35.181681],[129.079407,35.181769],[129.079299,35.181779],[129.079287,35.181692],[129.079394,35.181681]]]},"properties":{}},{"type":"Feature","geometry":{"type":"Polygon","coordinates":[[[129.079083,35.181699],[129.07919,35.181685],[129.079211,35.181794],[129.079104,35.181808],[129.079083,35.181699]]]},"properties":{}},{"type":"Feature","geometry":{"type":"Polygon","coordinates":[[[129.079246,35.18186],[129.079262,35.181992],[129.079128,35.182003],[129.079112,35.181871],[129.079246,35.18186]]]},"properties":{}},{"type":"Feature","geometry":{"type":"Polygon","coordinates":[[[129.079536,35.181822],[129.079576,35.18195],[129.079511,35.181964],[129.079471,35.181836],[129.079536,35.181822]]]},"properties":{}},{"type":"Feature","geometry":{"type":"Polygon","coordinates":[[[129.079547,35.182048],[129.07964,35.182035],[129.079663,35.182143],[129.07957,35.182156],[129.079547,35.182048]]]},"properties":{}},{"type":"Feature","geometry":{"type":"Polygon","coordinates":[[[129.079406,35.18227],[129.079538,35.182249],[129.079548,35.182292],[129.079588,35.182285],[129.079575,35.182232],[129.07968,35.182214],[129.079715,35.182355],[129.079437,35.1824],[129.079406,35.18227]]]},"properties":{}},{"type":"Feature","geometry":{"type":"Polygon","coordinates":[[[129.079171,35.182175],[129.079171,35.182222],[129.079009,35.182223],[129.079008,35.182082],[129.079246,35.182081],[129.079247,35.182175],[129.079171,35.182175]]]},"properties":{}},{"type":"Feature","geometry":{"type":"Polygon","coordinates":[[[129.078825,35.182112],[129.078887,35.182091],[129.078948,35.182213],[129.078886,35.182234],[129.078825,35.182112]]]},"properties":{}},{"type":"Feature","geometry":{"type":"Polygon","coordinates":[[[129.079092,35.182004],[129.078997,35.182008],[129.07899,35.181884],[129.079085,35.18188],[129.079092,35.182004]]]},"properties":{}},{"type":"Feature","geometry":{"type":"Polygon","coordinates":[[[129.078978,35.181709],[129.079045,35.181706],[129.079053,35.181816],[129.078985,35.181819],[129.078978,35.181709]]]},"properties":{}},{"type":"Feature","geometry":{"type":"Polygon","coordinates":[[[129.0788,35.181858],[129.078753,35.181778],[129.078838,35.181745],[129.078885,35.181824],[129.0788,35.181858]]]},"properties":{}},{"type":"Feature","geometry":{"type":"Polygon","coordinates":[[[129.078851,35.181975],[129.078886,35.182058],[129.078733,35.182102],[129.078698,35.182018],[129.078851,35.181975]]]},"properties":{}},{"type":"Feature","geometry":{"type":"Polygon","coordinates":[[[129.078598,35.181857],[129.078709,35.181794],[129.078755,35.181849],[129.078644,35.181911],[129.078598,35.181857]]]},"properties":{}},{"type":"Feature","geometry":{"type":"Polygon","coordinates":[[[129.078572,35.183077],[129.078464,35.183136],[129.078398,35.183056],[129.078506,35.182996],[129.078572,35.183077]]]},"properties":{"class":"apartments","subtype":"residential","num_floors":8}},{"type":"Feature","geometry":{"type":"Polygon","coordinates":[[[129.078584,35.183083],[129.078544,35.183032],[129.07862,35.182992],[129.078755,35.183163],[129.078603,35.183243],[129.078508,35.183123],[129.078584,35.183083]]]},"properties":{"class":"apartments","subtype":"residential","num_floors":10}},{"type":"Feature","geometry":{"type":"Polygon","coordinates":[[[129.07962,35.182754],[129.079765,35.182942],[129.079529,35.183062],[129.079385,35.182875],[129.07962,35.182754]]]},"properties":{"num_floors":8}},{"type":"Feature","geometry":{"type":"Polygon","coordinates":[[[129.079366,35.183491],[129.079263,35.183543],[129.079213,35.183478],[129.079316,35.183425],[129.079366,35.183491]]]},"properties":{}},{"type":"Feature","geometry":{"type":"Polygon","coordinates":[[[129.079311,35.183552],[129.079367,35.183521],[129.079405,35.183566],[129.079349,35.183597],[129.079311,35.183552]]]},"properties":{}},{"type":"Feature","geometry":{"type":"Polygon","coordinates":[[[129.079268,35.183613],[129.079225,35.183639],[129.079192,35.183604],[129.079236,35.183577],[129.079268,35.183613]]]},"properties":{}},{"type":"Feature","geometry":{"type":"Polygon","coordinates":[[[129.078872,35.18358],[129.078921,35.183562],[129.078932,35.183582],[129.078883,35.1836],[129.078872,35.18358]]]},"properties":{}},{"type":"Feature","geometry":{"type":"Polygon","coordinates":[[[129.079091,35.183622],[129.079004,35.183651],[129.078979,35.183599],[129.079066,35.183571],[129.079091,35.183622]]]},"properties":{}},{"type":"Feature","geometry":{"type":"Polygon","coordinates":[[[129.079005,35.183442],[129.079088,35.183405],[129.079147,35.183492],[129.079064,35.183529],[129.079005,35.183442]]]},"properties":{}},{"type":"Feature","geometry":{"type":"Polygon","coordinates":[[[129.079061,35.183234],[129.079,35.183148],[129.079058,35.18312],[129.07912,35.183206],[129.079061,35.183234]]]},"properties":{}},{"type":"Feature","geometry":{"type":"Polygon","coordinates":[[[129.078962,35.183268],[129.078921,35.183296],[129.078903,35.183279],[129.078944,35.183251],[129.078962,35.183268]]]},"properties":{}},{"type":"Feature","geometry":{"type":"Polygon","coordinates":[[[129.078612,35.18325],[129.078754,35.183173],[129.078855,35.183298],[129.078713,35.183374],[129.078612,35.18325]]]},"properties":{"class":"apartments","subtype":"residential","num_floors":10}},{"type":"Feature","geometry":{"type":"Polygon","coordinates":[[[129.078541,35.183579],[129.078449,35.183631],[129.078388,35.183559],[129.07848,35.183507],[129.078541,35.183579]]]},"properties":{"class":"apartments","subtype":"residential","num_floors":8}},{"type":"Feature","geometry":{"type":"Polygon","coordinates":[[[129.078206,35.183549],[129.078281,35.183502],[129.078338,35.183564],[129.078263,35.18361],[129.078206,35.183549]]]},"properties":{}},{"type":"Feature","geometry":{"type":"Polygon","coordinates":[[[129.078151,35.183804],[129.078076,35.183846],[129.077986,35.183737],[129.078061,35.183696],[129.078151,35.183804]]]},"properties":{"class":"apartments","subtype":"residential","num_floors":8}},{"type":"Feature","geometry":{"type":"Polygon","coordinates":[[[129.077886,35.183658],[129.077928,35.183763],[129.077839,35.183787],[129.077796,35.183683],[129.077886,35.183658]]]},"properties":{}},{"type":"Feature","geometry":{"type":"Polygon","coordinates":[[[129.078088,35.183484],[129.078144,35.183555],[129.077925,35.18367],[129.077869,35.183598],[129.078088,35.183484]]]},"properties":{"class":"apartments","subtype":"residential","num_floors":13}},{"type":"Feature","geometry":{"type":"Polygon","coordinates":[[[129.078209,35.183288],[129.078271,35.183246],[129.07834,35.183314],[129.078279,35.183356],[129.078209,35.183288]]]},"properties":{}},{"type":"Feature","geometry":{"type":"Polygon","coordinates":[[[129.078158,35.183551],[129.078102,35.183478],[129.078349,35.18335],[129.078405,35.183423],[129.078158,35.183551]]]},"properties":{"class":"apartments","subtype":"residential","num_floors":11}},{"type":"Feature","geometry":{"type":"Polygon","coordinates":[[[129.078501,35.183435],[129.078305,35.183211],[129.07836,35.183179],[129.078556,35.183403],[129.078501,35.183435]]]},"properties":{}},{"type":"Feature","geometry":{"type":"Polygon","coordinates":[[[129.078247,35.182836],[129.078419,35.182754],[129.078456,35.182805],[129.078426,35.18282],[129.078451,35.182855],[129.078309,35.182922],[129.078247,35.182836]]]},"properties":{"class":"apartments","subtype":"residential","num_floors":14}},{"type":"Feature","geometry":{"type":"Polygon","coordinates":[[[129.078337,35.182932],[129.078417,35.182891],[129.078482,35.182975],[129.078402,35.183016],[129.078337,35.182932]]]},"properties":{}},{"type":"Feature","geometry":{"type":"Polygon","coordinates":[[[129.078379,35.182328],[129.078447,35.182418],[129.078112,35.182584],[129.078056,35.182509],[129.078204,35.182436],[129.078192,35.182421],[129.078379,35.182328]]]},"properties":{"class":"apartments","subtype":"residential","height":47.0,"num_floors":12}},{"type":"Feature","geometry":{"type":"Polygon","coordinates":[[[129.07811,35.182777],[129.078013,35.18282],[129.077964,35.182758],[129.078031,35.182722],[129.078065,35.182725],[129.07811,35.182777]]]},"properties":{"class":"commercial","subtype":"commercial","height":4.0}},{"type":"Feature","geometry":{"type":"Polygon","coordinates":[[[129.077947,35.182593],[129.07786,35.182636],[129.077809,35.182568],[129.077897,35.182525],[129.077947,35.182593]]]},"properties":{"class":"house","subtype":"residential","num_floors":2}},{"type":"Feature","geometry":{"type":"Polygon","coordinates":[[[129.077917,35.182704],[129.077912,35.182695],[129.077872,35.182639],[129.077956,35.182598],[129.077992,35.182648],[129.077984,35.182672],[129.077917,35.182704]]]},"properties":{"class":"house","subtype":"residential","num_floors":3}},{"type":"Feature","geometry":{"type":"Polygon","coordinates":[[[129.077995,35.182831],[129.0779,35.182874],[129.077858,35.18281],[129.077942,35.182768],[129.077995,35.182831]]]},"properties":{}},{"type":"Feature","geometry":{"type":"Polygon","coordinates":[[[129.078,35.183134],[129.077939,35.183057],[129.078134,35.182953],[129.078195,35.18303],[129.078,35.183134]]]},"properties":{"class":"apartments","subtype":"residential","num_floors":12}},{"type":"Feature","geometry":{"type":"Polygon","coordinates":[[[129.077836,35.183028],[129.07773,35.183079],[129.077673,35.183001],[129.077779,35.182954],[129.077836,35.183028]]]},"properties":{"class":"house","subtype":"residential","num_floors":2}},{"type":"Feature","geometry":{"type":"Polygon","coordinates":[[[129.077776,35.182944],[129.077665,35.182996],[129.077617,35.182932],[129.077722,35.182873],[129.077776,35.182944]]]},"properties":{"class":"house","subtype":"residential","num_floors":3}},{"type":"Feature","geometry":{"type":"Polygon","coordinates":[[[129.077885,35.182887],[129.077802,35.182923],[129.07775,35.182865],[129.077823,35.182828],[129.077832,35.182846],[129.077847,35.182841],[129.077885,35.182887]]]},"properties":{"class":"house","subtype":"residential","num_floors":1}},{"type":"Feature","geometry":{"type":"Polygon","coordinates":[[[129.077816,35.182746],[129.077782,35.182736],[129.0777,35.182626],[129.077794,35.18258],[129.07789,35.18271],[129.077816,35.182746]]]},"properties":{"class":"residential","subtype":"residential","num_floors":6}},{"type":"Feature","geometry":{"type":"Polygon","coordinates":[[[129.077894,35.182515],[129.077806,35.182559],[129.07776,35.182499],[129.077848,35.182454],[129.077894,35.182515]]]},"properties":{"class":"house","subtype":"residential"}},{"type":"Feature","geometry":{"type":"Polygon","coordinates":[[[129.077686,35.18262],[129.077635,35.182543],[129.077735,35.182499],[129.077786,35.182576],[129.077686,35.18262]]]},"properties":{"class":"residential","subtype":"residential","num_floors":5}},{"type":"Feature","geometry":{"type":"Polygon","coordinates":[[[129.077719,35.182498],[129.077626,35.18254],[129.077592,35.18249],[129.077684,35.182448],[129.077719,35.182498]]]},"properties":{"class":"residential","subtype":"residential","num_floors":7}},{"type":"Feature","geometry":{"type":"Polygon","coordinates":[[[129.07764,35.182663],[129.077554,35.182704],[129.077461,35.182575],[129.077548,35.182533],[129.07764,35.182663]]]},"properties":{"class":"residential","subtype":"residential","num_floors":6}},{"type":"Feature","geometry":{"type":"Polygon","coordinates":[[[129.077713,35.182798],[129.077634,35.182833],[129.077554,35.182719],[129.077652,35.182673],[129.077724,35.182761],[129.077713,35.182798]]]},"properties":{"class":"residential","subtype":"residential","num_floors":6}},{"type":"Feature","geometry":{"type":"Polygon","coordinates":[[[129.077595,35.182836],[129.077503,35.182883],[129.077373,35.182713],[129.07749,35.182653],[129.077556,35.182739],[129.077531,35.182752],[129.077595,35.182836]]]},"properties":{"class":"residential","subtype":"residential","num_floors":10}},{"type":"Feature","geometry":{"type":"Polygon","coordinates":[[[129.077294,35.182758],[129.077144,35.18284],[129.076981,35.182644],[129.077392,35.182426],[129.077434,35.182481],[129.077513,35.182456],[129.077553,35.182508],[129.077444,35.182578],[129.077481,35.182627],[129.077271,35.182728],[129.077294,35.182758]]]},"properties":{"name":"KH마이우스","class":"apartments","subtype":"residential","num_floors":13}},{"type":"Feature","geometry":{"type":"Polygon","coordinates":[[[129.077429,35.182822],[129.077371,35.18284],[129.077316,35.18276],[129.077371,35.182727],[129.077429,35.182822]]]},"properties":{"class":"house","subtype":"residential"}},{"type":"Feature","geometry":{"type":"Polygon","coordinates":[[[129.077436,35.182948],[129.077338,35.182995],[129.077226,35.182842],[129.077324,35.182794],[129.077436,35.182948]]]},"properties":{"class":"residential","subtype":"residential","num_floors":9}},{"type":"Feature","geometry":{"type":"Polygon","coordinates":[[[129.077497,35.182909],[129.077439,35.182937],[129.077384,35.18286],[129.077442,35.182832],[129.077497,35.182909]]]},"properties":{"class":"house","subtype":"residential","num_floors":6}},{"type":"Feature","geometry":{"type":"Polygon","coordinates":[[[129.077531,35.183101],[129.077464,35.183138],[129.077419,35.183084],[129.077485,35.183047],[129.077531,35.183101]]]},"properties":{}},{"type":"Feature","geometry":{"type":"Polygon","coordinates":[[[129.077276,35.183358],[129.077267,35.183344],[129.077208,35.183258],[129.077349,35.183186],[129.077359,35.183206],[129.077397,35.183188],[129.077408,35.183199],[129.077538,35.183122],[129.077531,35.183112],[129.077565,35.183091],[129.077494,35.182991],[129.077603,35.182935],[129.077762,35.183138],[129.077467,35.183273],[129.077438,35.183286],[129.077364,35.183319],[129.077276,35.183358]]]},"properties":{"class":"apartments","subtype":"residential","num_floors":13}},{"type":"Feature","geometry":{"type":"Polygon","coordinates":[[[129.077416,35.183518],[129.07727,35.183597],[129.077164,35.183466],[129.077374,35.183352],[129.077462,35.183461],[129.077398,35.183496],[129.077416,35.183518]]]},"properties":{"class":"residential","subtype":"residential","num_floors":10}},{"type":"Feature","geometry":{"type":"Polygon","coordinates":[[[129.077648,35.183439],[129.077538,35.183498],[129.077422,35.183357],[129.077532,35.183297],[129.077648,35.183439]]]},"properties":{"class":"apartments","subtype":"residential","num_floors":9}},{"type":"Feature","geometry":{"type":"Polygon","coordinates":[[[129.077593,35.183355],[129.077546,35.18329],[129.077778,35.183178],[129.077811,35.183224],[129.077937,35.183164],[129.077961,35.183197],[129.077991,35.183183],[129.078039,35.183249],[129.07781,35.18336],[129.077751,35.183279],[129.077593,35.183355]]]},"properties":{"class":"apartments","subtype":"residential","num_floors":15}},{"type":"Feature","geometry":{"type":"Polygon","coordinates":[[[129.077639,35.183783],[129.077743,35.183731],[129.07782,35.183835],[129.077717,35.183886],[129.077639,35.183783]]]},"properties":{}},{"type":"Feature","geometry":{"type":"Polygon","coordinates":[[[129.077545,35.183733],[129.077568,35.183773],[129.07752,35.183792],[129.077496,35.183752],[129.077545,35.183733]]]},"properties":{}},{"type":"Feature","geometry":{"type":"Polygon","coordinates":[[[129.077372,35.184048],[129.077223,35.183852],[129.077315,35.183805],[129.077464,35.184002],[129.077372,35.184048]]]},"properties":{}},{"type":"Feature","geometry":{"type":"Polygon","coordinates":[[[129.077498,35.184204],[129.077431,35.184121],[129.077533,35.184067],[129.077599,35.18415],[129.077498,35.184204]]]},"properties":{}},{"type":"Feature","geometry":{"type":"Polygon","coordinates":[[[129.077389,35.184241],[129.077335,35.184165],[129.077405,35.184132],[129.077459,35.184208],[129.077389,35.184241]]]},"properties":{}},{"type":"Feature","geometry":{"type":"Polygon","coordinates":[[[129.077358,35.18433],[129.077435,35.18442],[129.077369,35.184458],[129.077292,35.184368],[129.077358,35.18433]]]},"properties":{}},{"type":"Feature","geometry":{"type":"Polygon","coordinates":[[[129.07726,35.184379],[129.077404,35.184552],[129.077326,35.184595],[129.077182,35.184422],[129.07726,35.184379]]]},"properties":{}},{"type":"Feature","geometry":{"type":"Polygon","coordinates":[[[129.077473,35.18437],[129.077427,35.184304],[129.077485,35.184276],[129.077532,35.184343],[129.077473,35.18437]]]},"properties":{}},{"type":"Feature","geometry":{"type":"Polygon","coordinates":[[[129.077747,35.184362],[129.077649,35.184416],[129.077521,35.184261],[129.077619,35.184207],[129.077747,35.184362]]]},"properties":{"class":"apartments","subtype":"residential","num_floors":15}},{"type":"Feature","geometry":{"type":"Polygon","coordinates":[[[129.077853,35.183939],[129.077895,35.183912],[129.077945,35.183964],[129.077903,35.183991],[129.077853,35.183939]]]},"properties":{}},{"type":"Feature","geometry":{"type":"Polygon","coordinates":[[[129.078222,35.185296],[129.07811,35.185154],[129.0783,35.185052],[129.078429,35.185214],[129.078302,35.185281],[129.078286,35.185262],[129.078222,35.185296]]]},"properties":{"class":"apartments","subtype":"residential","num_floors":14}},{"type":"Feature","geometry":{"type":"Polygon","coordinates":[[[129.077826,35.18522],[129.077781,35.185165],[129.077871,35.185116],[129.077915,35.185171],[129.077826,35.18522]]]},"properties":{}},{"type":"Feature","geometry":{"type":"Polygon","coordinates":[[[129.077666,35.184984],[129.077643,35.184945],[129.077667,35.184935],[129.07769,35.184975],[129.077666,35.184984]]]},"properties":{}},{"type":"Feature","geometry":{"type":"Polygon","coordinates":[[[129.077694,35.184822],[129.077668,35.184784],[129.077703,35.184768],[129.077729,35.184806],[129.077694,35.184822]]]},"properties":{}},{"type":"Feature","geometry":{"type":"Polygon","coordinates":[[[129.077628,35.184925],[129.077561,35.184842],[129.077618,35.184812],[129.077684,35.184896],[129.077628,35.184925]]]},"properties":{}},{"type":"Feature","geometry":{"type":"Polygon","coordinates":[[[129.077367,35.184803],[129.077327,35.184746],[129.077445,35.184692],[129.077484,35.184749],[129.077367,35.184803]]]},"properties":{}},{"type":"Feature","geometry":{"type":"Polygon","coordinates":[[[129.077476,35.184652],[129.077274,35.184762],[129.07721,35.184683],[129.077411,35.184573],[129.077476,35.184652]]]},"properties":{"class":"apartments","subtype":"residential","num_floors":11}},{"type":"Feature","geometry":{"type":"Polygon","coordinates":[[[129.077504,35.185044],[129.0774,35.184916],[129.07749,35.184867],[129.077594,35.184995],[129.077504,35.185044]]]},"properties":{}},{"type":"Feature","geometry":{"type":"Polygon","coordinates":[[[129.077249,35.185016],[129.077383,35.184942],[129.077549,35.185143],[129.077415,35.185217],[129.077249,35.185016]]]},"properties":{}},{"type":"Feature","geometry":{"type":"Polygon","coordinates":[[[129.077204,35.18504],[129.077377,35.18525],[129.077277,35.185306],[129.077103,35.185096],[129.077204,35.18504]]]},"properties":{}},{"type":"Feature","geometry":{"type":"Polygon","coordinates":[[[129.077285,35.185334],[129.077356,35.185302],[129.077434,35.185418],[129.077363,35.18545],[129.077285,35.185334]]]},"properties":{}},{"type":"Feature","geometry":{"type":"Polygon","coordinates":[[[129.077307,35.185572],[129.077421,35.185512],[129.077493,35.185605],[129.07738,35.185665],[129.077307,35.185572]]]},"properties":{}},{"type":"Feature","geometry":{"type":"Polygon","coordinates":[[[129.077486,35.185556],[129.077439,35.185489],[129.077521,35.185451],[129.077568,35.185518],[129.077486,35.185556]]]},"properties":{}},{"type":"Feature","geometry":{"type":"Polygon","coordinates":[[[129.077379,35.18527],[129.077461,35.185233],[129.077546,35.185358],[129.077463,35.185395],[129.077379,35.18527]]]},"properties":{}},{"type":"Feature","geometry":{"type":"Polygon","coordinates":[[[129.077951,35.185476],[129.077774,35.185578],[129.077701,35.185494],[129.077878,35.185392],[129.077951,35.185476]]]},"properties":{"class":"apartments","subtype":"residential","num_floors":11}},{"type":"Feature","geometry":{"type":"Polygon","coordinates":[[[129.077694,35.1855],[129.077761,35.185582],[129.077552,35.185696],[129.077485,35.185613],[129.077694,35.1855]]]},"properties":{"class":"apartments","subtype":"residential","num_floors":12}},{"type":"Feature","geometry":{"type":"Polygon","coordinates":[[[129.077502,35.185872],[129.077678,35.185777],[129.077742,35.185857],[129.077566,35.185951],[129.077502,35.185872]]]},"properties":{"class":"apartments","subtype":"residential","num_floors":13}},{"type":"Feature","geometry":{"type":"Polygon","coordinates":[[[129.077455,35.185698],[129.077466,35.185659],[129.077512,35.185668],[129.077502,35.185706],[129.077455,35.185698]]]},"properties":{}},{"type":"Feature","geometry":{"type":"Polygon","coordinates":[[[129.077295,35.185854],[129.077362,35.185852],[129.077364,35.185885],[129.077296,35.185887],[129.077295,35.185854]]]},"properties":{}},{"type":"Feature","geometry":{"type":"Polygon","coordinates":[[[129.077266,35.185891],[129.077299,35.185951],[129.077225,35.185978],[129.077192,35.185918],[129.077266,35.185891]]]},"properties":{}},{"type":"Feature","geometry":{"type":"Polygon","coordinates":[[[129.077312,35.185982],[129.07736,35.186048],[129.077303,35.186076],[129.077254,35.18601],[129.077312,35.185982]]]},"properties":{}},{"type":"Feature","geometry":{"type":"Polygon","coordinates":[[[129.077287,35.18629],[129.07723,35.186319],[129.07718,35.186253],[129.077238,35.186224],[129.077287,35.18629]]]},"properties":{}},{"type":"Feature","geometry":{"type":"Polygon","coordinates":[[[129.077287,35.186333],[129.077337,35.186355],[129.07732,35.186383],[129.077269,35.186361],[129.077287,35.186333]]]},"properties":{}},{"type":"Feature","geometry":{"type":"Polygon","coordinates":[[[129.077308,35.186564],[129.077358,35.186629],[129.077301,35.186658],[129.077251,35.186593],[129.077308,35.186564]]]},"properties":{}},{"type":"Feature","geometry":{"type":"Polygon","coordinates":[[[129.077538,35.186655],[129.077591,35.186719],[129.077534,35.186749],[129.077482,35.186685],[129.077538,35.186655]]]},"properties":{}},{"type":"Feature","geometry":{"type":"Polygon","coordinates":[[[129.077397,35.186568],[129.07738,35.186526],[129.077431,35.186512],[129.077448,35.186554],[129.077397,35.186568]]]},"properties":{}},{"type":"Feature","geometry":{"type":"Polygon","coordinates":[[[129.07746,35.18641],[129.077436,35.186452],[129.077401,35.186439],[129.077426,35.186397],[129.07746,35.18641]]]},"properties":{}},{"type":"Feature","geometry":{"type":"Polygon","coordinates":[[[129.077602,35.186369],[129.077587,35.186414],[129.07755,35.186406],[129.077565,35.186361],[129.077602,35.186369]]]},"properties":{}},{"type":"Feature","geometry":{"type":"Polygon","coordinates":[[[129.077606,35.186417],[129.077681,35.186465],[129.077658,35.186489],[129.077583,35.186441],[129.077606,35.186417]]]},"properties":{}},{"type":"Feature","geometry":{"type":"Polygon","coordinates":[[[129.077868,35.186079],[129.077928,35.186153],[129.077815,35.186213],[129.077756,35.18614],[129.077868,35.186079]]]},"properties":{}},{"type":"Feature","geometry":{"type":"Polygon","coordinates":[[[129.077694,35.186061],[129.077796,35.186007],[129.077847,35.186072],[129.077745,35.186126],[129.077694,35.186061]]]},"properties":{}},{"type":"Feature","geometry":{"type":"Polygon","coordinates":[[[129.077912,35.186314],[129.077842,35.18622],[129.077934,35.186174],[129.078004,35.186268],[129.077912,35.186314]]]},"properties":{}},{"type":"Feature","geometry":{"type":"Polygon","coordinates":[[[129.077874,35.18663],[129.077942,35.186574],[129.077996,35.186618],[129.077929,35.186674],[129.077874,35.18663]]]},"properties":{}},{"type":"Feature","geometry":{"type":"Polygon","coordinates":[[[129.078016,35.186518],[129.078244,35.186392],[129.078302,35.186462],[129.078074,35.186588],[129.078016,35.186518]]]},"properties":{"class":"apartments","subtype":"residential","num_floors":10}},{"type":"Feature","geometry":{"type":"Polygon","coordinates":[[[129.078051,35.186153],[129.077992,35.186078],[129.078229,35.185954],[129.078332,35.186084],[129.078162,35.186174],[129.078118,35.186118],[129.078051,35.186153]]]},"properties":{"class":"apartments","subtype":"residential","num_floors":13}},{"type":"Feature","geometry":{"type":"Polygon","coordinates":[[[129.078557,35.185734],[129.078439,35.185796],[129.078309,35.185631],[129.078427,35.185569],[129.078557,35.185734]]]},"properties":{"class":"apartments","subtype":"residential","num_floors":10}},{"type":"Feature","geometry":{"type":"Polygon","coordinates":[[[129.078042,35.186011],[129.077991,35.185933],[129.078098,35.185886],[129.078149,35.185963],[129.078042,35.186011]]]},"properties":{}},{"type":"Feature","geometry":{"type":"Polygon","coordinates":[[[129.077896,35.186029],[129.077844,35.185952],[129.077915,35.18592],[129.077967,35.185997],[129.077896,35.186029]]]},"properties":{}},{"type":"Feature","geometry":{"type":"Polygon","coordinates":[[[129.078201,35.185498],[129.07803,35.185595],[129.077978,35.185534],[129.078149,35.185437],[129.078201,35.185498]]]},"properties":{"class":"apartments","subtype":"residential","num_floors":10}},{"type":"Feature","geometry":{"type":"Polygon","coordinates":[[[129.07795,35.185545],[129.078067,35.185689],[129.077949,35.185753],[129.077832,35.185609],[129.07795,35.185545]]]},"properties":{"class":"apartments","subtype":"residential","num_floors":10}},{"type":"Feature","geometry":{"type":"Polygon","coordinates":[[[129.07789,35.185276],[129.077965,35.185229],[129.078063,35.185334],[129.077989,35.185381],[129.07789,35.185276]]]},"properties":{}},{"type":"Feature","geometry":{"type":"Polygon","coordinates":[[[129.078543,35.185378],[129.078281,35.185515],[129.078177,35.185382],[129.078387,35.185273],[129.078446,35.185349],[129.078518,35.185311],[129.078556,35.185359],[129.078543,35.185378]]]},"properties":{"num_floors":12}},{"type":"Feature","geometry":{"type":"Polygon","coordinates":[[[129.07877,35.185611],[129.078556,35.185721],[129.078441,35.18557],[129.078655,35.18546],[129.07877,35.185611]]]},"properties":{"class":"apartments","subtype":"residential","num_floors":13}},{"type":"Feature","geometry":{"type":"Polygon","coordinates":[[[129.078888,35.18532],[129.078951,35.185402],[129.078802,35.185478],[129.078739,35.185397],[129.078888,35.18532]]]},"properties":{"class":"apartments","subtype":"residential","num_floors":7}},{"type":"Feature","geometry":{"type":"Polygon","coordinates":[[[129.079162,35.185444],[129.079004,35.185529],[129.078927,35.185432],[129.079085,35.185348],[129.079162,35.185444]]]},"properties":{"class":"apartments","subtype":"residential","num_floors":11}},{"type":"Feature","geometry":{"type":"Polygon","coordinates":[[[129.078982,35.185575],[129.07905,35.185538],[129.079162,35.185677],[129.079094,35.185714],[129.078982,35.185575]]]},"properties":{"class":"apartments","subtype":"residential","num_floors":11}},{"type":"Feature","geometry":{"type":"Polygon","coordinates":[[[129.078478,35.185804],[129.078582,35.185752],[129.0787,35.18591],[129.078596,35.185962],[129.078478,35.185804]]]},"properties":{"class":"apartments","subtype":"residential","num_floors":9}},{"type":"Feature","geometry":{"type":"Polygon","coordinates":[[[129.078657,35.186249],[129.078497,35.186331],[129.078424,35.186236],[129.078584,35.186154],[129.078657,35.186249]]]},"properties":{"num_floors":9}},{"type":"Feature","geometry":{"type":"Polygon","coordinates":[[[129.07894,35.186521],[129.079068,35.186766],[129.078929,35.186814],[129.078801,35.186569],[129.07894,35.186521]]]},"properties":{"num_floors":13}},{"type":"Feature","geometry":{"type":"Polygon","coordinates":[[[129.078744,35.186259],[129.078878,35.186189],[129.07902,35.186374],[129.078886,35.186443],[129.078744,35.186259]]]},"properties":{"num_floors":9}},{"type":"Feature","geometry":{"type":"Polygon","coordinates":[[[129.079097,35.186068],[129.079176,35.186167],[129.078984,35.186269],[129.078905,35.18617],[129.079097,35.186068]]]},"properties":{"class":"apartments","subtype":"residential","num_floors":15}},{"type":"Feature","geometry":{"type":"Polygon","coordinates":[[[129.079366,35.186155],[129.079284,35.186004],[129.079395,35.185964],[129.079477,35.186115],[129.079366,35.186155]]]},"properties":{"num_floors":7}},{"type":"Feature","geometry":{"type":"Polygon","coordinates":[[[129.079143,35.186387],[129.079068,35.186282],[129.079243,35.186199],[129.079317,35.186304],[129.079143,35.186387]]]},"properties":{}},{"type":"Feature","geometry":{"type":"Polygon","coordinates":[[[129.078966,35.186522],[129.079348,35.186384],[129.079422,35.186521],[129.07904,35.186659],[129.078966,35.186522]]]},"properties":{"class":"apartments","subtype":"residential","num_floors":19}},{"type":"Feature","geometry":{"type":"Polygon","coordinates":[[[129.07943,35.186532],[129.079477,35.186621],[129.079294,35.186685],[129.079248,35.186596],[129.07943,35.186532]]]},"properties":{"num_floors":13}},{"type":"Feature","geometry":{"type":"Polygon","coordinates":[[[129.079514,35.185877],[129.079406,35.185936],[129.079286,35.185789],[129.079394,35.18573],[129.079514,35.185877]]]},"properties":{"num_floors":7}},{"type":"Feature","geometry":{"type":"Polygon","coordinates":[[[129.079208,35.185518],[129.079388,35.185424],[129.079461,35.185519],[129.07928,35.185612],[129.079208,35.185518]]]},"properties":{"class":"apartments","subtype":"residential","num_floors":8}},{"type":"Feature","geometry":{"type":"Polygon","coordinates":[[[129.079162,35.185216],[129.079291,35.18537],[129.079171,35.185437],[129.079042,35.185283],[129.079162,35.185216]]]},"properties":{"class":"apartments","subtype":"residential","num_floors":11}},{"type":"Feature","geometry":{"type":"Polygon","coordinates":[[[129.07944,35.185268],[129.079307,35.185102],[129.079442,35.185029],[129.079576,35.185195],[129.07944,35.185268]]]},"properties":{"class":"apartments","subtype":"residential","num_floors":12}},{"type":"Feature","geometry":{"type":"Polygon","coordinates":[[[129.079862,35.185043],[129.079591,35.185188],[129.079458,35.185023],[129.079627,35.184931],[129.079619,35.184921],[129.079692,35.184882],[129.079712,35.184907],[129.07974,35.184892],[129.079862,35.185043]]]},"properties":{"class":"apartments","subtype":"residential","num_floors":20}},{"type":"Feature","geometry":{"type":"Polygon","coordinates":[[[129.079317,35.184759],[129.079432,35.1849],[129.079331,35.184955],[129.079216,35.184814],[129.079317,35.184759]]]},"properties":{"class":"apartments","subtype":"residential","num_floors":10}},{"type":"Feature","geometry":{"type":"Polygon","coordinates":[[[129.079181,35.184675],[129.079254,35.184767],[129.079074,35.184864],[129.079,35.184773],[129.079181,35.184675]]]},"properties":{"class":"apartments","subtype":"residential","num_floors":11}},{"type":"Feature","geometry":{"type":"Polygon","coordinates":[[[129.079427,35.185297],[129.079305,35.185362],[129.07918,35.185206],[129.079301,35.185141],[129.079427,35.185297]]]},"properties":{"class":"apartments","subtype":"residential","num_floors":11}},{"type":"Feature","geometry":{"type":"Polygon","coordinates":[[[129.07888,35.185004],[129.079013,35.185169],[129.078961,35.185197],[129.078877,35.185093],[129.078762,35.185155],[129.078713,35.185094],[129.07888,35.185004]]]},"properties":{"class":"apartments","subtype":"residential","num_floors":11}},{"type":"Feature","geometry":{"type":"Polygon","coordinates":[[[129.0788,35.18491],[129.078849,35.184973],[129.078634,35.185085],[129.078585,35.185021],[129.0788,35.18491]]]},"properties":{"class":"apartments","subtype":"residential","num_floors":13}},{"type":"Feature","geometry":{"type":"Polygon","coordinates":[[[129.079059,35.184864],[129.078866,35.184967],[129.078815,35.184903],[129.079007,35.1848],[129.079059,35.184864]]]},"properties":{"class":"apartments","subtype":"residential","num_floors":13}},{"type":"Feature","geometry":{"type":"Polygon","coordinates":[[[129.078452,35.184828],[129.07835,35.184885],[129.078133,35.184612],[129.077813,35.184194],[129.077903,35.184145],[129.077917,35.184165],[129.077998,35.184064],[129.07796,35.184016],[129.078474,35.183737],[129.078549,35.183812],[129.078027,35.184101],[129.077942,35.184195],[129.07837,35.184727],[129.079173,35.184297],[129.079236,35.184365],[129.078812,35.184599],[129.07885,35.184637],[129.078742,35.184697],[129.078698,35.184655],[129.078417,35.184802],[129.078452,35.184828]]]},"properties":{"class":"school","subtype":"education"}},{"type":"Feature","geometry":{"type":"Polygon","coordinates":[[[129.079218,35.184165],[129.079072,35.18423],[129.078803,35.18389],[129.078929,35.183825],[129.079218,35.184165]]]},"properties":{"class":"school","subtype":"education"}},{"type":"Feature","geometry":{"type":"Polygon","coordinates":[[[129.079232,35.1838],[129.079423,35.184023],[129.079355,35.184062],[129.079164,35.183839],[129.079232,35.1838]]]},"properties":{"num_floors":9}},{"type":"Feature","geometry":{"type":"Polygon","coordinates":[[[129.079831,35.184107],[129.079651,35.184202],[129.079475,35.18398],[129.079655,35.183884],[129.079831,35.184107]]]},"properties":{"class":"commercial","subtype":"commercial","height":58.0,"num_floors":13}},{"type":"Feature","geometry":{"type":"Polygon","coordinates":[[[129.080022,35.184306],[129.079802,35.184421],[129.079689,35.184276],[129.07991,35.184162],[129.080022,35.184306]]]},"properties":{"class":"commercial","subtype":"commercial","height":59.0,"num_floors":13}},{"type":"Feature","geometry":{"type":"Polygon","coordinates":[[[129.080056,35.184594],[129.079962,35.184641],[129.079804,35.184434],[129.080039,35.184315],[129.080179,35.184498],[129.080038,35.18457],[129.080056,35.184594]]]},"properties":{"class":"commercial","subtype":"commercial","height":50.0,"num_floors":12}},{"type":"Feature","geometry":{"type":"Polygon","coordinates":[[[129.080514,35.183851],[129.080679,35.184055],[129.080413,35.184198],[129.080249,35.183994],[129.080514,35.183851]]]},"properties":{"height":61.0,"num_floors":14}},{"type":"Feature","geometry":{"type":"Polygon","coordinates":[[[129.080836,35.184049],[129.080886,35.184111],[129.080733,35.184194],[129.080683,35.184133],[129.080836,35.184049]]]},"properties":{"class":"apartments","subtype":"residential","num_floors":14}},{"type":"Feature","geometry":{"type":"Polygon","coordinates":[[[129.080657,35.184455],[129.08095,35.184303],[129.081027,35.184402],[129.080734,35.184554],[129.080657,35.184455]]]},"properties":{"height":59.0,"num_floors":13}},{"type":"Feature","geometry":{"type":"Polygon","coordinates":[[[129.080395,35.184278],[129.080606,35.184164],[129.080681,35.184257],[129.080469,35.18437],[129.080395,35.184278]]]},"properties":{"height":56.0,"num_floors":15}},{"type":"Feature","geometry":{"type":"Polygon","coordinates":[[[129.080375,35.185146],[129.080602,35.185024],[129.08072,35.185171],[129.080493,35.185293],[129.080375,35.185146]]]},"properties":{"height":40.0,"num_floors":10}},{"type":"Feature","geometry":{"type":"Polygon","coordinates":[[[129.080496,35.18489],[129.08059,35.185007],[129.080464,35.185075],[129.080369,35.184959],[129.080496,35.18489]]]},"properties":{"num_floors":3}},{"type":"Feature","geometry":{"type":"Polygon","coordinates":[[[129.080195,35.184893],[129.080385,35.184791],[129.080446,35.184866],[129.080256,35.184969],[129.080195,35.184893]]]},"properties":{"height":52.0,"num_floors":13}},{"type":"Feature","geometry":{"type":"Polygon","coordinates":[[[129.080111,35.184802],[129.08032,35.18469],[129.080385,35.184771],[129.080176,35.184883],[129.080111,35.184802]]]},"properties":{"height":49.0,"num_floors":13}},{"type":"Feature","geometry":{"type":"Polygon","coordinates":[[[129.080073,35.184581],[129.080189,35.184521],[129.080302,35.184666],[129.0801,35.184772],[129.080002,35.184646],[129.080089,35.184601],[129.080073,35.184581]]]},"properties":{"height":65.0,"num_floors":15}},{"type":"Feature","geometry":{"type":"Polygon","coordinates":[[[129.079892,35.185156],[129.079827,35.185195],[129.079763,35.185123],[129.079828,35.185084],[129.079892,35.185156]]]},"properties":{}},{"type":"Feature","geometry":{"type":"Polygon","coordinates":[[[129.079492,35.185609],[129.079838,35.185427],[129.079974,35.185599],[129.079779,35.185701],[129.079836,35.185773],[129.079685,35.185853],[129.079492,35.185609]]]},"properties":{"num_floors":20}},{"type":"Feature","geometry":{"type":"Polygon","coordinates":[[[129.080096,35.185307],[129.080198,35.185426],[129.080027,35.185524],[129.079903,35.18538],[129.080048,35.185296],[129.080096,35.185307]]]},"properties":{"num_floors":14}},{"type":"Feature","geometry":{"type":"Polygon","coordinates":[[[129.079447,35.185963],[129.079932,35.185791],[129.080042,35.185999],[129.079557,35.186171],[129.079447,35.185963]]]},"properties":{"height":94.0,"num_floors":27}},{"type":"Feature","geometry":{"type":"Polygon","coordinates":[[[129.079931,35.186269],[129.07996,35.186331],[129.079834,35.18637],[129.079805,35.186308],[129.079931,35.186269]]]},"properties":{}},{"type":"Feature","geometry":{"type":"Polygon","coordinates":[[[129.079885,35.186356],[129.079946,35.186458],[129.07981,35.186512],[129.079749,35.18641],[129.079885,35.186356]]]},"properties":{"num_floors":12}},{"type":"Feature","geometry":{"type":"Polygon","coordinates":[[[129.080204,35.186253],[129.080245,35.18633],[129.080144,35.186367],[129.080102,35.18629],[129.080204,35.186253]]]},"properties":{"num_floors":10}},{"type":"Feature","geometry":{"type":"Polygon","coordinates":[[[129.08047,35.186048],[129.080727,35.186105],[129.080715,35.186141],[129.08068,35.186134],[129.080474,35.186208],[129.080401,35.186074],[129.08047,35.186048]]]},"properties":{"height":43.0,"num_floors":13}},{"type":"Feature","geometry":{"type":"Polygon","coordinates":[[[129.080482,35.186601],[129.08069,35.186532],[129.08077,35.186706],[129.080567,35.18677],[129.080482,35.186601]]]},"properties":{"num_floors":5}},{"type":"Feature","geometry":{"type":"Polygon","coordinates":[[[129.0808,35.186713],[129.080709,35.186526],[129.080819,35.186491],[129.080899,35.186655],[129.080864,35.186667],[129.080875,35.186689],[129.0808,35.186713]]]},"properties":{"height":75.0,"num_floors":17}},{"type":"Feature","geometry":{"type":"Polygon","coordinates":[[[129.08094,35.186434],[129.08098,35.186459],[129.080887,35.186543],[129.080858,35.18655],[129.080834,35.186486],[129.080905,35.186466],[129.08094,35.186434]]]},"properties":{"num_floors":4}},{"type":"Feature","geometry":{"type":"Polygon","coordinates":[[[129.08084,35.185734],[129.080735,35.185738],[129.080733,35.185699],[129.080838,35.185695],[129.08084,35.185734]]]},"properties":{}},{"type":"Feature","geometry":{"type":"Polygon","coordinates":[[[129.080537,35.185751],[129.08096,35.185831],[129.080922,35.185965],[129.0805,35.185885],[129.080537,35.185751]]]},"properties":{"height":34.0,"num_floors":9}},{"type":"Feature","geometry":{"type":"Polygon","coordinates":[[[129.080786,35.185241],[129.080909,35.185394],[129.080622,35.185548],[129.080499,35.185395],[129.080786,35.185241]]]},"properties":{"height":70.0,"num_floors":15}},{"type":"Feature","geometry":{"type":"Polygon","coordinates":[[[129.080719,35.185589],[129.080681,35.185543],[129.080928,35.185422],[129.081046,35.185565],[129.081038,35.185583],[129.080719,35.185589]]]},"properties":{"height":58.0,"num_floors":14}},{"type":"Feature","geometry":{"type":"Polygon","coordinates":[[[129.081439,35.185442],[129.081459,35.185318],[129.081611,35.185335],[129.08159,35.185458],[129.081439,35.185442]]]},"properties":{}},{"type":"Feature","geometry":{"type":"Polygon","coordinates":[[[129.080891,35.186553],[129.08099,35.186465],[129.081072,35.186526],[129.080973,35.186614],[129.080891,35.186553]]]},"properties":{"num_floors":8}},{"type":"Feature","geometry":{"type":"Polygon","coordinates":[[[129.080909,35.18678],[129.080858,35.186747],[129.080948,35.186646],[129.081075,35.18653],[129.081152,35.186583],[129.081017,35.18671],[129.081002,35.186712],[129.080909,35.18678]]]},"properties":{"class":"commercial","subtype":"commercial","num_floors":10}},{"type":"Feature","geometry":{"type":"Polygon","coordinates":[[[129.082059,35.18506],[129.081852,35.185],[129.081892,35.184908],[129.082099,35.184969],[129.082059,35.18506]]]},"properties":{"num_floors":11}},{"type":"Feature","geometry":{"type":"Polygon","coordinates":[[[129.081952,35.184868],[129.082007,35.184735],[129.082214,35.184793],[129.082159,35.184926],[129.081952,35.184868]]]},"properties":{}},{"type":"Feature","geometry":{"type":"Polygon","coordinates":[[[129.081967,35.184735],[129.081914,35.184851],[129.081753,35.184802],[129.081806,35.184686],[129.081967,35.184735]]]},"properties":{}},{"type":"Feature","geometry":{"type":"Polygon","coordinates":[[[129.081719,35.184732],[129.081727,35.184678],[129.081764,35.184681],[129.081757,35.184736],[129.081719,35.184732]]]},"properties":{}},{"type":"Feature","geometry":{"type":"Polygon","coordinates":[[[129.081956,35.185394],[129.081712,35.185393],[129.081714,35.185051],[129.081765,35.185051],[129.081765,35.185032],[129.081875,35.185032],[129.081904,35.185051],[129.081972,35.185052],[129.08197,35.185153],[129.082007,35.185153],[129.082023,35.18516],[129.082029,35.185172],[129.082028,35.185188],[129.082008,35.185215],[129.081994,35.185262],[129.081978,35.185267],[129.081957,35.185267],[129.081956,35.185394]]]},"properties":{"name":"더웰타워","class":"commercial","subtype":"commercial","height":90.0,"num_floors":19}},{"type":"Feature","geometry":{"type":"Polygon","coordinates":[[[129.081062,35.184586],[129.08128,35.184854],[129.081056,35.184976],[129.080838,35.184708],[129.081062,35.184586]]]},"properties":{"class":"commercial","subtype":"commercial","num_floors":13}},{"type":"Feature","geometry":{"type":"Polygon","coordinates":[[[129.081314,35.184025],[129.081601,35.184376],[129.081375,35.184499],[129.081088,35.184149],[129.081314,35.184025]]]},"properties":{"class":"apartments","subtype":"residential","height":62.0,"num_floors":20}},{"type":"Feature","geometry":{"type":"Polygon","coordinates":[[[129.081154,35.183987],[129.081098,35.184018],[129.081053,35.183963],[129.081109,35.183932],[129.081154,35.183987]]]},"properties":{}},{"type":"Feature","geometry":{"type":"Polygon","coordinates":[[[129.081223,35.183975],[129.081185,35.183916],[129.081233,35.183896],[129.08127,35.183954],[129.081223,35.183975]]]},"properties":{}},{"type":"Feature","geometry":{"type":"Polygon","coordinates":[[[129.081521,35.18395],[129.081446,35.184021],[129.081388,35.183981],[129.081463,35.18391],[129.081521,35.18395]]]},"properties":{}},{"type":"Feature","geometry":{"type":"Polygon","coordinates":[[[129.081652,35.184289],[129.081489,35.184086],[129.08158,35.184038],[129.081742,35.184241],[129.081652,35.184289]]]},"properties":{}},{"type":"Feature","geometry":{"type":"Polygon","coordinates":[[[129.081628,35.184441],[129.081695,35.184438],[129.081698,35.184485],[129.081631,35.184488],[129.081628,35.184441]]]},"properties":{}},{"type":"Feature","geometry":{"type":"Polygon","coordinates":[[[129.082008,35.184241],[129.082051,35.184214],[129.082083,35.184249],[129.08204,35.184276],[129.082008,35.184241]]]},"properties":{}},{"type":"Feature","geometry":{"type":"Polygon","coordinates":[[[129.082127,35.183572],[129.082176,35.183663],[129.082114,35.183685],[129.082065,35.183595],[129.082127,35.183572]]]},"properties":{}},{"type":"Feature","geometry":{"type":"Polygon","coordinates":[[[129.081943,35.183723],[129.082052,35.183854],[129.081936,35.183919],[129.081809,35.183767],[129.081899,35.183717],[129.081943,35.183723]]]},"properties":{"class":"apartments","subtype":"residential","num_floors":15}},{"type":"Feature","geometry":{"type":"Polygon","coordinates":[[[129.081556,35.183861],[129.081612,35.183829],[129.08165,35.183875],[129.081595,35.183906],[129.081556,35.183861]]]},"properties":{}},{"type":"Feature","geometry":{"type":"Polygon","coordinates":[[[129.081656,35.183726],[129.081638,35.183628],[129.081718,35.183618],[129.081736,35.183716],[129.081656,35.183726]]]},"properties":{}},{"type":"Feature","geometry":{"type":"Polygon","coordinates":[[[129.081709,35.183206],[129.081939,35.183071],[129.08201,35.183151],[129.081944,35.18319],[129.081952,35.183199],[129.081996,35.183173],[129.082051,35.183236],[129.081964,35.183287],[129.0819,35.183216],[129.08178,35.183287],[129.081709,35.183206]]]},"properties":{}},{"type":"Feature","geometry":{"type":"Polygon","coordinates":[[[129.081881,35.183385],[129.081951,35.183351],[129.081978,35.183389],[129.081908,35.183423],[129.081881,35.183385]]]},"properties":{}},{"type":"Feature","geometry":{"type":"Polygon","coordinates":[[[129.082047,35.183437],[129.082101,35.1835],[129.082025,35.183544],[129.08197,35.183481],[129.082047,35.183437]]]},"properties":{}},{"type":"Feature","geometry":{"type":"Polygon","coordinates":[[[129.082274,35.183224],[129.082129,35.183284],[129.08205,35.183156],[129.082122,35.183126],[129.082049,35.183008],[129.082121,35.182978],[129.082274,35.183224]]]},"properties":{}},{"type":"Feature","geometry":{"type":"Polygon","coordinates":[[[129.081902,35.183015],[129.081833,35.182921],[129.081903,35.182887],[129.081972,35.182981],[129.081902,35.183015]]]},"properties":{}},{"type":"Feature","geometry":{"type":"Polygon","coordinates":[[[129.082039,35.182803],[129.082107,35.182898],[129.082013,35.182942],[129.081946,35.182847],[129.082039,35.182803]]]},"properties":{}},{"type":"Feature","geometry":{"type":"Polygon","coordinates":[[[129.08209,35.182527],[129.082192,35.182474],[129.082243,35.182539],[129.082141,35.182592],[129.08209,35.182527]]]},"properties":{}},{"type":"Feature","geometry":{"type":"Polygon","coordinates":[[[129.082067,35.182614],[129.082006,35.182637],[129.081977,35.182588],[129.082038,35.182564],[129.082067,35.182614]]]},"properties":{}},{"type":"Feature","geometry":{"type":"Polygon","coordinates":[[[129.08191,35.182522],[129.081895,35.182468],[129.08196,35.182456],[129.081976,35.18251],[129.08191,35.182522]]]},"properties":{}},{"type":"Feature","geometry":{"type":"Polygon","coordinates":[[[129.081933,35.182613],[129.081969,35.182672],[129.081897,35.182702],[129.081861,35.182643],[129.081933,35.182613]]]},"properties":{}},{"type":"Feature","geometry":{"type":"Polygon","coordinates":[[[129.081992,35.182709],[129.082033,35.182766],[129.081918,35.182822],[129.081876,35.182766],[129.081992,35.182709]]]},"properties":{}},{"type":"Feature","geometry":{"type":"Polygon","coordinates":[[[129.081912,35.182576],[129.081821,35.182623],[129.081764,35.182548],[129.081855,35.182502],[129.081912,35.182576]]]},"properties":{}},{"type":"Feature","geometry":{"type":"Polygon","coordinates":[[[129.081603,35.182343],[129.081737,35.182521],[129.081634,35.182573],[129.081499,35.182395],[129.081603,35.182343]]]},"properties":{}},{"type":"Feature","geometry":{"type":"Polygon","coordinates":[[[129.081771,35.182643],[129.081709,35.182685],[129.081657,35.182635],[129.081719,35.182592],[129.081771,35.182643]]]},"properties":{}},{"type":"Feature","geometry":{"type":"Polygon","coordinates":[[[129.08157,35.18267],[129.081625,35.182746],[129.081555,35.182779],[129.0815,35.182703],[129.08157,35.18267]]]},"properties":{}},{"type":"Feature","geometry":{"type":"Polygon","coordinates":[[[129.0818,35.182904],[129.081746,35.182828],[129.081839,35.182783],[129.081893,35.18286],[129.0818,35.182904]]]},"properties":{}},{"type":"Feature","geometry":{"type":"Polygon","coordinates":[[[129.08183,35.183041],[129.081776,35.182997],[129.081803,35.182975],[129.081857,35.183019],[129.08183,35.183041]]]},"properties":{}},{"type":"Feature","geometry":{"type":"Polygon","coordinates":[[[129.081733,35.183118],[129.081626,35.183164],[129.0815,35.182969],[129.081607,35.182923],[129.081733,35.183118]]]},"properties":{}},{"type":"Feature","geometry":{"type":"Polygon","coordinates":[[[129.08149,35.182816],[129.081395,35.182858],[129.081344,35.182781],[129.081438,35.182739],[129.08149,35.182816]]]},"properties":{}},{"type":"Feature","geometry":{"type":"Polygon","coordinates":[[[129.081486,35.182518],[129.081561,35.182609],[129.081472,35.182658],[129.081396,35.182567],[129.081486,35.182518]]]},"properties":{}},{"type":"Feature","geometry":{"type":"Polygon","coordinates":[[[129.081438,35.182487],[129.081405,35.182524],[129.081374,35.182506],[129.081407,35.182468],[129.081438,35.182487]]]},"properties":{}},{"type":"Feature","geometry":{"type":"Polygon","coordinates":[[[129.081249,35.182685],[129.081189,35.182612],[129.081302,35.182551],[129.081361,35.182625],[129.081249,35.182685]]]},"properties":{}},{"type":"Feature","geometry":{"type":"Polygon","coordinates":[[[129.081392,35.182681],[129.081304,35.182733],[129.081273,35.182697],[129.08136,35.182645],[129.081392,35.182681]]]},"properties":{}},{"type":"Feature","geometry":{"type":"Polygon","coordinates":[[[129.081158,35.182588],[129.081089,35.182507],[129.08121,35.182437],[129.08128,35.182519],[129.081158,35.182588]]]},"properties":{}},{"type":"Feature","geometry":{"type":"Polygon","coordinates":[[[129.081098,35.182731],[129.080987,35.182786],[129.080926,35.182703],[129.081037,35.182648],[129.081098,35.182731]]]},"properties":{"class":"apartments","subtype":"residential","num_floors":10}},{"type":"Feature","geometry":{"type":"Polygon","coordinates":[[[129.081306,35.182997],[129.081227,35.183038],[129.081161,35.182955],[129.081241,35.182913],[129.081306,35.182997]]]},"properties":{}},{"type":"Feature","geometry":{"type":"Polygon","coordinates":[[[129.081172,35.183067],[129.081105,35.183104],[129.081016,35.182993],[129.081083,35.182957],[129.081172,35.183067]]]},"properties":{}},{"type":"Feature","geometry":{"type":"Polygon","coordinates":[[[129.081128,35.183208],[129.081234,35.183349],[129.0809,35.183515],[129.080795,35.183375],[129.081128,35.183208]]]},"properties":{}},{"type":"Feature","geometry":{"type":"Polygon","coordinates":[[[129.08121,35.18319],[129.081414,35.183063],[129.081528,35.183186],[129.081324,35.183313],[129.08121,35.18319]]]},"properties":{}},{"type":"Feature","geometry":{"type":"Polygon","coordinates":[[[129.081371,35.183596],[129.081265,35.183462],[129.081552,35.183309],[129.081599,35.183367],[129.081619,35.183357],[129.08168,35.183432],[129.081371,35.183596]]]},"properties":{"class":"apartments","subtype":"residential","num_floors":14}},{"type":"Feature","geometry":{"type":"Polygon","coordinates":[[[129.081245,35.183469],[129.081355,35.183612],[129.081099,35.183743],[129.080989,35.1836],[129.081245,35.183469]]]},"properties":{"class":"apartments","subtype":"residential","num_floors":12}},{"type":"Feature","geometry":{"type":"Polygon","coordinates":[[[129.080966,35.183841],[129.081121,35.183763],[129.081206,35.183875],[129.08105,35.183953],[129.080966,35.183841]]]},"properties":{"class":"apartments","subtype":"residential","num_floors":10}},{"type":"Feature","geometry":{"type":"Polygon","coordinates":[[[129.080752,35.183712],[129.080855,35.18366],[129.080919,35.183744],[129.080817,35.183797],[129.080752,35.183712]]]},"properties":{}},{"type":"Feature","geometry":{"type":"Polygon","coordinates":[[[129.080323,35.183528],[129.080391,35.183636],[129.080331,35.183661],[129.080263,35.183554],[129.080323,35.183528]]]},"properties":{}},{"type":"Feature","geometry":{"type":"Polygon","coordinates":[[[129.080028,35.183518],[129.080083,35.183487],[129.080114,35.183523],[129.079959,35.183611],[129.079882,35.183521],[129.080037,35.183433],[129.080052,35.183451],[129.079997,35.183482],[129.080028,35.183518]]]},"properties":{}},{"type":"Feature","geometry":{"type":"Polygon","coordinates":[[[129.08002,35.183383],[129.079916,35.183434],[129.079854,35.18335],[129.079958,35.183298],[129.08002,35.183383]]]},"properties":{}},{"type":"Feature","geometry":{"type":"Polygon","coordinates":[[[129.080096,35.183366],[129.080011,35.183267],[129.080088,35.183222],[129.080173,35.183321],[129.080096,35.183366]]]},"properties":{}},{"type":"Feature","geometry":{"type":"Polygon","coordinates":[[[129.080205,35.183076],[129.080383,35.182983],[129.080438,35.183053],[129.08026,35.183146],[129.080205,35.183076]]]},"properties":{"class":"apartments","subtype":"residential","num_floors":13}},{"type":"Feature","geometry":{"type":"Polygon","coordinates":[[[129.080117,35.183122],[129.080037,35.183163],[129.080016,35.183135],[129.080096,35.183094],[129.080117,35.183122]]]},"properties":{}},{"type":"Feature","geometry":{"type":"Polygon","coordinates":[[[129.079965,35.182735],[129.080014,35.182801],[129.079859,35.18288],[129.079727,35.182706],[129.079842,35.182648],[129.079877,35.182695],[129.0799,35.182683],[129.079927,35.182718],[129.079936,35.182714],[129.079954,35.182738],[129.079965,35.182735]]]},"properties":{"class":"apartments","subtype":"residential","num_floors":20}},{"type":"Feature","geometry":{"type":"Polygon","coordinates":[[[129.080016,35.182543],[129.080163,35.182463],[129.08022,35.182533],[129.080074,35.182613],[129.080016,35.182543]]]},"properties":{"class":"apartments","subtype":"residential","num_floors":10}},{"type":"Feature","geometry":{"type":"Polygon","coordinates":[[[129.080536,35.182623],[129.080599,35.182708],[129.080518,35.182748],[129.080455,35.182663],[129.080536,35.182623]]]},"properties":{}},{"type":"Feature","geometry":{"type":"Polygon","coordinates":[[[129.080385,35.182805],[129.080341,35.182737],[129.080425,35.182701],[129.080468,35.18277],[129.080385,35.182805]]]},"properties":{}},{"type":"Feature","geometry":{"type":"Polygon","coordinates":[[[129.08037,35.182875],[129.080411,35.182908],[129.080357,35.182952],[129.080316,35.182919],[129.08037,35.182875]]]},"properties":{}},{"type":"Feature","geometry":{"type":"Polygon","coordinates":[[[129.080603,35.183086],[129.080516,35.183131],[129.080396,35.182977],[129.080484,35.182932],[129.080603,35.183086]]]},"properties":{"class":"apartments","subtype":"residential","num_floors":11}},{"type":"Feature","geometry":{"type":"Polygon","coordinates":[[[129.080611,35.182945],[129.080564,35.182966],[129.080532,35.182917],[129.080579,35.182896],[129.080611,35.182945]]]},"properties":{}},{"type":"Feature","geometry":{"type":"Polygon","coordinates":[[[129.080416,35.182846],[129.080493,35.182802],[129.080548,35.182865],[129.080471,35.18291],[129.080416,35.182846]]]},"properties":{}},{"type":"Feature","geometry":{"type":"Polygon","coordinates":[[[129.081005,35.182867],[129.080908,35.182916],[129.080801,35.182774],[129.080897,35.182725],[129.081005,35.182867]]]},"properties":{"class":"apartments","subtype":"residential","num_floors":10}},{"type":"Feature","geometry":{"type":"Polygon","coordinates":[[[129.080845,35.182492],[129.080979,35.18266],[129.080762,35.182776],[129.080827,35.182857],[129.080762,35.182891],[129.080655,35.182758],[129.080769,35.182696],[129.080694,35.182603],[129.080763,35.182566],[129.080747,35.182545],[129.080845,35.182492]]]},"properties":{"class":"apartments","subtype":"residential","num_floors":20}},{"type":"Feature","geometry":{"type":"Polygon","coordinates":[[[129.081034,35.182289],[129.080918,35.182344],[129.08085,35.182249],[129.080966,35.182194],[129.081034,35.182289]]]},"properties":{}},{"type":"Feature","geometry":{"type":"Polygon","coordinates":[[[129.080767,35.182144],[129.080894,35.182082],[129.080963,35.182177],[129.080836,35.182239],[129.080767,35.182144]]]},"properties":{}},{"type":"Feature","geometry":{"type":"Polygon","coordinates":[[[129.08097,35.182018],[129.080895,35.182042],[129.080865,35.18198],[129.080941,35.181956],[129.08097,35.182018]]]},"properties":{}},{"type":"Feature","geometry":{"type":"Polygon","coordinates":[[[129.08107,35.181873],[129.080819,35.181911],[129.080804,35.181846],[129.081055,35.181808],[129.08107,35.181873]]]},"properties":{}},{"type":"Feature","geometry":{"type":"Polygon","coordinates":[[[129.080739,35.182114],[129.080704,35.182054],[129.080825,35.182006],[129.08086,35.182065],[129.080739,35.182114]]]},"properties":{}},{"type":"Feature","geometry":{"type":"Polygon","coordinates":[[[129.080613,35.18198],[129.08056,35.181832],[129.080651,35.18181],[129.080703,35.181958],[129.080613,35.18198]]]},"properties":{}},{"type":"Feature","geometry":{"type":"Polygon","coordinates":[[[129.080315,35.182212],[129.080251,35.182221],[129.080238,35.182161],[129.080481,35.182124],[129.080486,35.182149],[129.080536,35.18221],[129.080448,35.182259],[129.080437,35.182246],[129.080327,35.182262],[129.080315,35.182212]]]},"properties":{"class":"apartments","subtype":"residential","num_floors":23}},{"type":"Feature","geometry":{"type":"Polygon","coordinates":[[[129.079893,35.182123],[129.079759,35.182132],[129.079746,35.182],[129.080001,35.181983],[129.080011,35.182082],[129.07989,35.18209],[129.079893,35.182123]]]},"properties":{}},{"type":"Feature","geometry":{"type":"Polygon","coordinates":[[[129.079844,35.181781],[129.079777,35.181786],[129.079773,35.181753],[129.07984,35.181748],[129.079844,35.181781]]]},"properties":{}},{"type":"Feature","geometry":{"type":"Polygon","coordinates":[[[129.080041,35.18177],[129.080133,35.181755],[129.080156,35.181852],[129.080064,35.181867],[129.080041,35.18177]]]},"properties":{}},{"type":"Feature","geometry":{"type":"Polygon","coordinates":[[[129.080266,35.182067],[129.080106,35.182085],[129.080088,35.181976],[129.080249,35.181958],[129.080266,35.182067]]]},"properties":{}},{"type":"Feature","geometry":{"type":"Polygon","coordinates":[[[129.080208,35.181854],[129.080187,35.18179],[129.080265,35.181773],[129.080286,35.181837],[129.080208,35.181854]]]},"properties":{}},{"type":"Feature","geometry":{"type":"Polygon","coordinates":[[[129.080237,35.18176],[129.08018,35.181763],[129.080179,35.181731],[129.080236,35.181729],[129.080237,35.18176]]]},"properties":{}},{"type":"Feature","geometry":{"type":"Polygon","coordinates":[[[129.080146,35.181436],[129.080132,35.181349],[129.080239,35.181338],[129.080253,35.181425],[129.080146,35.181436]]]},"properties":{}},{"type":"Feature","geometry":{"type":"Polygon","coordinates":[[[129.080162,35.181503],[129.080229,35.181497],[129.080239,35.181573],[129.080172,35.181579],[129.080162,35.181503]]]},"properties":{}},{"type":"Feature","geometry":{"type":"Polygon","coordinates":[[[129.080086,35.181579],[129.080118,35.181639],[129.080057,35.181661],[129.080024,35.181601],[129.080086,35.181579]]]},"properties":{}},{"type":"Feature","geometry":{"type":"Polygon","coordinates":[[[129.079587,35.181617],[129.079885,35.181576],[129.079905,35.181675],[129.079608,35.181716],[129.079587,35.181617]]]},"properties":{"class":"apartments","subtype":"residential","num_floors":13}},{"type":"Feature","geometry":{"type":"Polygon","coordinates":[[[129.079717,35.181389],[129.079838,35.181383],[129.079839,35.181394],[129.079718,35.1814],[129.079717,35.181389]]]},"properties":{}},{"type":"Feature","geometry":{"type":"Polygon","coordinates":[[[129.080186,35.181146],[129.080215,35.181243],[129.080096,35.181266],[129.080069,35.181169],[129.080186,35.181146]]]},"properties":{}},{"type":"Feature","geometry":{"type":"Polygon","coordinates":[[[129.080421,35.18121],[129.080287,35.181221],[129.080277,35.181133],[129.080411,35.181123],[129.080421,35.18121]]]},"properties":{}},{"type":"Feature","geometry":{"type":"Polygon","coordinates":[[[129.080292,35.181323],[129.080426,35.181309],[129.080439,35.181397],[129.080306,35.181411],[129.080292,35.181323]]]},"properties":{}},{"type":"Feature","geometry":{"type":"Polygon","coordinates":[[[129.080335,35.181535],[129.080321,35.18147],[129.080428,35.181455],[129.080441,35.18152],[129.080335,35.181535]]]},"properties":{}},{"type":"Feature","geometry":{"type":"Polygon","coordinates":[[[129.080448,35.181551],[129.080456,35.181617],[129.080348,35.181626],[129.080341,35.18156],[129.080448,35.181551]]]},"properties":{}},{"type":"Feature","geometry":{"type":"Polygon","coordinates":[[[129.080532,35.181804],[129.080514,35.181717],[129.08058,35.181708],[129.080571,35.181664],[129.080637,35.181655],[129.080665,35.181786],[129.080532,35.181804]]]},"properties":{}},{"type":"Feature","geometry":{"type":"Polygon","coordinates":[[[129.080707,35.181423],[129.080773,35.181412],[129.080787,35.181465],[129.080721,35.181477],[129.080707,35.181423]]]},"properties":{}},{"type":"Feature","geometry":{"type":"Polygon","coordinates":[[[129.080806,35.181476],[129.080827,35.181551],[129.080736,35.181569],[129.080714,35.181494],[129.080806,35.181476]]]},"properties":{}},{"type":"Feature","geometry":{"type":"Polygon","coordinates":[[[129.080731,35.181658],[129.08101,35.181621],[129.081032,35.18173],[129.080752,35.181767],[129.080731,35.181658]]]},"properties":{}},{"type":"Feature","geometry":{"type":"Polygon","coordinates":[[[129.080808,35.181335],[129.080788,35.181249],[129.080921,35.181228],[129.08094,35.181315],[129.080808,35.181335]]]},"properties":{}},{"type":"Feature","geometry":{"type":"Polygon","coordinates":[[[129.080659,35.181358],[129.080637,35.181272],[129.08077,35.18125],[129.080791,35.181337],[129.080659,35.181358]]]},"properties":{}},{"type":"Feature","geometry":{"type":"Polygon","coordinates":[[[129.080608,35.181081],[129.080702,35.181077],[129.080707,35.181154],[129.080613,35.181158],[129.080608,35.181081]]]},"properties":{}},{"type":"Feature","geometry":{"type":"Polygon","coordinates":[[[129.080906,35.18103],[129.08094,35.181147],[129.080796,35.181175],[129.080762,35.181058],[129.080906,35.18103]]]},"properties":{}},{"type":"Feature","geometry":{"type":"Polygon","coordinates":[[[129.081132,35.181195],[129.081158,35.181314],[129.081039,35.181332],[129.081013,35.181213],[129.081132,35.181195]]]},"properties":{}},{"type":"Feature","geometry":{"type":"Polygon","coordinates":[[[129.081293,35.181283],[129.081189,35.181307],[129.081161,35.181222],[129.081265,35.181198],[129.081293,35.181283]]]},"properties":{}},{"type":"Feature","geometry":{"type":"Polygon","coordinates":[[[129.081279,35.181095],[129.081,35.181133],[129.080977,35.181024],[129.081256,35.180986],[129.081279,35.181095]]]},"properties":{}},{"type":"Feature","geometry":{"type":"Polygon","coordinates":[[[129.081435,35.181287],[129.081396,35.18117],[129.0815,35.181147],[129.081539,35.181264],[129.081435,35.181287]]]},"properties":{}},{"type":"Feature","geometry":{"type":"Polygon","coordinates":[[[129.081453,35.181483],[129.08142,35.181353],[129.081526,35.181336],[129.081558,35.181465],[129.081453,35.181483]]]},"properties":{}},{"type":"Feature","geometry":{"type":"Polygon","coordinates":[[[129.081537,35.181552],[129.081611,35.18167],[129.081527,35.181705],[129.081453,35.181587],[129.081537,35.181552]]]},"properties":{}},{"type":"Feature","geometry":{"type":"Polygon","coordinates":[[[129.08111,35.181591],[129.08123,35.181576],[129.081254,35.181695],[129.081134,35.181711],[129.08111,35.181591]]]},"properties":{}},{"type":"Feature","geometry":{"type":"Polygon","coordinates":[[[129.081192,35.181405],[129.081221,35.181502],[129.08109,35.181528],[129.081055,35.18141],[129.081317,35.181358],[129.081355,35.181487],[129.08125,35.181507],[129.081219,35.1814],[129.081192,35.181405]]]},"properties":{}},{"type":"Feature","geometry":{"type":"Polygon","coordinates":[[[129.080978,35.181468],[129.080965,35.18153],[129.080928,35.181524],[129.080941,35.181463],[129.080978,35.181468]]]},"properties":{}},{"type":"Feature","geometry":{"type":"Polygon","coordinates":[[[129.081167,35.181788],[129.081241,35.181762],[129.081273,35.181822],[129.081199,35.181848],[129.081167,35.181788]]]},"properties":{}},{"type":"Feature","geometry":{"type":"Polygon","coordinates":[[[129.08118,35.181905],[129.081249,35.181999],[129.08118,35.182033],[129.08111,35.181939],[129.08118,35.181905]]]},"properties":{}},{"type":"Feature","geometry":{"type":"Polygon","coordinates":[[[129.081051,35.182043],[129.081035,35.182001],[129.081087,35.181988],[129.081103,35.18203],[129.081051,35.182043]]]},"properties":{}},{"type":"Feature","geometry":{"type":"Polygon","coordinates":[[[129.080989,35.182054],[129.081129,35.182242],[129.08106,35.182276],[129.08092,35.182088],[129.080989,35.182054]]]},"properties":{}},{"type":"Feature","geometry":{"type":"Polygon","coordinates":[[[129.08119,35.182423],[129.08108,35.182487],[129.081002,35.182397],[129.081112,35.182333],[129.08119,35.182423]]]},"properties":{}},{"type":"Feature","geometry":{"type":"Polygon","coordinates":[[[129.081102,35.182108],[129.081171,35.182072],[129.081243,35.182166],[129.081174,35.182201],[129.081102,35.182108]]]},"properties":{}},{"type":"Feature","geometry":{"type":"Polygon","coordinates":[[[129.081331,35.1823],[129.081243,35.182352],[129.08118,35.182281],[129.081267,35.182229],[129.081331,35.1823]]]},"properties":{}},{"type":"Feature","geometry":{"type":"Polygon","coordinates":[[[129.081366,35.182347],[129.081418,35.182412],[129.081362,35.182442],[129.08131,35.182378],[129.081366,35.182347]]]},"properties":{}},{"type":"Feature","geometry":{"type":"Polygon","coordinates":[[[129.081488,35.181983],[129.081428,35.182009],[129.081384,35.181941],[129.081444,35.181915],[129.081488,35.181983]]]},"properties":{}},{"type":"Feature","geometry":{"type":"Polygon","coordinates":[[[129.081361,35.181978],[129.081409,35.182045],[129.08135,35.182073],[129.081303,35.182006],[129.081361,35.181978]]]},"properties":{}},{"type":"Feature","geometry":{"type":"Polygon","coordinates":[[[129.081256,35.182125],[129.081205,35.18206],[129.081261,35.182031],[129.081312,35.182095],[129.081256,35.182125]]]},"properties":{}},{"type":"Feature","geometry":{"type":"Polygon","coordinates":[[[129.081279,35.181987],[129.081207,35.181895],[129.081275,35.181859],[129.081347,35.181952],[129.081279,35.181987]]]},"properties":{}},{"type":"Feature","geometry":{"type":"Polygon","coordinates":[[[129.081301,35.181856],[129.081369,35.181821],[129.081427,35.181895],[129.081358,35.18193],[129.081301,35.181856]]]},"properties":{}},{"type":"Feature","geometry":{"type":"Polygon","coordinates":[[[129.08135,35.181716],[129.081386,35.181763],[129.081329,35.181792],[129.081293,35.181746],[129.08135,35.181716]]]},"properties":{}},{"type":"Feature","geometry":{"type":"Polygon","coordinates":[[[129.081449,35.181879],[129.081396,35.181816],[129.081451,35.181784],[129.081505,35.181848],[129.081449,35.181879]]]},"properties":{}},{"type":"Feature","geometry":{"type":"Polygon","coordinates":[[[129.081638,35.181684],[129.081685,35.181738],[129.081553,35.181814],[129.081506,35.181761],[129.081638,35.181684]]]},"properties":{}},{"type":"Feature","geometry":{"type":"Polygon","coordinates":[[[129.081815,35.181862],[129.081724,35.18191],[129.081651,35.181818],[129.081741,35.18177],[129.081815,35.181862]]]},"properties":{}},{"type":"Feature","geometry":{"type":"Polygon","coordinates":[[[129.081858,35.18189],[129.081915,35.181952],[129.081839,35.181998],[129.081783,35.181936],[129.081858,35.18189]]]},"properties":{}},{"type":"Feature","geometry":{"type":"Polygon","coordinates":[[[129.081707,35.182001],[129.081761,35.181968],[129.081818,35.18203],[129.081764,35.182063],[129.081707,35.182001]]]},"properties":{}},{"type":"Feature","geometry":{"type":"Polygon","coordinates":[[[129.081677,35.182144],[129.081624,35.182055],[129.081685,35.182031],[129.081738,35.18212],[129.081677,35.182144]]]},"properties":{}},{"type":"Feature","geometry":{"type":"Polygon","coordinates":[[[129.081644,35.182155],[129.08155,35.1822],[129.081483,35.182104],[129.081576,35.18206],[129.081644,35.182155]]]},"properties":{}},{"type":"Feature","geometry":{"type":"Polygon","coordinates":[[[129.081705,35.182218],[129.081617,35.182269],[129.08157,35.182215],[129.081658,35.182164],[129.081705,35.182218]]]},"properties":{}},{"type":"Feature","geometry":{"type":"Polygon","coordinates":[[[129.081862,35.182421],[129.081783,35.182463],[129.081731,35.182398],[129.08181,35.182356],[129.081862,35.182421]]]},"properties":{}},{"type":"Feature","geometry":{"type":"Polygon","coordinates":[[[129.081768,35.182248],[129.081823,35.182217],[129.081861,35.182262],[129.081806,35.182293],[129.081768,35.182248]]]},"properties":{}},{"type":"Feature","geometry":{"type":"Polygon","coordinates":[[[129.081749,35.182146],[129.081774,35.182172],[129.081743,35.182193],[129.081717,35.182167],[129.081749,35.182146]]]},"properties":{}},{"type":"Feature","geometry":{"type":"Polygon","coordinates":[[[129.081864,35.182087],[129.081836,35.182128],[129.081795,35.18211],[129.081822,35.182068],[129.081864,35.182087]]]},"properties":{}},{"type":"Feature","geometry":{"type":"Polygon","coordinates":[[[129.081937,35.182094],[129.082001,35.182053],[129.082051,35.182105],[129.081987,35.182146],[129.081937,35.182094]]]},"properties":{}},{"type":"Feature","geometry":{"type":"Polygon","coordinates":[[[129.081914,35.182282],[129.081988,35.182361],[129.081913,35.182408],[129.081839,35.182329],[129.081914,35.182282]]]},"properties":{}},{"type":"Feature","geometry":{"type":"Polygon","coordinates":[[[129.082021,35.182314],[129.081961,35.18229],[129.081982,35.182255],[129.082042,35.182279],[129.082021,35.182314]]]},"properties":{}},{"type":"Feature","geometry":{"type":"Polygon","coordinates":[[[129.082063,35.182496],[129.082008,35.182434],[129.082085,35.182389],[129.082139,35.182451],[129.082063,35.182496]]]},"properties":{}},{"type":"Feature","geometry":{"type":"Polygon","coordinates":[[[129.082183,35.182208],[129.082135,35.182247],[129.082031,35.18216],[129.082079,35.182122],[129.082183,35.182208]]]},"properties":{}},{"type":"Feature","geometry":{"type":"Polygon","coordinates":[[[129.081911,35.182077],[129.081865,35.182022],[129.081931,35.181984],[129.081978,35.182038],[129.081911,35.182077]]]},"properties":{}},{"type":"Feature","geometry":{"type":"Polygon","coordinates":[[[129.082017,35.181879],[129.081974,35.181847],[129.082,35.181824],[129.082042,35.181855],[129.082017,35.181879]]]},"properties":{}},{"type":"Feature","geometry":{"type":"Polygon","coordinates":[[[129.081561,35.181332],[129.081664,35.181306],[129.081708,35.181421],[129.081605,35.181448],[129.081561,35.181332]]]},"properties":{}},{"type":"Feature","geometry":{"type":"Polygon","coordinates":[[[129.081877,35.181446],[129.081894,35.181488],[129.081779,35.181518],[129.081762,35.181476],[129.081877,35.181446]]]},"properties":{}},{"type":"Feature","geometry":{"type":"Polygon","coordinates":[[[129.081864,35.181326],[129.081866,35.181381],[129.081772,35.181383],[129.08177,35.181328],[129.081864,35.181326]]]},"properties":{}},{"type":"Feature","geometry":{"type":"Polygon","coordinates":[[[129.081545,35.181132],[129.081652,35.18112],[129.081673,35.181251],[129.081566,35.181263],[129.081545,35.181132]]]},"properties":{}},{"type":"Feature","geometry":{"type":"Polygon","coordinates":[[[129.081848,35.181233],[129.081734,35.181237],[129.081727,35.181113],[129.081841,35.181108],[129.081848,35.181233]]]},"properties":{}},{"type":"Feature","geometry":{"type":"Polygon","coordinates":[[[129.081977,35.181099],[129.081952,35.181174],[129.081897,35.181162],[129.081921,35.181086],[129.081977,35.181099]]]},"properties":{}},{"type":"Feature","geometry":{"type":"Polygon","coordinates":[[[129.081865,35.18089],[129.081973,35.180881],[129.081986,35.180991],[129.081878,35.180999],[129.081865,35.18089]]]},"properties":{}},{"type":"Feature","geometry":{"type":"Polygon","coordinates":[[[129.082001,35.180514],[129.082056,35.180525],[129.082043,35.18057],[129.081987,35.18056],[129.082001,35.180514]]]},"properties":{}},{"type":"Feature","geometry":{"type":"Polygon","coordinates":[[[129.081723,35.180533],[129.081868,35.180509],[129.081889,35.180596],[129.081625,35.180638],[129.081596,35.18052],[129.081715,35.1805],[129.081723,35.180533]]]},"properties":{}},{"type":"Feature","geometry":{"type":"Polygon","coordinates":[[[129.081619,35.180268],[129.08163,35.180311],[129.081683,35.180303],[129.081716,35.180443],[129.081597,35.180462],[129.081553,35.180278],[129.081619,35.180268]]]},"properties":{}},{"type":"Feature","geometry":{"type":"Polygon","coordinates":[[[129.081726,35.180799],[129.081659,35.180803],[129.081652,35.180726],[129.08172,35.180722],[129.081726,35.180799]]]},"properties":{}},{"type":"Feature","geometry":{"type":"Polygon","coordinates":[[[129.081921,35.180658],[129.081947,35.180789],[129.081814,35.180807],[129.081788,35.180676],[129.081921,35.180658]]]},"properties":{}},{"type":"Feature","geometry":{"type":"Polygon","coordinates":[[[129.08172,35.180922],[129.081814,35.180914],[129.081826,35.181013],[129.081692,35.181024],[129.081673,35.180871],[129.081714,35.180867],[129.08172,35.180922]]]},"properties":{}},{"type":"Feature","geometry":{"type":"Polygon","coordinates":[[[129.081331,35.180964],[129.081519,35.180949],[129.081515,35.180917],[129.081609,35.180909],[129.081624,35.181041],[129.081342,35.181062],[129.081331,35.180964]]]},"properties":{}},{"type":"Feature","geometry":{"type":"Polygon","coordinates":[[[129.081513,35.180844],[129.081483,35.180748],[129.081548,35.180734],[129.081579,35.18083],[129.081513,35.180844]]]},"properties":{}},{"type":"Feature","geometry":{"type":"Polygon","coordinates":[[[129.081417,35.180848],[129.081311,35.180861],[129.081294,35.180774],[129.081401,35.180761],[129.081417,35.180848]]]},"properties":{}},{"type":"Feature","geometry":{"type":"Polygon","coordinates":[[[129.081214,35.180776],[129.081244,35.180894],[129.080953,35.180943],[129.080924,35.180824],[129.081214,35.180776]]]},"properties":{}},{"type":"Feature","geometry":{"type":"Polygon","coordinates":[[[129.081006,35.180576],[129.081177,35.180587],[129.081165,35.180711],[129.080975,35.180699],[129.080972,35.18073],[129.080896,35.180725],[129.080906,35.180624],[129.081001,35.18063],[129.081006,35.180576]]]},"properties":{}},{"type":"Feature","geometry":{"type":"Polygon","coordinates":[[[129.081294,35.180354],[129.081301,35.180386],[129.081234,35.180396],[129.081227,35.180363],[129.081294,35.180354]]]},"properties":{}},{"type":"Feature","geometry":{"type":"Polygon","coordinates":[[[129.081353,35.1804],[129.08138,35.180509],[129.081247,35.18053],[129.081221,35.180422],[129.081353,35.1804]]]},"properties":{}},{"type":"Feature","geometry":{"type":"Polygon","coordinates":[[[129.081257,35.180583],[129.081391,35.180567],[129.08141,35.180676],[129.081277,35.180692],[129.081257,35.180583]]]},"properties":{}},{"type":"Feature","geometry":{"type":"Polygon","coordinates":[[[129.081547,35.180648],[129.081441,35.180664],[129.081415,35.180556],[129.081521,35.180539],[129.081547,35.180648]]]},"properties":{}},{"type":"Feature","geometry":{"type":"Polygon","coordinates":[[[129.081343,35.180294],[129.081415,35.180266],[129.081526,35.180455],[129.081453,35.180483],[129.081343,35.180294]]]},"properties":{}},{"type":"Feature","geometry":{"type":"Polygon","coordinates":[[[129.081567,35.180205],[129.081498,35.180239],[129.081457,35.180182],[129.081526,35.180148],[129.081567,35.180205]]]},"properties":{}},{"type":"Feature","geometry":{"type":"Polygon","coordinates":[[[129.080932,35.180103],[129.081046,35.180239],[129.08098,35.180277],[129.080865,35.180141],[129.080932,35.180103]]]},"properties":{}},{"type":"Feature","geometry":{"type":"Polygon","coordinates":[[[129.081483,35.179997],[129.08115,35.180173],[129.081088,35.180095],[129.081127,35.180074],[129.080933,35.179828],[129.081031,35.179777],[129.081226,35.180025],[129.081282,35.179995],[129.081059,35.179711],[129.081163,35.179656],[129.081376,35.179926],[129.081411,35.179907],[129.081483,35.179997]]]},"properties":{"num_floors":6}},{"type":"Feature","geometry":{"type":"Polygon","coordinates":[[[129.081272,35.179699],[129.081355,35.179812],[129.081309,35.179834],[129.081225,35.179721],[129.081272,35.179699]]]},"properties":{}},{"type":"Feature","geometry":{"type":"Polygon","coordinates":[[[129.081479,35.179642],[129.081444,35.179582],[129.081517,35.179553],[129.081552,35.179613],[129.081479,35.179642]]]},"properties":{}},{"type":"Feature","geometry":{"type":"Polygon","coordinates":[[[129.081623,35.179706],[129.081553,35.179739],[129.081499,35.179662],[129.081569,35.179629],[129.081623,35.179706]]]},"properties":{}},{"type":"Feature","geometry":{"type":"Polygon","coordinates":[[[129.081731,35.180283],[129.081788,35.180286],[129.081786,35.180317],[129.081729,35.180314],[129.081731,35.180283]]]},"properties":{}},{"type":"Feature","geometry":{"type":"Polygon","coordinates":[[[129.081723,35.179211],[129.081716,35.179273],[129.081659,35.179268],[129.081667,35.179206],[129.081723,35.179211]]]},"properties":{}},{"type":"Feature","geometry":{"type":"Polygon","coordinates":[[[129.081717,35.179089],[129.081661,35.17908],[129.081677,35.179019],[129.081733,35.179028],[129.081717,35.179089]]]},"properties":{}},{"type":"Feature","geometry":{"type":"Polygon","coordinates":[[[129.081531,35.179031],[129.081626,35.179027],[129.08163,35.179089],[129.081535,35.179093],[129.081531,35.179031]]]},"properties":{}},{"type":"Feature","geometry":{"type":"Polygon","coordinates":[[[129.081714,35.178854],[129.081732,35.178974],[129.081638,35.178984],[129.08162,35.178863],[129.081714,35.178854]]]},"properties":{}},{"type":"Feature","geometry":{"type":"Polygon","coordinates":[[[129.081753,35.17895],[129.081742,35.178863],[129.08185,35.178854],[129.081861,35.178942],[129.081753,35.17895]]]},"properties":{}},{"type":"Feature","geometry":{"type":"Polygon","coordinates":[[[129.081992,35.178954],[129.082008,35.17903],[129.081796,35.179059],[129.08178,35.178983],[129.081992,35.178954]]]},"properties":{}},{"type":"Feature","geometry":{"type":"Polygon","coordinates":[[[129.082072,35.17885],[129.082063,35.178807],[129.082143,35.178796],[129.082151,35.178839],[129.082072,35.17885]]]},"properties":{}},{"type":"Feature","geometry":{"type":"Polygon","coordinates":[[[129.081954,35.178809],[129.081982,35.178917],[129.081903,35.178931],[129.081875,35.178823],[129.081954,35.178809]]]},"properties":{}},{"type":"Feature","geometry":{"type":"Polygon","coordinates":[[[129.081871,35.17876],[129.081862,35.178673],[129.081943,35.178667],[129.081952,35.178755],[129.081871,35.17876]]]},"properties":{}},{"type":"Feature","geometry":{"type":"Polygon","coordinates":[[[129.082035,35.178742],[129.082013,35.178655],[129.082119,35.178638],[129.08214,35.178724],[129.082035,35.178742]]]},"properties":{}},{"type":"Feature","geometry":{"type":"Polygon","coordinates":[[[129.082036,35.1783],[129.081941,35.178303],[129.081937,35.178225],[129.082032,35.178222],[129.082036,35.1783]]]},"properties":{}},{"type":"Feature","geometry":{"type":"Polygon","coordinates":[[[129.081925,35.178551],[129.081898,35.178376],[129.082005,35.178365],[129.082031,35.17854],[129.081925,35.178551]]]},"properties":{}},{"type":"Feature","geometry":{"type":"Polygon","coordinates":[[[129.081785,35.178228],[129.081899,35.178223],[129.081904,35.178317],[129.08179,35.178321],[129.081785,35.178228]]]},"properties":{}},{"type":"Feature","geometry":{"type":"Polygon","coordinates":[[[129.081715,35.178264],[129.081718,35.178311],[129.08168,35.178312],[129.081677,35.178266],[129.081715,35.178264]]]},"properties":{}},{"type":"Feature","geometry":{"type":"Polygon","coordinates":[[[129.081779,35.178557],[129.081565,35.178578],[129.081541,35.178414],[129.081755,35.178393],[129.081779,35.178557]]]},"properties":{}},{"type":"Feature","geometry":{"type":"Polygon","coordinates":[[[129.081773,35.178779],[129.081759,35.178692],[129.081839,35.178683],[129.081854,35.17877],[129.081773,35.178779]]]},"properties":{}},{"type":"Feature","geometry":{"type":"Polygon","coordinates":[[[129.081596,35.178637],[129.081664,35.178632],[129.081679,35.178775],[129.081612,35.178779],[129.081596,35.178637]]]},"properties":{}},{"type":"Feature","geometry":{"type":"Polygon","coordinates":[[[129.081263,35.178762],[129.081339,35.178761],[129.081341,35.178839],[129.081265,35.17884],[129.081263,35.178762]]]},"properties":{}},{"type":"Feature","geometry":{"type":"Polygon","coordinates":[[[129.08129,35.17861],[129.081249,35.178577],[129.081283,35.178549],[129.081323,35.178582],[129.08129,35.17861]]]},"properties":{}},{"type":"Feature","geometry":{"type":"Polygon","coordinates":[[[129.081356,35.178572],[129.081409,35.178564],[129.081419,35.178607],[129.081366,35.178615],[129.081356,35.178572]]]},"properties":{}},{"type":"Feature","geometry":{"type":"Polygon","coordinates":[[[129.081463,35.178729],[129.081387,35.178731],[129.081382,35.178654],[129.081458,35.178651],[129.081463,35.178729]]]},"properties":{}},{"type":"Feature","geometry":{"type":"Polygon","coordinates":[[[129.08152,35.17853],[129.081528,35.178607],[129.081461,35.178611],[129.081453,35.178534],[129.08152,35.17853]]]},"properties":{}},{"type":"Feature","geometry":{"type":"Polygon","coordinates":[[[129.081431,35.178446],[129.081507,35.178443],[129.08151,35.178505],[129.081434,35.178508],[129.081431,35.178446]]]},"properties":{}},{"type":"Feature","geometry":{"type":"Polygon","coordinates":[[[129.081493,35.178329],[129.081487,35.178252],[129.081554,35.178248],[129.08156,35.178325],[129.081493,35.178329]]]},"properties":{}},{"type":"Feature","geometry":{"type":"Polygon","coordinates":[[[129.081437,35.178351],[129.08129,35.178366],[129.081259,35.178158],[129.081406,35.178143],[129.081437,35.178351]]]},"properties":{}},{"type":"Feature","geometry":{"type":"Polygon","coordinates":[[[129.081319,35.178449],[129.081395,35.178446],[129.0814,35.178524],[129.081324,35.178527],[129.081319,35.178449]]]},"properties":{}},{"type":"Feature","geometry":{"type":"Polygon","coordinates":[[[129.081172,35.17856],[129.081091,35.178566],[129.08108,35.178456],[129.08116,35.17845],[129.081172,35.17856]]]},"properties":{}},{"type":"Feature","geometry":{"type":"Polygon","coordinates":[[[129.081178,35.178298],[129.081187,35.178386],[129.081066,35.178394],[129.081057,35.178306],[129.081178,35.178298]]]},"properties":{}},{"type":"Feature","geometry":{"type":"Polygon","coordinates":[[[129.080927,35.178645],[129.080993,35.178638],[129.081009,35.178736],[129.080942,35.178743],[129.080927,35.178645]]]},"properties":{}},{"type":"Feature","geometry":{"type":"Polygon","coordinates":[[[129.081188,35.178629],[129.081124,35.178645],[129.081103,35.178593],[129.081168,35.178576],[129.081188,35.178629]]]},"properties":{}},{"type":"Feature","geometry":{"type":"Polygon","coordinates":[[[129.081117,35.178753],[129.081113,35.178676],[129.081227,35.178671],[129.081231,35.178749],[129.081117,35.178753]]]},"properties":{}},{"type":"Feature","geometry":{"type":"Polygon","coordinates":[[[129.081226,35.178784],[129.081239,35.178849],[129.081159,35.178859],[129.081146,35.178794],[129.081226,35.178784]]]},"properties":{}},{"type":"Feature","geometry":{"type":"Polygon","coordinates":[[[129.080943,35.179021],[129.080943,35.178975],[129.081,35.178974],[129.081,35.179021],[129.080943,35.179021]]]},"properties":{}},{"type":"Feature","geometry":{"type":"Polygon","coordinates":[[[129.081096,35.1791],[129.081144,35.179166],[129.081098,35.179189],[129.08105,35.179123],[129.081096,35.1791]]]},"properties":{}},{"type":"Feature","geometry":{"type":"Polygon","coordinates":[[[129.081198,35.179023],[129.081133,35.179037],[129.081115,35.178984],[129.08105,35.178998],[129.081037,35.178955],[129.081167,35.178927],[129.081198,35.179023]]]},"properties":{}},{"type":"Feature","geometry":{"type":"Polygon","coordinates":[[[129.081206,35.178908],[129.081312,35.178894],[129.081343,35.179046],[129.081237,35.17906],[129.081206,35.178908]]]},"properties":{}},{"type":"Feature","geometry":{"type":"Polygon","coordinates":[[[129.081368,35.178931],[129.081476,35.178924],[129.081484,35.179012],[129.081377,35.179019],[129.081368,35.178931]]]},"properties":{}},{"type":"Feature","geometry":{"type":"Polygon","coordinates":[[[129.081609,35.178986],[129.081516,35.178997],[129.081503,35.178921],[129.081596,35.17891],[129.081609,35.178986]]]},"properties":{}},{"type":"Feature","geometry":{"type":"Polygon","coordinates":[[[129.08146,35.179059],[129.081466,35.179114],[129.081399,35.179119],[129.081393,35.179064],[129.08146,35.179059]]]},"properties":{}},{"type":"Feature","geometry":{"type":"Polygon","coordinates":[[[129.081431,35.179234],[129.081419,35.179168],[129.081499,35.179159],[129.081511,35.179224],[129.081431,35.179234]]]},"properties":{}},{"type":"Feature","geometry":{"type":"Polygon","coordinates":[[[129.081317,35.179266],[129.081289,35.179193],[129.081353,35.179176],[129.081381,35.17925],[129.081317,35.179266]]]},"properties":{}},{"type":"Feature","geometry":{"type":"Polygon","coordinates":[[[129.08133,35.179093],[129.081335,35.179147],[129.081241,35.179154],[129.081235,35.179099],[129.08133,35.179093]]]},"properties":{}},{"type":"Feature","geometry":{"type":"Polygon","coordinates":[[[129.081249,35.179389],[129.081224,35.179326],[129.081403,35.179279],[129.081428,35.179342],[129.081249,35.179389]]]},"properties":{}},{"type":"Feature","geometry":{"type":"Polygon","coordinates":[[[129.081512,35.179264],[129.081532,35.179316],[129.081468,35.179333],[129.081447,35.179281],[129.081512,35.179264]]]},"properties":{}},{"type":"Feature","geometry":{"type":"Polygon","coordinates":[[[129.081098,35.179442],[129.081154,35.179411],[129.081222,35.179493],[129.081166,35.179524],[129.081098,35.179442]]]},"properties":{}},{"type":"Feature","geometry":{"type":"Polygon","coordinates":[[[129.081183,35.179305],[129.081147,35.179222],[129.081248,35.179192],[129.081285,35.179275],[129.081183,35.179305]]]},"properties":{}},{"type":"Feature","geometry":{"type":"Polygon","coordinates":[[[129.080871,35.17918],[129.080927,35.17915],[129.081117,35.179391],[129.081061,35.179421],[129.080871,35.17918]]]},"properties":{}},{"type":"Feature","geometry":{"type":"Polygon","coordinates":[[[129.080984,35.179625],[129.081066,35.179549],[129.081087,35.179564],[129.081005,35.17964],[129.080984,35.179625]]]},"properties":{}},{"type":"Feature","geometry":{"type":"Polygon","coordinates":[[[129.080813,35.179286],[129.080871,35.179259],[129.081038,35.179498],[129.081003,35.179514],[129.080983,35.179485],[129.080913,35.179518],[129.080933,35.179547],[129.080781,35.179618],[129.080614,35.179379],[129.080731,35.179324],[129.080784,35.179401],[129.080866,35.179362],[129.080813,35.179286]]]},"properties":{}},{"type":"Feature","geometry":{"type":"Polygon","coordinates":[[[129.080839,35.179251],[129.080781,35.179279],[129.080761,35.17925],[129.080819,35.179222],[129.080839,35.179251]]]},"properties":{}},{"type":"Feature","geometry":{"type":"Polygon","coordinates":[[[129.080493,35.179342],[129.080428,35.17938],[129.080365,35.179309],[129.080431,35.17927],[129.080493,35.179342]]]},"properties":{}},{"type":"Feature","geometry":{"type":"Polygon","coordinates":[[[129.08054,35.179319],[129.080477,35.179247],[129.080564,35.179196],[129.080627,35.179267],[129.08054,35.179319]]]},"properties":{}},{"type":"Feature","geometry":{"type":"Polygon","coordinates":[[[129.080569,35.179141],[129.08049,35.179026],[129.080584,35.178982],[129.080663,35.179098],[129.080569,35.179141]]]},"properties":{}},{"type":"Feature","geometry":{"type":"Polygon","coordinates":[[[129.080415,35.179151],[129.080444,35.17917],[129.08042,35.179195],[129.08039,35.179175],[129.080415,35.179151]]]},"properties":{}},{"type":"Feature","geometry":{"type":"Polygon","coordinates":[[[129.08074,35.178959],[129.080674,35.178997],[129.080627,35.178944],[129.080693,35.178905],[129.08074,35.178959]]]},"properties":{}},{"type":"Feature","geometry":{"type":"Polygon","coordinates":[[[129.080733,35.179063],[129.080684,35.179011],[129.080747,35.17897],[129.080797,35.179022],[129.080733,35.179063]]]},"properties":{}},{"type":"Feature","geometry":{"type":"Polygon","coordinates":[[[129.080803,35.179166],[129.080761,35.179097],[129.080821,35.179072],[129.080863,35.179141],[129.080803,35.179166]]]},"properties":{}},{"type":"Feature","geometry":{"type":"Polygon","coordinates":[[[129.080861,35.178741],[129.080774,35.178793],[129.080726,35.17874],[129.080769,35.178714],[129.080729,35.17867],[129.080772,35.178643],[129.080861,35.178741]]]},"properties":{}},{"type":"Feature","geometry":{"type":"Polygon","coordinates":[[[129.080949,35.178366],[129.080973,35.178452],[129.080815,35.178481],[129.080792,35.178396],[129.080949,35.178366]]]},"properties":{}},{"type":"Feature","geometry":{"type":"Polygon","coordinates":[[[129.080832,35.178175],[129.080909,35.178173],[129.080911,35.17822],[129.080835,35.178222],[129.080832,35.178175]]]},"properties":{}},{"type":"Feature","geometry":{"type":"Polygon","coordinates":[[[129.080753,35.178285],[129.080927,35.178265],[129.08094,35.178341],[129.080766,35.178361],[129.080753,35.178285]]]},"properties":{}},{"type":"Feature","geometry":{"type":"Polygon","coordinates":[[[129.080447,35.178361],[129.080586,35.178279],[129.080662,35.178365],[129.080619,35.178391],[129.080603,35.178382],[129.080575,35.178397],[129.080558,35.178391],[129.080536,35.178398],[129.080511,35.178371],[129.080475,35.178392],[129.080447,35.178361]]]},"properties":{"class":"apartments","subtype":"residential","num_floors":8}},{"type":"Feature","geometry":{"type":"Polygon","coordinates":[[[129.080423,35.178185],[129.080413,35.17823],[129.080366,35.178224],[129.080376,35.178178],[129.080423,35.178185]]]},"properties":{}},{"type":"Feature","geometry":{"type":"Polygon","coordinates":[[[129.080088,35.178956],[129.080512,35.178729],[129.080574,35.178806],[129.08015,35.179033],[129.080088,35.178956]]]},"properties":{"name":"101","class":"apartments","subtype":"residential","height":28.0,"num_floors":10}},{"type":"Feature","geometry":{"type":"Polygon","coordinates":[[[129.079899,35.178708],[129.080322,35.178481],[129.080384,35.178559],[129.079962,35.178786],[129.079899,35.178708]]]},"properties":{"name":"102","class":"apartments","subtype":"residential","height":28.0,"num_floors":10}},{"type":"Feature","geometry":{"type":"Polygon","coordinates":[[[129.079672,35.178471],[129.080123,35.178233],[129.080185,35.17831],[129.079734,35.178549],[129.079672,35.178471]]]},"properties":{"name":"103","class":"apartments","subtype":"residential","height":26.0,"num_floors":9}},{"type":"Feature","geometry":{"type":"Polygon","coordinates":[[[129.08029,35.179327],[129.080374,35.179413],[129.080322,35.179447],[129.080237,35.179361],[129.08029,35.179327]]]},"properties":{}},{"type":"Feature","geometry":{"type":"Polygon","coordinates":[[[129.079726,35.179716],[129.079664,35.17963],[129.079769,35.17958],[129.07983,35.179665],[129.079726,35.179716]]]},"properties":{}},{"type":"Feature","geometry":{"type":"Polygon","coordinates":[[[129.079525,35.18018],[129.079782,35.18002],[129.079896,35.180142],[129.079639,35.180302],[129.079525,35.18018]]]},"properties":{}},{"type":"Feature","geometry":{"type":"Polygon","coordinates":[[[129.080364,35.180089],[129.080243,35.180138],[129.080214,35.180089],[129.080334,35.18004],[129.080364,35.180089]]]},"properties":{}},{"type":"Feature","geometry":{"type":"Polygon","coordinates":[[[129.080171,35.17981],[129.080325,35.179721],[129.080379,35.179784],[129.079971,35.180018],[129.079747,35.179756],[129.080001,35.179611],[129.080171,35.17981]]]},"properties":{}},{"type":"Feature","geometry":{"type":"Polygon","coordinates":[[[129.080066,35.179579],[129.080182,35.179524],[129.080271,35.179648],[129.080154,35.179703],[129.080066,35.179579]]]},"properties":{}},{"type":"Feature","geometry":{"type":"Polygon","coordinates":[[[129.080501,35.179798],[129.080554,35.179875],[129.080448,35.179923],[129.080396,35.179846],[129.080501,35.179798]]]},"properties":{}},{"type":"Feature","geometry":{"type":"Polygon","coordinates":[[[129.080524,35.179948],[129.08059,35.17991],[129.080622,35.179946],[129.080556,35.179984],[129.080524,35.179948]]]},"properties":{}},{"type":"Feature","geometry":{"type":"Polygon","coordinates":[[[129.080523,35.17966],[129.080416,35.179519],[129.080474,35.17949],[129.080701,35.17979],[129.080609,35.179836],[129.080489,35.179677],[129.080523,35.17966]]]},"properties":{}},{"type":"Feature","geometry":{"type":"Polygon","coordinates":[[[129.080752,35.179892],[129.080683,35.179927],[129.080655,35.179889],[129.080723,35.179854],[129.080752,35.179892]]]},"properties":{}},{"type":"Feature","geometry":{"type":"Polygon","coordinates":[[[129.080645,35.180021],[129.080692,35.18],[129.080731,35.180058],[129.080684,35.180079],[129.080645,35.180021]]]},"properties":{}},{"type":"Feature","geometry":{"type":"Polygon","coordinates":[[[129.080913,35.180066],[129.080834,35.180108],[129.080708,35.179952],[129.080787,35.179909],[129.080913,35.180066]]]},"properties":{}},{"type":"Feature","geometry":{"type":"Polygon","coordinates":[[[129.080922,35.180311],[129.080784,35.180175],[129.080815,35.180154],[129.080953,35.18029],[129.080922,35.180311]]]},"properties":{}},{"type":"Feature","geometry":{"type":"Polygon","coordinates":[[[129.080355,35.180026],[129.080493,35.179957],[129.080535,35.180014],[129.080397,35.180082],[129.080355,35.180026]]]},"properties":{}},{"type":"Feature","geometry":{"type":"Polygon","coordinates":[[[129.080362,35.180229],[129.080326,35.180182],[129.080565,35.180059],[129.080601,35.180106],[129.080362,35.180229]]]},"properties":{}},{"type":"Feature","geometry":{"type":"Polygon","coordinates":[[[129.080393,35.180403],[129.080488,35.180523],[129.080386,35.180577],[129.080291,35.180457],[129.080393,35.180403]]]},"properties":{}},{"type":"Feature","geometry":{"type":"Polygon","coordinates":[[[129.080933,35.180464],[129.080947,35.180507],[129.080894,35.180518],[129.080881,35.180476],[129.080933,35.180464]]]},"properties":{}},{"type":"Feature","geometry":{"type":"Polygon","coordinates":[[[129.08069,35.180596],[129.08078,35.180547],[129.08081,35.180584],[129.08072,35.180633],[129.08069,35.180596]]]},"properties":{}},{"type":"Feature","geometry":{"type":"Polygon","coordinates":[[[129.080675,35.180622],[129.080704,35.180642],[129.08063,35.180714],[129.080601,35.180693],[129.080675,35.180622]]]},"properties":{}},{"type":"Feature","geometry":{"type":"Polygon","coordinates":[[[129.080817,35.180701],[129.08075,35.180711],[129.080738,35.180657],[129.080804,35.180647],[129.080817,35.180701]]]},"properties":{}},{"type":"Feature","geometry":{"type":"Polygon","coordinates":[[[129.080763,35.180965],[129.080711,35.180817],[129.080827,35.180789],[129.08088,35.180937],[129.080763,35.180965]]]},"properties":{}},{"type":"Feature","geometry":{"type":"Polygon","coordinates":[[[129.080736,35.180975],[129.080602,35.180989],[129.080584,35.18088],[129.080718,35.180866],[129.080736,35.180975]]]},"properties":{}},{"type":"Feature","geometry":{"type":"Polygon","coordinates":[[[129.08035,35.180842],[129.080346,35.180779],[129.080441,35.180776],[129.080445,35.180838],[129.08035,35.180842]]]},"properties":{}},{"type":"Feature","geometry":{"type":"Polygon","coordinates":[[[129.080496,35.180878],[129.08052,35.180997],[129.0804,35.181013],[129.080376,35.180894],[129.080496,35.180878]]]},"properties":{}},{"type":"Feature","geometry":{"type":"Polygon","coordinates":[[[129.080155,35.180618],[129.080239,35.180582],[129.080296,35.180669],[129.080213,35.180706],[129.080155,35.180618]]]},"properties":{}},{"type":"Feature","geometry":{"type":"Polygon","coordinates":[[[129.080127,35.180245],[129.08023,35.180193],[129.080379,35.180389],[129.080276,35.180442],[129.080127,35.180245]]]},"properties":{}},{"type":"Feature","geometry":{"type":"Polygon","coordinates":[[[129.080117,35.180527],[129.080063,35.18045],[129.08011,35.180428],[129.080163,35.180505],[129.080117,35.180527]]]},"properties":{}},{"type":"Feature","geometry":{"type":"Polygon","coordinates":[[[129.080022,35.180603],[129.08003,35.180647],[129.07995,35.180656],[129.079942,35.180613],[129.080022,35.180603]]]},"properties":{}},{"type":"Feature","geometry":{"type":"Polygon","coordinates":[[[129.080015,35.180327],[129.080041,35.180424],[129.079896,35.18045],[129.07987,35.180353],[129.080015,35.180327]]]},"properties":{}},{"type":"Feature","geometry":{"type":"Polygon","coordinates":[[[129.080044,35.180778],[129.07993,35.180812],[129.079912,35.18077],[129.080026,35.180737],[129.080044,35.180778]]]},"properties":{}},{"type":"Feature","geometry":{"type":"Polygon","coordinates":[[[129.079856,35.180814],[129.0799,35.180869],[129.079832,35.180905],[129.079788,35.18085],[129.079856,35.180814]]]},"properties":{}},{"type":"Feature","geometry":{"type":"Polygon","coordinates":[[[129.079683,35.18093],[129.079635,35.180877],[129.0797,35.180837],[129.079748,35.18089],[129.079683,35.18093]]]},"properties":{}},{"type":"Feature","geometry":{"type":"Polygon","coordinates":[[[129.07949,35.180309],[129.079527,35.180368],[129.07943,35.180408],[129.079394,35.180349],[129.07949,35.180309]]]},"properties":{}},{"type":"Feature","geometry":{"type":"Polygon","coordinates":[[[129.079527,35.18042],[129.079562,35.18048],[129.079489,35.180508],[129.079454,35.180449],[129.079527,35.18042]]]},"properties":{}},{"type":"Feature","geometry":{"type":"Polygon","coordinates":[[[129.079694,35.180578],[129.079683,35.180578],[129.079678,35.180574],[129.079678,35.180552],[129.079689,35.180543],[129.079705,35.180543],[129.079716,35.180552],[129.079716,35.180565],[129.07971,35.18057],[129.079705,35.18057],[129.079694,35.180578]]]},"properties":{}},{"type":"Feature","geometry":{"type":"Polygon","coordinates":[[[129.079699,35.180428],[129.079635,35.180446],[129.079613,35.180394],[129.079677,35.180376],[129.079699,35.180428]]]},"properties":{}},{"type":"Feature","geometry":{"type":"Polygon","coordinates":[[[129.079658,35.179964],[129.079579,35.180006],[129.079417,35.179803],[129.079496,35.179761],[129.079658,35.179964]]]},"properties":{}},{"type":"Feature","geometry":{"type":"Polygon","coordinates":[[[129.079053,35.179967],[129.079124,35.179937],[129.079174,35.180015],[129.079102,35.180045],[129.079053,35.179967]]]},"properties":{}},{"type":"Feature","geometry":{"type":"Polygon","coordinates":[[[129.079312,35.179849],[129.079431,35.180022],[129.079313,35.180076],[129.079194,35.179903],[129.079312,35.179849]]]},"properties":{}},{"type":"Feature","geometry":{"type":"Polygon","coordinates":[[[129.079305,35.180296],[129.079405,35.18024],[129.079428,35.180267],[129.079327,35.180323],[129.079305,35.180296]]]},"properties":{}},{"type":"Feature","geometry":{"type":"Polygon","coordinates":[[[129.079151,35.180204],[129.079214,35.180183],[129.07924,35.180234],[129.079178,35.180255],[129.079151,35.180204]]]},"properties":{}},{"type":"Feature","geometry":{"type":"Polygon","coordinates":[[[129.078775,35.180164],[129.078834,35.180138],[129.078948,35.180313],[129.078889,35.180339],[129.078775,35.180164]]]},"properties":{}},{"type":"Feature","geometry":{"type":"Polygon","coordinates":[[[129.079049,35.180139],[129.078971,35.180049],[129.079015,35.180024],[129.079093,35.180113],[129.079049,35.180139]]]},"properties":{}},{"type":"Feature","geometry":{"type":"Polygon","coordinates":[[[129.078838,35.179436],[129.079072,35.179735],[129.078797,35.179878],[129.078563,35.179579],[129.078838,35.179436]]]},"properties":{"name":"201","class":"apartments","subtype":"residential","height":110.0,"num_floors":37}},{"type":"Feature","geometry":{"type":"Polygon","coordinates":[[[129.078485,35.180277],[129.078535,35.180329],[129.078471,35.18037],[129.078422,35.180318],[129.078485,35.180277]]]},"properties":{}},{"type":"Feature","geometry":{"type":"Polygon","coordinates":[[[129.078607,35.180439],[129.07855,35.180468],[129.078486,35.180384],[129.078544,35.180355],[129.078607,35.180439]]]},"properties":{}},{"type":"Feature","geometry":{"type":"Polygon","coordinates":[[[129.078458,35.180558],[129.0787,35.180436],[129.078754,35.180507],[129.078686,35.180541],[129.078719,35.180584],[129.078642,35.180623],[129.078613,35.180585],[129.078546,35.180619],[129.078577,35.180659],[129.07848,35.180708],[129.078501,35.180736],[129.078421,35.180777],[129.078401,35.18075],[129.078291,35.180805],[129.078236,35.180732],[129.078492,35.180603],[129.078458,35.180558]]]},"properties":{"name":"102","class":"apartments","subtype":"residential","height":105.0,"num_floors":34}},{"type":"Feature","geometry":{"type":"Polygon","coordinates":[[[129.078844,35.180402],[129.078925,35.180359],[129.079051,35.18052],[129.079082,35.180504],[129.079228,35.18069],[129.079139,35.180737],[129.079085,35.180668],[129.079042,35.18069],[129.078993,35.180628],[129.079029,35.180597],[129.078987,35.180544],[129.078962,35.180558],[129.07893,35.180517],[129.078894,35.180536],[129.078838,35.180465],[129.078878,35.180444],[129.078844,35.180402]]]},"properties":{"name":"101","class":"apartments","subtype":"residential","height":103.0,"num_floors":34}},{"type":"Feature","geometry":{"type":"Polygon","coordinates":[[[129.078238,35.180724],[129.078185,35.180769],[129.078116,35.180715],[129.078169,35.18067],[129.078238,35.180724]]]},"properties":{}},{"type":"Feature","geometry":{"type":"Polygon","coordinates":[[[129.078041,35.180667],[129.077972,35.18064],[129.078029,35.180541],[129.078098,35.180568],[129.078041,35.180667]]]},"properties":{}},{"type":"Feature","geometry":{"type":"Polygon","coordinates":[[[129.078066,35.180505],[129.078114,35.180438],[129.07818,35.180469],[129.078132,35.180537],[129.078066,35.180505]]]},"properties":{}},{"type":"Feature","geometry":{"type":"Polygon","coordinates":[[[129.077969,35.180363],[129.078137,35.180323],[129.07816,35.180386],[129.077992,35.180427],[129.077969,35.180363]]]},"properties":{}},{"type":"Feature","geometry":{"type":"Polygon","coordinates":[[[129.077904,35.180407],[129.077854,35.180329],[129.077878,35.180319],[129.077928,35.180397],[129.077904,35.180407]]]},"properties":{}},{"type":"Feature","geometry":{"type":"Polygon","coordinates":[[[129.077872,35.180566],[129.077911,35.180636],[129.07785,35.180659],[129.077811,35.180589],[129.077872,35.180566]]]},"properties":{}},{"type":"Feature","geometry":{"type":"Polygon","coordinates":[[[129.078145,35.18081],[129.078103,35.180837],[129.078052,35.180786],[129.078094,35.180758],[129.078145,35.18081]]]},"properties":{}},{"type":"Feature","geometry":{"type":"Polygon","coordinates":[[[129.077851,35.180775],[129.07788,35.180812],[129.077835,35.180836],[129.077864,35.180873],[129.077796,35.180909],[129.077423,35.180437],[129.077502,35.180395],[129.077817,35.180793],[129.077851,35.180775]]]},"properties":{}},{"type":"Feature","geometry":{"type":"Polygon","coordinates":[[[129.077851,35.180529],[129.077776,35.180553],[129.077692,35.180379],[129.077767,35.180355],[129.077851,35.180529]]]},"properties":{}},{"type":"Feature","geometry":{"type":"Polygon","coordinates":[[[129.077764,35.17999],[129.077819,35.179958],[129.077984,35.180146],[129.077896,35.180197],[129.077598,35.179856],[129.077686,35.179805],[129.077811,35.179949],[129.077757,35.179981],[129.077764,35.17999]]]},"properties":{}},{"type":"Feature","geometry":{"type":"Polygon","coordinates":[[[129.0775,35.180279],[129.077374,35.180338],[129.077323,35.18029],[129.077265,35.180209],[129.077381,35.180143],[129.0775,35.180279]]]},"properties":{"subtype":"commercial","num_floors":2}},{"type":"Feature","geometry":{"type":"Polygon","coordinates":[[[129.07771,35.180129],[129.077548,35.180219],[129.077528,35.180192],[129.077392,35.18014],[129.077328,35.180121],[129.077203,35.180169],[129.076997,35.179895],[129.07721,35.179792],[129.07741,35.179856],[129.077477,35.179924],[129.077505,35.179905],[129.077558,35.179959],[129.077573,35.179953],[129.07771,35.180129]]]},"properties":{"name":"삼성 서비스센터 -디지털 프라자","num_floors":3}},{"type":"Feature","geometry":{"type":"Polygon","coordinates":[[[129.077801,35.179599],[129.078102,35.179951],[129.077992,35.180014],[129.07769,35.179662],[129.077801,35.179599]]]},"properties":{}},{"type":"Feature","geometry":{"type":"Polygon","coordinates":[[[129.077978,35.180327],[129.077915,35.18023],[129.078011,35.180188],[129.078073,35.180286],[129.077978,35.180327]]]},"properties":{}},{"type":"Feature","geometry":{"type":"Polygon","coordinates":[[[129.078406,35.179163],[129.078612,35.179448],[129.078458,35.179523],[129.078252,35.179237],[129.078406,35.179163]]]},"properties":{"name":"203","class":"apartments","subtype":"residential","height":43.0,"num_floors":13}},{"type":"Feature","geometry":{"type":"Polygon","coordinates":[[[129.077406,35.179044],[129.077644,35.178902],[129.07784,35.179122],[129.077759,35.17917],[129.07781,35.179228],[129.077694,35.179297],[129.077584,35.179174],[129.077481,35.179235],[129.077414,35.17916],[129.077476,35.179124],[129.077406,35.179044]]]},"properties":{"name":"101","class":"apartments","subtype":"residential","height":109.0,"num_floors":38}},{"type":"Feature","geometry":{"type":"Polygon","coordinates":[[[129.077907,35.17833],[129.077941,35.178364],[129.077816,35.178447],[129.077739,35.178371],[129.077906,35.178259],[129.077949,35.178302],[129.077907,35.17833]]]},"properties":{}},{"type":"Feature","geometry":{"type":"Polygon","coordinates":[[[129.078106,35.178251],[129.07808,35.178212],[129.078152,35.178181],[129.078177,35.17822],[129.078106,35.178251]]]},"properties":{}},{"type":"Feature","geometry":{"type":"Polygon","coordinates":[[[129.077953,35.178492],[129.078055,35.178438],[129.07828,35.178726],[129.078178,35.17878],[129.077953,35.178492]]]},"properties":{}},{"type":"Feature","geometry":{"type":"Polygon","coordinates":[[[129.07827,35.178209],[129.07836,35.17816],[129.078648,35.17852],[129.078558,35.178568],[129.07827,35.178209]]]},"properties":{}},{"type":"Feature","geometry":{"type":"Polygon","coordinates":[[[129.078232,35.178319],[129.078466,35.178628],[129.078363,35.17868],[129.078129,35.178372],[129.078232,35.178319]]]},"properties":{}},{"type":"Feature","geometry":{"type":"Polygon","coordinates":[[[129.078441,35.178095],[129.078532,35.178047],[129.078822,35.178419],[129.078731,35.178466],[129.078441,35.178095]]]},"properties":{}},{"type":"Feature","geometry":{"type":"Polygon","coordinates":[[[129.078832,35.178294],[129.078701,35.178168],[129.078774,35.178118],[129.078904,35.178244],[129.078832,35.178294]]]},"properties":{}},{"type":"Feature","geometry":{"type":"Polygon","coordinates":[[[129.078867,35.1783],[129.078923,35.178269],[129.07896,35.178315],[129.078904,35.178346],[129.078867,35.1783]]]},"properties":{}},{"type":"Feature","geometry":{"type":"Polygon","coordinates":[[[129.079024,35.178456],[129.078895,35.178516],[129.078967,35.178621],[129.079014,35.178599],[129.078988,35.178561],[129.079199,35.178464],[129.079034,35.178224],[129.079116,35.178186],[129.079328,35.178493],[129.078905,35.178688],[129.078766,35.178486],[129.078978,35.178389],[129.079024,35.178456]]]},"properties":{}},{"type":"Feature","geometry":{"type":"Polygon","coordinates":[[[129.07885,35.178862],[129.079046,35.179106],[129.078774,35.179252],[129.078578,35.179008],[129.07885,35.178862]]]},"properties":{"name":"202","class":"apartments","subtype":"residential","height":110.0,"num_floors":37}},{"type":"Feature","geometry":{"type":"Polygon","coordinates":[[[129.079337,35.178793],[129.07954,35.17857],[129.079574,35.178591],[129.079557,35.178609],[129.079622,35.178648],[129.079432,35.178856],[129.079677,35.179166],[129.079989,35.179103],[129.079998,35.17913],[129.080033,35.179123],[129.080054,35.179192],[129.079704,35.179263],[129.079643,35.179296],[129.079268,35.17883],[129.079337,35.178793]]]},"properties":{"name":"효성맨션아파트","class":"apartments","subtype":"residential","num_floors":12}},{"type":"Feature","geometry":{"type":"Polygon","coordinates":[[[129.079145,35.178109],[129.079213,35.178073],[129.079402,35.178314],[129.079334,35.17835],[129.079145,35.178109]]]},"properties":{}},{"type":"Feature","geometry":{"type":"Polygon","coordinates":[[[129.079548,35.17837],[129.079409,35.178437],[129.079361,35.17837],[129.0795,35.178304],[129.079548,35.17837]]]},"properties":{}},{"type":"Feature","geometry":{"type":"Polygon","coordinates":[[[129.079245,35.177631],[129.079779,35.178004],[129.079687,35.178092],[129.079153,35.177719],[129.079245,35.177631]]]},"properties":{"class":"apartments","subtype":"residential","num_floors":12}},{"type":"Feature","geometry":{"type":"Polygon","coordinates":[[[129.0791,35.177976],[129.079187,35.178046],[129.07914,35.178085],[129.079053,35.178016],[129.0791,35.177976]]]},"properties":{}},{"type":"Feature","geometry":{"type":"Polygon","coordinates":[[[129.079692,35.177475],[129.079622,35.177531],[129.079535,35.17746],[129.079604,35.177404],[129.079623,35.17742],[129.079771,35.1773],[129.079857,35.177371],[129.07971,35.17749],[129.079692,35.177475]]]},"properties":{"name":"협성센트로아파트","class":"apartments","subtype":"residential","num_floors":9}},{"type":"Feature","geometry":{"type":"Polygon","coordinates":[[[129.079223,35.177185],[129.07917,35.177104],[129.079404,35.177001],[129.079691,35.176982],[129.079699,35.17707],[129.079558,35.177079],[129.079449,35.177086],[129.079223,35.177185]]]},"properties":{"name":"201","class":"apartments","subtype":"residential","num_floors":10}},{"type":"Feature","geometry":{"type":"Polygon","coordinates":[[[129.07922,35.176943],[129.079125,35.176941],[129.079126,35.176909],[129.079221,35.176912],[129.07922,35.176943]]]},"properties":{}},{"type":"Feature","geometry":{"type":"Polygon","coordinates":[[[129.079248,35.176795],[129.078913,35.176948],[129.078838,35.176838],[129.079172,35.176685],[129.079248,35.176795]]]},"properties":{"num_floors":4}},{"type":"Feature","geometry":{"type":"Polygon","coordinates":[[[129.078464,35.177488],[129.078884,35.177241],[129.078946,35.177311],[129.078525,35.177558],[129.078464,35.177488]]]},"properties":{"name":"104","class":"apartments","subtype":"residential","num_floors":10}},{"type":"Feature","geometry":{"type":"Polygon","coordinates":[[[129.078879,35.177753],[129.078958,35.177812],[129.078904,35.177861],[129.078824,35.177802],[129.078879,35.177753]]]},"properties":{}},{"type":"Feature","geometry":{"type":"Polygon","coordinates":[[[129.078875,35.177896],[129.078833,35.177923],[129.0788,35.177888],[129.078842,35.177861],[129.078875,35.177896]]]},"properties":{}},{"type":"Feature","geometry":{"type":"Polygon","coordinates":[[[129.07903,35.178032],[129.079076,35.1781],[129.079017,35.178126],[129.078971,35.178059],[129.07903,35.178032]]]},"properties":{}},{"type":"Feature","geometry":{"type":"Polygon","coordinates":[[[129.078523,35.177936],[129.078555,35.177879],[129.078624,35.177906],[129.078591,35.177962],[129.078523,35.177936]]]},"properties":{}},{"type":"Feature","geometry":{"type":"Polygon","coordinates":[[[129.078436,35.177601],[129.078472,35.177633],[129.078465,35.177758],[129.078436,35.177757],[129.078439,35.177718],[129.078343,35.177714],[129.078331,35.177932],[129.078188,35.177927],[129.078193,35.177841],[129.078303,35.17776],[129.078266,35.177727],[129.078436,35.177601]]]},"properties":{}},{"type":"Feature","geometry":{"type":"Polygon","coordinates":[[[129.077885,35.177765],[129.078164,35.177406],[129.078256,35.177454],[129.077977,35.177813],[129.077885,35.177765]]]},"properties":{"name":"103","class":"apartments","subtype":"residential","num_floors":20}},{"type":"Feature","geometry":{"type":"Polygon","coordinates":[[[129.077668,35.178299],[129.077578,35.178251],[129.077779,35.177997],[129.077807,35.178012],[129.077922,35.177995],[129.078067,35.178072],[129.078015,35.178138],[129.077941,35.178099],[129.077812,35.178117],[129.077668,35.178299]]]},"properties":{"name":"101","class":"apartments","subtype":"residential","num_floors":20}},{"type":"Feature","geometry":{"type":"Polygon","coordinates":[[[129.077412,35.177723],[129.077469,35.177643],[129.077704,35.177755],[129.07769,35.177774],[129.077709,35.177783],[129.077729,35.177779],[129.077715,35.177738],[129.077808,35.177718],[129.077836,35.177802],[129.077759,35.177906],[129.07765,35.177923],[129.077633,35.17785],[129.077682,35.177842],[129.077678,35.177826],[129.077656,35.177816],[129.077643,35.177834],[129.077412,35.177723]]]},"properties":{"name":"102","class":"apartments","subtype":"residential","num_floors":20}},{"type":"Feature","geometry":{"type":"Polygon","coordinates":[[[129.077569,35.177245],[129.077359,35.177485],[129.077206,35.177396],[129.077416,35.177156],[129.077569,35.177245]]]},"properties":{"name":"동남지방통계청","num_floors":4}},{"type":"Feature","geometry":{"type":"Polygon","coordinates":[[[129.078543,35.17671],[129.077962,35.177088],[129.077791,35.176895],[129.078366,35.176519],[129.078543,35.17671]]]},"properties":{"name":"부산지방국세청","num_floors":10}},{"type":"Feature","geometry":{"type":"Polygon","coordinates":[[[129.078181,35.176029],[129.078241,35.176067],[129.078171,35.176141],[129.078111,35.176103],[129.078181,35.176029]]]},"properties":{}},{"type":"Feature","geometry":{"type":"Polygon","coordinates":[[[129.077147,35.176403],[129.077606,35.176141],[129.077687,35.176235],[129.077224,35.1765],[129.07726,35.176542],[129.076969,35.176709],[129.076889,35.176615],[129.077184,35.176447],[129.077147,35.176403]]]},"properties":{"name":"104","class":"apartments","subtype":"residential","num_floors":15}},{"type":"Feature","geometry":{"type":"Polygon","coordinates":[[[129.077783,35.176375],[129.07766,35.176443],[129.07763,35.176406],[129.077563,35.176443],[129.0776,35.176488],[129.077343,35.17663],[129.077268,35.176538],[129.077715,35.176293],[129.077783,35.176375]]]},"properties":{}},{"type":"Feature","geometry":{"type":"Polygon","coordinates":[[[129.077759,35.175532],[129.077782,35.175559],[129.07775,35.175578],[129.077726,35.175551],[129.077759,35.175532]]]},"properties":{}},{"type":"Feature","geometry":{"type":"Polygon","coordinates":[[[129.077696,35.175828],[129.077713,35.175756],[129.078008,35.175802],[129.07802,35.175751],[129.078299,35.175794],[129.078271,35.175916],[129.078078,35.175886],[129.07805,35.176005],[129.077875,35.175978],[129.077886,35.175929],[129.077708,35.175902],[129.077724,35.175832],[129.077696,35.175828]]]},"properties":{"class":"apartments","subtype":"residential","num_floors":20}},{"type":"Feature","geometry":{"type":"Polygon","coordinates":[[[129.078963,35.175472],[129.078747,35.175443],[129.078771,35.17532],[129.078987,35.175349],[129.078963,35.175472]]]},"properties":{}},{"type":"Feature","geometry":{"type":"Polygon","coordinates":[[[129.080459,35.176267],[129.080451,35.176224],[129.08057,35.176207],[129.080579,35.176251],[129.080459,35.176267]]]},"properties":{}},{"type":"Feature","geometry":{"type":"Polygon","coordinates":[[[129.080607,35.176377],[129.080513,35.176388],[129.080499,35.176312],[129.080592,35.1763],[129.080607,35.176377]]]},"properties":{}},{"type":"Feature","geometry":{"type":"Polygon","coordinates":[[[129.08016,35.176307],[129.079332,35.176406],[129.07928,35.17611],[129.080107,35.176011],[129.08016,35.176307]]]},"properties":{"name":"연제구청","class":"government","subtype":"civic","num_floors":5}},{"type":"Feature","geometry":{"type":"Polygon","coordinates":[[[129.079864,35.176745],[129.079978,35.176735],[129.080006,35.176956],[129.07998,35.176958],[129.079982,35.176976],[129.079998,35.176986],[129.08003,35.176954],[129.080105,35.177002],[129.080039,35.17707],[129.079891,35.177082],[129.07981,35.17702],[129.079871,35.176966],[129.079908,35.176993],[129.079921,35.176981],[129.079919,35.176961],[129.079892,35.176963],[129.079864,35.176745]]]},"properties":{"name":"202","class":"apartments","subtype":"residential","num_floors":20}},{"type":"Feature","geometry":{"type":"Polygon","coordinates":[[[129.080164,35.177079],[129.080116,35.177076],[129.080119,35.177045],[129.080166,35.177048],[129.080164,35.177079]]]},"properties":{}},{"type":"Feature","geometry":{"type":"Polygon","coordinates":[[[129.079908,35.177974],[129.079989,35.178088],[129.079954,35.178105],[129.079873,35.17799],[129.079908,35.177974]]]},"properties":{}},{"type":"Feature","geometry":{"type":"Polygon","coordinates":[[[129.080334,35.178109],[129.080299,35.178145],[129.080269,35.178126],[129.080305,35.178089],[129.080334,35.178109]]]},"properties":{}},{"type":"Feature","geometry":{"type":"Polygon","coordinates":[[[129.080602,35.177669],[129.080558,35.177429],[129.080625,35.177421],[129.080669,35.17766],[129.080602,35.177669]]]},"properties":{}},{"type":"Feature","geometry":{"type":"Polygon","coordinates":[[[129.08057,35.17765],[129.080519,35.177664],[129.080494,35.177601],[129.080545,35.177587],[129.08057,35.17765]]]},"properties":{}},{"type":"Feature","geometry":{"type":"Polygon","coordinates":[[[129.080599,35.17779],[129.080542,35.177792],[129.080538,35.177714],[129.080595,35.177712],[129.080599,35.17779]]]},"properties":{}},{"type":"Feature","geometry":{"type":"Polygon","coordinates":[[[129.080485,35.177745],[129.080489,35.1778],[129.080448,35.177802],[129.080444,35.177747],[129.080485,35.177745]]]},"properties":{}},{"type":"Feature","geometry":{"type":"Polygon","coordinates":[[[129.080319,35.177775],[129.080356,35.177743],[129.080395,35.177773],[129.080358,35.177805],[129.080319,35.177775]]]},"properties":{}},{"type":"Feature","geometry":{"type":"Polygon","coordinates":[[[129.080441,35.177851],[129.080493,35.177842],[129.080509,35.177907],[129.080457,35.177916],[129.080441,35.177851]]]},"properties":{}},{"type":"Feature","geometry":{"type":"Polygon","coordinates":[[[129.08047,35.178192],[129.080437,35.178144],[129.08052,35.178107],[129.080552,35.178155],[129.08047,35.178192]]]},"properties":{}},{"type":"Feature","geometry":{"type":"Polygon","coordinates":[[[129.080608,35.177831],[129.080624,35.177907],[129.080557,35.177916],[129.080541,35.17784],[129.080608,35.177831]]]},"properties":{}},{"type":"Feature","geometry":{"type":"Polygon","coordinates":[[[129.080724,35.177814],[129.080728,35.177892],[129.080652,35.177895],[129.080647,35.177817],[129.080724,35.177814]]]},"properties":{}},{"type":"Feature","geometry":{"type":"Polygon","coordinates":[[[129.080577,35.177965],[129.080711,35.177953],[129.080719,35.178019],[129.080586,35.178031],[129.080577,35.177965]]]},"properties":{}},{"type":"Feature","geometry":{"type":"Polygon","coordinates":[[[129.080635,35.178106],[129.080625,35.178063],[129.080705,35.178052],[129.080714,35.178095],[129.080635,35.178106]]]},"properties":{}},{"type":"Feature","geometry":{"type":"Polygon","coordinates":[[[129.080707,35.178129],[129.080718,35.178183],[129.080626,35.178197],[129.080614,35.178142],[129.080707,35.178129]]]},"properties":{}},{"type":"Feature","geometry":{"type":"Polygon","coordinates":[[[129.080773,35.178081],[129.080907,35.178072],[129.080914,35.178138],[129.080779,35.178147],[129.080773,35.178081]]]},"properties":{}},{"type":"Feature","geometry":{"type":"Polygon","coordinates":[[[129.080847,35.177761],[129.080768,35.177773],[129.080745,35.177676],[129.080838,35.177661],[129.080883,35.177856],[129.080791,35.17787],[129.08077,35.177784],[129.08085,35.177771],[129.080847,35.177761]]]},"properties":{}},{"type":"Feature","geometry":{"type":"Polygon","coordinates":[[[129.080625,35.177694],[129.080706,35.177688],[129.080715,35.177776],[129.080634,35.177782],[129.080625,35.177694]]]},"properties":{}},{"type":"Feature","geometry":{"type":"Polygon","coordinates":[[[129.080703,35.177647],[129.0807,35.177548],[129.080821,35.177545],[129.080825,35.177644],[129.080703,35.177647]]]},"properties":{}},{"type":"Feature","geometry":{"type":"Polygon","coordinates":[[[129.080788,35.177521],[129.080692,35.177522],[129.08069,35.177429],[129.080786,35.177427],[129.080788,35.177521]]]},"properties":{}},{"type":"Feature","geometry":{"type":"Polygon","coordinates":[[[129.080976,35.177621],[129.080919,35.177623],[129.080915,35.177545],[129.080972,35.177543],[129.080976,35.177621]]]},"properties":{}},{"type":"Feature","geometry":{"type":"Polygon","coordinates":[[[129.080943,35.177149],[129.080944,35.177211],[129.080867,35.177212],[129.080866,35.177149],[129.080943,35.177149]]]},"properties":{}},{"type":"Feature","geometry":{"type":"Polygon","coordinates":[[[129.08072,35.177173],[129.080796,35.177176],[129.080794,35.177215],[129.080718,35.177212],[129.08072,35.177173]]]},"properties":{}},{"type":"Feature","geometry":{"type":"Polygon","coordinates":[[[129.080581,35.177313],[129.080582,35.177251],[129.080658,35.177251],[129.080658,35.177314],[129.080581,35.177313]]]},"properties":{}},{"type":"Feature","geometry":{"type":"Polygon","coordinates":[[[129.080242,35.176997],[129.080609,35.176967],[129.08062,35.177054],[129.080357,35.177076],[129.080278,35.177162],[129.080287,35.177233],[129.080192,35.177241],[129.080174,35.1771],[129.080245,35.177025],[129.080242,35.176997]]]},"properties":{"name":"203","class":"apartments","subtype":"residential","num_floors":20}},{"type":"Feature","geometry":{"type":"Polygon","coordinates":[[[129.080558,35.177209],[129.080549,35.177255],[129.080512,35.17725],[129.080521,35.177204],[129.080558,35.177209]]]},"properties":{}},{"type":"Feature","geometry":{"type":"Polygon","coordinates":[[[129.080879,35.176992],[129.080882,35.176914],[129.080986,35.176916],[129.080984,35.176994],[129.080879,35.176992]]]},"properties":{}},{"type":"Feature","geometry":{"type":"Polygon","coordinates":[[[129.08111,35.176889],[129.081148,35.176972],[129.081072,35.176995],[129.081034,35.176913],[129.08111,35.176889]]]},"properties":{}},{"type":"Feature","geometry":{"type":"Polygon","coordinates":[[[129.081063,35.17709],[129.08105,35.177024],[129.081157,35.177011],[129.081169,35.177076],[129.081063,35.17709]]]},"properties":{}},{"type":"Feature","geometry":{"type":"Polygon","coordinates":[[[129.081224,35.176877],[129.0813,35.176875],[129.081301,35.176906],[129.081225,35.176908],[129.081224,35.176877]]]},"properties":{}},{"type":"Feature","geometry":{"type":"Polygon","coordinates":[[[129.081336,35.176912],[129.081333,35.17685],[129.081447,35.176845],[129.08145,35.176908],[129.081336,35.176912]]]},"properties":{}},{"type":"Feature","geometry":{"type":"Polygon","coordinates":[[[129.081614,35.17688],[129.081509,35.176884],[129.081505,35.176822],[129.08161,35.176818],[129.081614,35.17688]]]},"properties":{}},{"type":"Feature","geometry":{"type":"Polygon","coordinates":[[[129.081484,35.177056],[129.081394,35.177079],[129.081382,35.177047],[129.081472,35.177025],[129.081484,35.177056]]]},"properties":{}},{"type":"Feature","geometry":{"type":"Polygon","coordinates":[[[129.081357,35.176941],[129.081451,35.176935],[129.081459,35.177012],[129.081365,35.177018],[129.081357,35.176941]]]},"properties":{}},{"type":"Feature","geometry":{"type":"Polygon","coordinates":[[[129.081318,35.177032],[129.081223,35.177035],[129.081217,35.176942],[129.081312,35.176938],[129.081318,35.177032]]]},"properties":{}},{"type":"Feature","geometry":{"type":"Polygon","coordinates":[[[129.081245,35.177104],[129.081339,35.177099],[129.081345,35.177176],[129.081251,35.177181],[129.081245,35.177104]]]},"properties":{}},{"type":"Feature","geometry":{"type":"Polygon","coordinates":[[[129.08127,35.177222],[129.081364,35.177217],[129.081371,35.177294],[129.081277,35.177299],[129.08127,35.177222]]]},"properties":{}},{"type":"Feature","geometry":{"type":"Polygon","coordinates":[[[129.081394,35.177099],[129.081489,35.177097],[129.081492,35.177175],[129.081396,35.177177],[129.081394,35.177099]]]},"properties":{}},{"type":"Feature","geometry":{"type":"Polygon","coordinates":[[[129.081398,35.177215],[129.081512,35.177211],[129.081516,35.177289],[129.081402,35.177293],[129.081398,35.177215]]]},"properties":{}},{"type":"Feature","geometry":{"type":"Polygon","coordinates":[[[129.081427,35.177416],[129.081427,35.17735],[129.081481,35.177349],[129.081481,35.177416],[129.081427,35.177416]]]},"properties":{}},{"type":"Feature","geometry":{"type":"Polygon","coordinates":[[[129.081395,35.177365],[129.081398,35.177442],[129.081304,35.177445],[129.0813,35.177368],[129.081395,35.177365]]]},"properties":{}},{"type":"Feature","geometry":{"type":"Polygon","coordinates":[[[129.081276,35.177444],[129.081196,35.17745],[129.081189,35.177384],[129.081269,35.177378],[129.081276,35.177444]]]},"properties":{}},{"type":"Feature","geometry":{"type":"Polygon","coordinates":[[[129.081166,35.177472],[129.081072,35.17748],[129.081062,35.177403],[129.081156,35.177395],[129.081166,35.177472]]]},"properties":{}},{"type":"Feature","geometry":{"type":"Polygon","coordinates":[[[129.081225,35.177315],[129.081131,35.177325],[129.081119,35.177249],[129.081212,35.177238],[129.081225,35.177315]]]},"properties":{}},{"type":"Feature","geometry":{"type":"Polygon","coordinates":[[[129.081179,35.177096],[129.0812,35.177215],[129.081107,35.177227],[129.081086,35.177107],[129.081179,35.177096]]]},"properties":{}},{"type":"Feature","geometry":{"type":"Polygon","coordinates":[[[129.081062,35.177131],[129.08106,35.177209],[129.080984,35.177208],[129.080986,35.17713],[129.081062,35.177131]]]},"properties":{}},{"type":"Feature","geometry":{"type":"Polygon","coordinates":[[[129.081085,35.177326],[129.080895,35.177333],[129.080891,35.177255],[129.081081,35.177249],[129.081085,35.177326]]]},"properties":{}},{"type":"Feature","geometry":{"type":"Polygon","coordinates":[[[129.081038,35.177471],[129.080907,35.177495],[129.08089,35.17743],[129.081021,35.177407],[129.081038,35.177471]]]},"properties":{}},{"type":"Feature","geometry":{"type":"Polygon","coordinates":[[[129.081044,35.177545],[129.081046,35.177591],[129.081008,35.177593],[129.081006,35.177546],[129.081044,35.177545]]]},"properties":{}},{"type":"Feature","geometry":{"type":"Polygon","coordinates":[[[129.081065,35.177541],[129.081172,35.177528],[129.081183,35.177594],[129.081076,35.177606],[129.081065,35.177541]]]},"properties":{}},{"type":"Feature","geometry":{"type":"Polygon","coordinates":[[[129.081198,35.177698],[129.081132,35.177707],[129.081117,35.177631],[129.081183,35.177622],[129.081198,35.177698]]]},"properties":{}},{"type":"Feature","geometry":{"type":"Polygon","coordinates":[[[129.081161,35.177835],[129.081145,35.177748],[129.081225,35.177739],[129.081241,35.177826],[129.081161,35.177835]]]},"properties":{}},{"type":"Feature","geometry":{"type":"Polygon","coordinates":[[[129.081083,35.177662],[129.081093,35.177739],[129.080946,35.177752],[129.080935,35.177676],[129.081083,35.177662]]]},"properties":{}},{"type":"Feature","geometry":{"type":"Polygon","coordinates":[[[129.081131,35.17785],[129.08097,35.177866],[129.080957,35.177779],[129.081118,35.177763],[129.081131,35.17785]]]},"properties":{}},{"type":"Feature","geometry":{"type":"Polygon","coordinates":[[[129.081126,35.177944],[129.081126,35.178021],[129.081012,35.178021],[129.081012,35.177943],[129.081126,35.177944]]]},"properties":{}},{"type":"Feature","geometry":{"type":"Polygon","coordinates":[[[129.081034,35.17815],[129.081031,35.178083],[129.081112,35.178082],[129.081114,35.178148],[129.081034,35.17815]]]},"properties":{}},{"type":"Feature","geometry":{"type":"Polygon","coordinates":[[[129.081274,35.178056],[129.081193,35.178064],[129.081169,35.177912],[129.081249,35.177903],[129.081274,35.178056]]]},"properties":{}},{"type":"Feature","geometry":{"type":"Polygon","coordinates":[[[129.081603,35.178057],[129.081527,35.17806],[129.081524,35.177997],[129.0816,35.177994],[129.081603,35.178057]]]},"properties":{}},{"type":"Feature","geometry":{"type":"Polygon","coordinates":[[[129.081562,35.17786],[129.081581,35.177947],[129.081501,35.177958],[129.081482,35.177871],[129.081562,35.17786]]]},"properties":{}},{"type":"Feature","geometry":{"type":"Polygon","coordinates":[[[129.081367,35.178059],[129.081324,35.177886],[129.081457,35.177864],[129.081499,35.178037],[129.081367,35.178059]]]},"properties":{}},{"type":"Feature","geometry":{"type":"Polygon","coordinates":[[[129.081547,35.177801],[129.08148,35.177807],[129.081466,35.177709],[129.081532,35.177702],[129.081547,35.177801]]]},"properties":{}},{"type":"Feature","geometry":{"type":"Polygon","coordinates":[[[129.081434,35.177804],[129.081367,35.177811],[129.081352,35.177713],[129.081418,35.177706],[129.081434,35.177804]]]},"properties":{}},{"type":"Feature","geometry":{"type":"Polygon","coordinates":[[[129.081333,35.177709],[129.081354,35.177806],[129.081288,35.177816],[129.081267,35.177718],[129.081333,35.177709]]]},"properties":{}},{"type":"Feature","geometry":{"type":"Polygon","coordinates":[[[129.081238,35.177613],[129.081398,35.177598],[129.081408,35.177663],[129.081247,35.177679],[129.081238,35.177613]]]},"properties":{}},{"type":"Feature","geometry":{"type":"Polygon","coordinates":[[[129.081318,35.177529],[129.081319,35.17749],[129.081405,35.177492],[129.081402,35.177569],[129.081212,35.177565],[129.081213,35.177526],[129.081318,35.177529]]]},"properties":{}},{"type":"Feature","geometry":{"type":"Polygon","coordinates":[[[129.081436,35.177455],[129.081503,35.177448],[129.081515,35.177536],[129.081448,35.177543],[129.081436,35.177455]]]},"properties":{}},{"type":"Feature","geometry":{"type":"Polygon","coordinates":[[[129.081447,35.177641],[129.081461,35.177595],[129.081498,35.177602],[129.081485,35.177648],[129.081447,35.177641]]]},"properties":{}},{"type":"Feature","geometry":{"type":"Polygon","coordinates":[[[129.081556,35.177442],[129.08165,35.177431],[129.081667,35.177529],[129.081574,35.17754],[129.081556,35.177442]]]},"properties":{}},{"type":"Feature","geometry":{"type":"Polygon","coordinates":[[[129.081557,35.177638],[129.08155,35.177583],[129.081724,35.177567],[129.081731,35.177622],[129.081557,35.177638]]]},"properties":{}},{"type":"Feature","geometry":{"type":"Polygon","coordinates":[[[129.081767,35.177616],[129.081764,35.177553],[129.081859,35.17755],[129.081862,35.177612],[129.081767,35.177616]]]},"properties":{}},{"type":"Feature","geometry":{"type":"Polygon","coordinates":[[[129.081877,35.177651],[129.081889,35.177761],[129.081808,35.177766],[129.081797,35.177657],[129.081877,35.177651]]]},"properties":{}},{"type":"Feature","geometry":{"type":"Polygon","coordinates":[[[129.081582,35.177677],[129.081743,35.177667],[129.081753,35.177777],[129.081592,35.177787],[129.081582,35.177677]]]},"properties":{}},{"type":"Feature","geometry":{"type":"Polygon","coordinates":[[[129.081621,35.177957],[129.081613,35.177858],[129.081707,35.177853],[129.081715,35.177952],[129.081621,35.177957]]]},"properties":{}},{"type":"Feature","geometry":{"type":"Polygon","coordinates":[[[129.081683,35.178095],[129.081699,35.178227],[129.081618,35.178233],[129.081603,35.178101],[129.081683,35.178095]]]},"properties":{}},{"type":"Feature","geometry":{"type":"Polygon","coordinates":[[[129.08177,35.178184],[129.081765,35.178098],[129.081861,35.178095],[129.081865,35.17818],[129.08177,35.178184]]]},"properties":{}},{"type":"Feature","geometry":{"type":"Polygon","coordinates":[[[129.081837,35.177995],[129.081848,35.178072],[129.081755,35.178081],[129.081743,35.178005],[129.081837,35.177995]]]},"properties":{}},{"type":"Feature","geometry":{"type":"Polygon","coordinates":[[[129.08183,35.177893],[129.081795,35.177982],[129.081722,35.177962],[129.081758,35.177874],[129.08183,35.177893]]]},"properties":{}},{"type":"Feature","geometry":{"type":"Polygon","coordinates":[[[129.081946,35.178026],[129.081866,35.178032],[129.081843,35.177835],[129.081923,35.177829],[129.081946,35.178026]]]},"properties":{}},{"type":"Feature","geometry":{"type":"Polygon","coordinates":[[[129.081901,35.178153],[129.081895,35.178076],[129.081963,35.178073],[129.081969,35.17815],[129.081901,35.178153]]]},"properties":{}},{"type":"Feature","geometry":{"type":"Polygon","coordinates":[[[129.082084,35.178134],[129.082017,35.178138],[129.082014,35.178105],[129.082081,35.178101],[129.082084,35.178134]]]},"properties":{}},{"type":"Feature","geometry":{"type":"Polygon","coordinates":[[[129.081999,35.1779],[129.081982,35.177813],[129.082062,35.177803],[129.082079,35.17789],[129.081999,35.1779]]]},"properties":{}},{"type":"Feature","geometry":{"type":"Polygon","coordinates":[[[129.08193,35.177668],[129.082011,35.177664],[129.082017,35.177752],[129.081936,35.177756],[129.08193,35.177668]]]},"properties":{}},{"type":"Feature","geometry":{"type":"Polygon","coordinates":[[[129.082043,35.177449],[129.082045,35.177496],[129.081969,35.177498],[129.081967,35.177451],[129.082043,35.177449]]]},"properties":{}},{"type":"Feature","geometry":{"type":"Polygon","coordinates":[[[129.082139,35.177723],[129.082059,35.177732],[129.082024,35.177536],[129.082104,35.177526],[129.082139,35.177723]]]},"properties":{}},{"type":"Feature","geometry":{"type":"Polygon","coordinates":[[[129.082169,35.177404],[129.082176,35.17747],[129.082095,35.177475],[129.082088,35.17741],[129.082169,35.177404]]]},"properties":{}},{"type":"Feature","geometry":{"type":"Polygon","coordinates":[[[129.082069,35.177364],[129.08206,35.177277],[129.08214,35.177271],[129.08215,35.177358],[129.082069,35.177364]]]},"properties":{}},{"type":"Feature","geometry":{"type":"Polygon","coordinates":[[[129.082095,35.177203],[129.082092,35.177104],[129.082186,35.177102],[129.082189,35.177201],[129.082095,35.177203]]]},"properties":{}},{"type":"Feature","geometry":{"type":"Polygon","coordinates":[[[129.081986,35.177207],[129.081979,35.177098],[129.082056,35.177095],[129.082062,35.177204],[129.081986,35.177207]]]},"properties":{}},{"type":"Feature","geometry":{"type":"Polygon","coordinates":[[[129.081856,35.177214],[129.081833,35.177039],[129.081927,35.177031],[129.08195,35.177206],[129.081856,35.177214]]]},"properties":{}},{"type":"Feature","geometry":{"type":"Polygon","coordinates":[[[129.081843,35.177371],[129.08184,35.177305],[129.08192,35.177302],[129.081924,35.177368],[129.081843,35.177371]]]},"properties":{}},{"type":"Feature","geometry":{"type":"Polygon","coordinates":[[[129.081781,35.1773],[129.081795,35.177376],[129.081675,35.177391],[129.081661,35.177315],[129.081781,35.1773]]]},"properties":{}},{"type":"Feature","geometry":{"type":"Polygon","coordinates":[[[129.081638,35.177335],[129.081639,35.177412],[129.081545,35.177413],[129.081544,35.177336],[129.081638,35.177335]]]},"properties":{}},{"type":"Feature","geometry":{"type":"Polygon","coordinates":[[[129.081687,35.17725],[129.081555,35.177274],[129.081537,35.17721],[129.081669,35.177185],[129.081687,35.17725]]]},"properties":{}},{"type":"Feature","geometry":{"type":"Polygon","coordinates":[[[129.081674,35.177039],[129.081713,35.177031],[129.081772,35.177212],[129.081733,35.17722],[129.081674,35.177039]]]},"properties":{}},{"type":"Feature","geometry":{"type":"Polygon","coordinates":[[[129.08172,35.176933],[129.081511,35.176974],[129.081502,35.176942],[129.081711,35.1769],[129.08172,35.176933]]]},"properties":{}},{"type":"Feature","geometry":{"type":"Polygon","coordinates":[[[129.081722,35.176794],[129.081723,35.17684],[129.081647,35.176842],[129.081646,35.176795],[129.081722,35.176794]]]},"properties":{}},{"type":"Feature","geometry":{"type":"Polygon","coordinates":[[[129.081959,35.176866],[129.081945,35.176778],[129.082025,35.17677],[129.082039,35.176857],[129.081959,35.176866]]]},"properties":{}},{"type":"Feature","geometry":{"type":"Polygon","coordinates":[[[129.081928,35.176914],[129.081936,35.176991],[129.081842,35.176997],[129.081834,35.176921],[129.081928,35.176914]]]},"properties":{}},{"type":"Feature","geometry":{"type":"Polygon","coordinates":[[[129.08215,35.176952],[129.082016,35.176959],[129.082012,35.176915],[129.082147,35.176909],[129.08215,35.176952]]]},"properties":{}},{"type":"Feature","geometry":{"type":"Polygon","coordinates":[[[129.082079,35.176668],[129.082069,35.176602],[129.082176,35.176592],[129.082186,35.176657],[129.082079,35.176668]]]},"properties":{}},{"type":"Feature","geometry":{"type":"Polygon","coordinates":[[[129.081609,35.176606],[129.08092,35.176691],[129.080901,35.17658],[129.080873,35.17658],[129.080738,35.175718],[129.080736,35.175679],[129.080754,35.175661],[129.080777,35.175635],[129.080816,35.175616],[129.080862,35.175606],[129.080881,35.175605],[129.080885,35.175629],[129.081768,35.175531],[129.081807,35.175784],[129.08177,35.17579],[129.081871,35.176468],[129.081869,35.17648],[129.081853,35.176502],[129.081832,35.176513],[129.081651,35.176538],[129.081648,35.176558],[129.08163,35.176586],[129.081609,35.176606]]]},"properties":{"class":"retail","subtype":"commercial","num_floors":2}},{"type":"Feature","geometry":{"type":"Polygon","coordinates":[[[129.08205,35.176038],[129.08197,35.175991],[129.082103,35.175841],[129.082184,35.175888],[129.08205,35.176038]]]},"properties":{"class":"apartments","subtype":"residential","num_floors":17}},{"type":"Feature","geometry":{"type":"Polygon","coordinates":[[[129.082405,35.175449],[129.082422,35.175551],[129.082253,35.175569],[129.082281,35.175743],[129.082072,35.175765],[129.082044,35.175595],[129.081943,35.175606],[129.081926,35.175493],[129.082405,35.175449]]]},"properties":{"class":"apartments","subtype":"residential","num_floors":20}},{"type":"Feature","geometry":{"type":"Polygon","coordinates":[[[129.082283,35.175813],[129.08248,35.175929],[129.082418,35.176],[129.082221,35.175884],[129.082283,35.175813]]]},"properties":{"class":"apartments","subtype":"residential","num_floors":16}},{"type":"Feature","geometry":{"type":"Polygon","coordinates":[[[129.082647,35.175291],[129.082685,35.175292],[129.082681,35.175386],[129.082643,35.175384],[129.082647,35.175291]]]},"properties":{}},{"type":"Feature","geometry":{"type":"Polygon","coordinates":[[[129.083385,35.175367],[129.08344,35.175378],[129.083434,35.175401],[129.083378,35.17539],[129.083385,35.175367]]]},"properties":{}},{"type":"Feature","geometry":{"type":"Polygon","coordinates":[[[129.08333,35.17575],[129.083425,35.175759],[129.083417,35.175821],[129.083323,35.175812],[129.08333,35.17575]]]},"properties":{}},{"type":"Feature","geometry":{"type":"Polygon","coordinates":[[[129.083294,35.175871],[129.083302,35.175926],[129.083328,35.175923],[129.083321,35.175869],[129.083374,35.175863],[129.083387,35.175951],[129.083253,35.175964],[129.08324,35.175876],[129.083294,35.175871]]]},"properties":{}},{"type":"Feature","geometry":{"type":"Polygon","coordinates":[[[129.083056,35.176009],[129.083061,35.175962],[129.083146,35.175967],[129.083142,35.176014],[129.083056,35.176009]]]},"properties":{}},{"type":"Feature","geometry":{"type":"Polygon","coordinates":[[[129.082949,35.17598],[129.083016,35.175975],[129.083022,35.17603],[129.082955,35.176035],[129.082949,35.17598]]]},"properties":{}},{"type":"Feature","geometry":{"type":"Polygon","coordinates":[[[129.083066,35.175908],[129.083046,35.175833],[129.083112,35.175821],[129.083132,35.175896],[129.083066,35.175908]]]},"properties":{}},{"type":"Feature","geometry":{"type":"Polygon","coordinates":[[[129.083044,35.176298],[129.082963,35.176298],[129.082963,35.176254],[129.083044,35.176254],[129.083044,35.176298]]]},"properties":{}},{"type":"Feature","geometry":{"type":"Polygon","coordinates":[[[129.083066,35.17639],[129.08299,35.176392],[129.082988,35.17633],[129.083064,35.176328],[129.083066,35.17639]]]},"properties":{}},{"type":"Feature","geometry":{"type":"Polygon","coordinates":[[[129.083025,35.176202],[129.082959,35.176209],[129.082953,35.176177],[129.08302,35.17617],[129.083025,35.176202]]]},"properties":{}},{"type":"Feature","geometry":{"type":"Polygon","coordinates":[[[129.082933,35.176085],[129.083027,35.176081],[129.083031,35.176136],[129.082936,35.17614],[129.082933,35.176085]]]},"properties":{}},{"type":"Feature","geometry":{"type":"Polygon","coordinates":[[[129.08308,35.176107],[129.083072,35.176052],[129.083166,35.176043],[129.083174,35.176098],[129.08308,35.176107]]]},"properties":{}},{"type":"Feature","geometry":{"type":"Polygon","coordinates":[[[129.083277,35.17604],[129.083356,35.176029],[129.083365,35.176073],[129.083285,35.176083],[129.083277,35.17604]]]},"properties":{}},{"type":"Feature","geometry":{"type":"Polygon","coordinates":[[[129.083427,35.176027],[129.083438,35.17607],[129.083411,35.176074],[129.083401,35.176031],[129.083427,35.176027]]]},"properties":{}},{"type":"Feature","geometry":{"type":"Polygon","coordinates":[[[129.083395,35.176236],[129.083407,35.176302],[129.083327,35.176311],[129.083315,35.176245],[129.083395,35.176236]]]},"properties":{}},{"type":"Feature","geometry":{"type":"Polygon","coordinates":[[[129.08321,35.176286],[129.083114,35.176289],[129.083111,35.176227],[129.083206,35.176223],[129.08321,35.176286]]]},"properties":{}},{"type":"Feature","geometry":{"type":"Polygon","coordinates":[[[129.083138,35.176384],[129.083124,35.176319],[129.083204,35.176308],[129.083218,35.176373],[129.083138,35.176384]]]},"properties":{}},{"type":"Feature","geometry":{"type":"Polygon","coordinates":[[[129.08315,35.176405],[129.08323,35.176395],[129.083242,35.176461],[129.083162,35.176471],[129.08315,35.176405]]]},"properties":{}},{"type":"Feature","geometry":{"type":"Polygon","coordinates":[[[129.083384,35.176466],[129.083363,35.176346],[129.083457,35.176335],[129.083478,35.176455],[129.083384,35.176466]]]},"properties":{}},{"type":"Feature","geometry":{"type":"Polygon","coordinates":[[[129.083275,35.176713],[129.083264,35.176626],[129.083344,35.176618],[129.083356,35.176706],[129.083275,35.176713]]]},"properties":{}},{"type":"Feature","geometry":{"type":"Polygon","coordinates":[[[129.083234,35.176719],[129.08314,35.176726],[129.083133,35.176649],[129.083227,35.176642],[129.083234,35.176719]]]},"properties":{}},{"type":"Feature","geometry":{"type":"Polygon","coordinates":[[[129.082995,35.176715],[129.082997,35.176637],[129.083112,35.176639],[129.083109,35.176717],[129.082995,35.176715]]]},"properties":{}},{"type":"Feature","geometry":{"type":"Polygon","coordinates":[[[129.083119,35.176502],[129.083125,35.176568],[129.083072,35.176572],[129.083065,35.176506],[129.083119,35.176502]]]},"properties":{}},{"type":"Feature","geometry":{"type":"Polygon","coordinates":[[[129.083086,35.17642],[129.083085,35.176466],[129.083047,35.176466],[129.083048,35.176419],[129.083086,35.17642]]]},"properties":{}},{"type":"Feature","geometry":{"type":"Polygon","coordinates":[[[129.083017,35.176511],[129.083021,35.176574],[129.082944,35.176577],[129.082941,35.176514],[129.083017,35.176511]]]},"properties":{}},{"type":"Feature","geometry":{"type":"Polygon","coordinates":[[[129.082886,35.176442],[129.082978,35.176427],[129.082992,35.176481],[129.082899,35.176496],[129.082886,35.176442]]]},"properties":{}},{"type":"Feature","geometry":{"type":"Polygon","coordinates":[[[129.082945,35.176643],[129.082948,35.17672],[129.082853,35.176722],[129.08285,35.176645],[129.082945,35.176643]]]},"properties":{}},{"type":"Feature","geometry":{"type":"Polygon","coordinates":[[[129.082682,35.176628],[129.082588,35.176634],[129.08258,35.176558],[129.082674,35.176552],[129.082682,35.176628]]]},"properties":{}},{"type":"Feature","geometry":{"type":"Polygon","coordinates":[[[129.082661,35.176455],[129.082665,35.176517],[129.082569,35.176521],[129.082566,35.176458],[129.082661,35.176455]]]},"properties":{}},{"type":"Feature","geometry":{"type":"Polygon","coordinates":[[[129.082549,35.176366],[129.082644,35.176362],[129.082648,35.176425],[129.082553,35.176428],[129.082549,35.176366]]]},"properties":{}},{"type":"Feature","geometry":{"type":"Polygon","coordinates":[[[129.08284,35.1766],[129.082746,35.17661],[129.082725,35.176468],[129.082819,35.176458],[129.08284,35.1766]]]},"properties":{}},{"type":"Feature","geometry":{"type":"Polygon","coordinates":[[[129.082237,35.176501],[129.082331,35.176493],[129.082337,35.176548],[129.082244,35.176555],[129.082237,35.176501]]]},"properties":{}},{"type":"Feature","geometry":{"type":"Polygon","coordinates":[[[129.082488,35.17644],[129.082367,35.176449],[129.082361,35.176395],[129.082482,35.176386],[129.082488,35.17644]]]},"properties":{}},{"type":"Feature","geometry":{"type":"Polygon","coordinates":[[[129.082504,35.176562],[129.082516,35.176639],[129.082423,35.176649],[129.082411,35.176572],[129.082504,35.176562]]]},"properties":{}},{"type":"Feature","geometry":{"type":"Polygon","coordinates":[[[129.082357,35.176577],[129.082361,35.176654],[129.082285,35.176657],[129.082281,35.176579],[129.082357,35.176577]]]},"properties":{}},{"type":"Feature","geometry":{"type":"Polygon","coordinates":[[[129.082225,35.176722],[129.082246,35.176831],[129.082193,35.176838],[129.082172,35.176729],[129.082225,35.176722]]]},"properties":{}},{"type":"Feature","geometry":{"type":"Polygon","coordinates":[[[129.082216,35.17689],[129.08235,35.176881],[129.082357,35.176946],[129.082223,35.176956],[129.082216,35.17689]]]},"properties":{}},{"type":"Feature","geometry":{"type":"Polygon","coordinates":[[[129.082369,35.176969],[129.082376,35.177093],[129.082281,35.177097],[129.082274,35.176973],[129.082369,35.176969]]]},"properties":{}},{"type":"Feature","geometry":{"type":"Polygon","coordinates":[[[129.082424,35.176751],[129.08249,35.176742],[129.082485,35.17672],[129.082446,35.176726],[129.082437,35.176682],[129.082516,35.176671],[129.082564,35.176899],[129.082458,35.176914],[129.082424,35.176751]]]},"properties":{}},{"type":"Feature","geometry":{"type":"Polygon","coordinates":[[[129.082626,35.176689],[129.082773,35.176671],[129.08281,35.176879],[129.082663,35.176896],[129.082626,35.176689]]]},"properties":{}},{"type":"Feature","geometry":{"type":"Polygon","coordinates":[[[129.082716,35.176974],[129.082592,35.176966],[129.082597,35.176919],[129.08272,35.176927],[129.082716,35.176974]]]},"properties":{}},{"type":"Feature","geometry":{"type":"Polygon","coordinates":[[[129.0826,35.177076],[129.082596,35.177011],[129.082731,35.177005],[129.082734,35.177071],[129.0826,35.177076]]]},"properties":{}},{"type":"Feature","geometry":{"type":"Polygon","coordinates":[[[129.082551,35.176996],[129.082475,35.176999],[129.082472,35.176937],[129.082548,35.176934],[129.082551,35.176996]]]},"properties":{}},{"type":"Feature","geometry":{"type":"Polygon","coordinates":[[[129.082474,35.177028],[129.082554,35.177018],[129.082581,35.177171],[129.082501,35.17718],[129.082474,35.177028]]]},"properties":{}},{"type":"Feature","geometry":{"type":"Polygon","coordinates":[[[129.08253,35.177306],[129.082529,35.177244],[129.082605,35.177243],[129.082606,35.177306],[129.08253,35.177306]]]},"properties":{}},{"type":"Feature","geometry":{"type":"Polygon","coordinates":[[[129.082752,35.17718],[129.082618,35.177184],[129.082615,35.177106],[129.082748,35.177102],[129.082752,35.17718]]]},"properties":{}},{"type":"Feature","geometry":{"type":"Polygon","coordinates":[[[129.082716,35.177245],[129.082781,35.177256],[129.082759,35.177348],[129.082694,35.177337],[129.082716,35.177245]]]},"properties":{}},{"type":"Feature","geometry":{"type":"Polygon","coordinates":[[[129.082768,35.177366],[129.08276,35.177428],[129.082646,35.177419],[129.082654,35.177357],[129.082768,35.177366]]]},"properties":{}},{"type":"Feature","geometry":{"type":"Polygon","coordinates":[[[129.082535,35.177413],[129.082534,35.177351],[129.08261,35.17735],[129.082611,35.177413],[129.082535,35.177413]]]},"properties":{}},{"type":"Feature","geometry":{"type":"Polygon","coordinates":[[[129.082358,35.177394],[129.082451,35.177388],[129.08246,35.177464],[129.082366,35.177471],[129.082358,35.177394]]]},"properties":{}},{"type":"Feature","geometry":{"type":"Polygon","coordinates":[[[129.082318,35.177254],[129.082439,35.177247],[129.082447,35.177346],[129.082326,35.177353],[129.082318,35.177254]]]},"properties":{}},{"type":"Feature","geometry":{"type":"Polygon","coordinates":[[[129.082385,35.177182],[129.08228,35.177181],[129.08228,35.177119],[129.082385,35.177119],[129.082385,35.177182]]]},"properties":{}},{"type":"Feature","geometry":{"type":"Polygon","coordinates":[[[129.082197,35.177262],[129.082291,35.177255],[129.082302,35.177354],[129.082208,35.177361],[129.082197,35.177262]]]},"properties":{}},{"type":"Feature","geometry":{"type":"Polygon","coordinates":[[[129.082223,35.177486],[129.082215,35.177398],[129.082323,35.177391],[129.082331,35.177479],[129.082223,35.177486]]]},"properties":{}},{"type":"Feature","geometry":{"type":"Polygon","coordinates":[[[129.082228,35.177516],[129.082233,35.17761],[129.082157,35.177612],[129.082152,35.177519],[129.082228,35.177516]]]},"properties":{}},{"type":"Feature","geometry":{"type":"Polygon","coordinates":[[[129.082245,35.177515],[129.082339,35.177506],[129.08235,35.177582],[129.082257,35.177592],[129.082245,35.177515]]]},"properties":{}},{"type":"Feature","geometry":{"type":"Polygon","coordinates":[[[129.08247,35.177491],[129.082473,35.177553],[129.082378,35.177557],[129.082374,35.177495],[129.08247,35.177491]]]},"properties":{}},{"type":"Feature","geometry":{"type":"Polygon","coordinates":[[[129.082408,35.177693],[129.082398,35.177605],[129.082478,35.177599],[129.082489,35.177687],[129.082408,35.177693]]]},"properties":{}},{"type":"Feature","geometry":{"type":"Polygon","coordinates":[[[129.082418,35.177822],[129.082418,35.177776],[129.082514,35.177776],[129.082513,35.177823],[129.082418,35.177822]]]},"properties":{}},{"type":"Feature","geometry":{"type":"Polygon","coordinates":[[[129.082279,35.177761],[129.082359,35.177757],[129.082365,35.177845],[129.082284,35.177849],[129.082279,35.177761]]]},"properties":{}},{"type":"Feature","geometry":{"type":"Polygon","coordinates":[[[129.082351,35.177616],[129.082353,35.177704],[129.082272,35.177706],[129.082271,35.177617],[129.082351,35.177616]]]},"properties":{}},{"type":"Feature","geometry":{"type":"Polygon","coordinates":[[[129.082174,35.177624],[129.082241,35.17762],[129.08225,35.177719],[129.082182,35.177723],[129.082174,35.177624]]]},"properties":{}},{"type":"Feature","geometry":{"type":"Polygon","coordinates":[[[129.082135,35.177792],[129.082231,35.177789],[129.082236,35.177882],[129.082141,35.177886],[129.082135,35.177792]]]},"properties":{}},{"type":"Feature","geometry":{"type":"Polygon","coordinates":[[[129.082293,35.177971],[129.082287,35.177862],[129.082363,35.177859],[129.082369,35.177968],[129.082293,35.177971]]]},"properties":{}},{"type":"Feature","geometry":{"type":"Polygon","coordinates":[[[129.082159,35.178043],[129.082302,35.178052],[129.082295,35.178122],[129.082152,35.178112],[129.082159,35.178043]]]},"properties":{}},{"type":"Feature","geometry":{"type":"Polygon","coordinates":[[[129.082333,35.178113],[129.082331,35.178035],[129.082426,35.178033],[129.082428,35.178111],[129.082333,35.178113]]]},"properties":{}},{"type":"Feature","geometry":{"type":"Polygon","coordinates":[[[129.082455,35.178021],[129.082575,35.178009],[129.082594,35.178129],[129.082473,35.178141],[129.082455,35.178021]]]},"properties":{}},{"type":"Feature","geometry":{"type":"Polygon","coordinates":[[[129.082701,35.177851],[129.082664,35.177887],[129.08262,35.177856],[129.082657,35.177821],[129.082701,35.177851]]]},"properties":{}},{"type":"Feature","geometry":{"type":"Polygon","coordinates":[[[129.082743,35.177822],[129.082799,35.177834],[129.082785,35.177879],[129.082729,35.177868],[129.082743,35.177822]]]},"properties":{}},{"type":"Feature","geometry":{"type":"Polygon","coordinates":[[[129.082616,35.177685],[129.082623,35.177639],[129.082774,35.177653],[129.082768,35.177699],[129.082616,35.177685]]]},"properties":{}},{"type":"Feature","geometry":{"type":"Polygon","coordinates":[[[129.082582,35.177611],[129.082583,35.177564],[129.082659,35.177565],[129.082658,35.177612],[129.082582,35.177611]]]},"properties":{}},{"type":"Feature","geometry":{"type":"Polygon","coordinates":[[[129.082641,35.177462],[129.082642,35.177529],[129.082561,35.177529],[129.08256,35.177463],[129.082641,35.177462]]]},"properties":{}},{"type":"Feature","geometry":{"type":"Polygon","coordinates":[[[129.082767,35.177574],[129.082765,35.177621],[129.082689,35.177619],[129.082691,35.177573],[129.082767,35.177574]]]},"properties":{}},{"type":"Feature","geometry":{"type":"Polygon","coordinates":[[[129.082942,35.178089],[129.082915,35.178139],[129.082845,35.178113],[129.082872,35.178064],[129.082942,35.178089]]]},"properties":{}},{"type":"Feature","geometry":{"type":"Polygon","coordinates":[[[129.082908,35.178005],[129.082932,35.177963],[129.083018,35.177997],[129.082993,35.178039],[129.082908,35.178005]]]},"properties":{}},{"type":"Feature","geometry":{"type":"Polygon","coordinates":[[[129.083082,35.177912],[129.08306,35.177955],[129.082973,35.177925],[129.082995,35.177882],[129.083082,35.177912]]]},"properties":{}},{"type":"Feature","geometry":{"type":"Polygon","coordinates":[[[129.083021,35.177851],[129.083042,35.177807],[129.083131,35.177837],[129.083109,35.17788],[129.083021,35.177851]]]},"properties":{}},{"type":"Feature","geometry":{"type":"Polygon","coordinates":[[[129.083228,35.177927],[129.083159,35.1779],[129.083184,35.177858],[129.083253,35.177885],[129.083228,35.177927]]]},"properties":{}},{"type":"Feature","geometry":{"type":"Polygon","coordinates":[[[129.083184,35.178015],[129.083099,35.17798],[129.083134,35.177925],[129.083219,35.17796],[129.083184,35.178015]]]},"properties":{}},{"type":"Feature","geometry":{"type":"Polygon","coordinates":[[[129.083145,35.178091],[129.083059,35.178058],[129.083083,35.178016],[129.083169,35.178049],[129.083145,35.178091]]]},"properties":{}},{"type":"Feature","geometry":{"type":"Polygon","coordinates":[[[129.083166,35.178097],[129.083194,35.178056],[129.083261,35.178086],[129.083233,35.178127],[129.083166,35.178097]]]},"properties":{}},{"type":"Feature","geometry":{"type":"Polygon","coordinates":[[[129.083248,35.177983],[129.08332,35.178004],[129.083301,35.178048],[129.083229,35.178027],[129.083248,35.177983]]]},"properties":{}},{"type":"Feature","geometry":{"type":"Polygon","coordinates":[[[129.083265,35.177945],[129.083288,35.177902],[129.083375,35.177934],[129.083351,35.177977],[129.083265,35.177945]]]},"properties":{}},{"type":"Feature","geometry":{"type":"Polygon","coordinates":[[[129.083375,35.177903],[129.08331,35.177871],[129.083349,35.177818],[129.083415,35.17785],[129.083375,35.177903]]]},"properties":{}},{"type":"Feature","geometry":{"type":"Polygon","coordinates":[[[129.083286,35.177723],[129.08334,35.177737],[129.083326,35.177774],[129.083272,35.17776],[129.083286,35.177723]]]},"properties":{}},{"type":"Feature","geometry":{"type":"Polygon","coordinates":[[[129.083218,35.177518],[129.083273,35.177531],[129.083258,35.177576],[129.083203,35.177563],[129.083218,35.177518]]]},"properties":{}},{"type":"Feature","geometry":{"type":"Polygon","coordinates":[[[129.083188,35.177573],[129.083236,35.177599],[129.083205,35.177638],[129.083157,35.177613],[129.083188,35.177573]]]},"properties":{}},{"type":"Feature","geometry":{"type":"Polygon","coordinates":[[[129.083398,35.177402],[129.083379,35.177446],[129.083307,35.177424],[129.083327,35.17738],[129.083398,35.177402]]]},"properties":{}},{"type":"Feature","geometry":{"type":"Polygon","coordinates":[[[129.082964,35.177378],[129.083057,35.177392],[129.083041,35.177461],[129.082817,35.177426],[129.082827,35.17738],[129.082958,35.177401],[129.082964,35.177378]]]},"properties":{}},{"type":"Feature","geometry":{"type":"Polygon","coordinates":[[[129.082889,35.177346],[129.082822,35.177348],[129.082821,35.177315],[129.082889,35.177313],[129.082889,35.177346]]]},"properties":{}},{"type":"Feature","geometry":{"type":"Polygon","coordinates":[[[129.082792,35.177189],[129.082789,35.177111],[129.082884,35.177109],[129.082887,35.177186],[129.082792,35.177189]]]},"properties":{}},{"type":"Feature","geometry":{"type":"Polygon","coordinates":[[[129.082973,35.177137],[129.082962,35.177183],[129.082924,35.177177],[129.082935,35.177131],[129.082973,35.177137]]]},"properties":{}},{"type":"Feature","geometry":{"type":"Polygon","coordinates":[[[129.083093,35.177192],[129.083017,35.177194],[129.083013,35.177117],[129.083089,35.177114],[129.083093,35.177192]]]},"properties":{}},{"type":"Feature","geometry":{"type":"Polygon","coordinates":[[[129.083051,35.177068],[129.083047,35.177003],[129.083128,35.176999],[129.083132,35.177065],[129.083051,35.177068]]]},"properties":{}},{"type":"Feature","geometry":{"type":"Polygon","coordinates":[[[129.082993,35.176901],[129.083074,35.176892],[129.083085,35.176957],[129.083005,35.176967],[129.082993,35.176901]]]},"properties":{}},{"type":"Feature","geometry":{"type":"Polygon","coordinates":[[[129.082923,35.177018],[129.08299,35.17701],[129.082999,35.177065],[129.082933,35.177072],[129.082923,35.177018]]]},"properties":{}},{"type":"Feature","geometry":{"type":"Polygon","coordinates":[[[129.082785,35.177062],[129.082783,35.176999],[129.082878,35.176997],[129.082881,35.177059],[129.082785,35.177062]]]},"properties":{}},{"type":"Feature","geometry":{"type":"Polygon","coordinates":[[[129.082866,35.17696],[129.082771,35.176962],[129.082769,35.176915],[129.082864,35.176913],[129.082866,35.17696]]]},"properties":{}},{"type":"Feature","geometry":{"type":"Polygon","coordinates":[[[129.082955,35.176758],[129.082961,35.176867],[129.082866,35.17687],[129.08286,35.176761],[129.082955,35.176758]]]},"properties":{}},{"type":"Feature","geometry":{"type":"Polygon","coordinates":[[[129.08315,35.176841],[129.083146,35.176764],[129.08324,35.17676],[129.083245,35.176837],[129.08315,35.176841]]]},"properties":{}},{"type":"Feature","geometry":{"type":"Polygon","coordinates":[[[129.083231,35.176944],[129.083135,35.176939],[129.08314,35.176877],[129.083235,35.176882],[129.083231,35.176944]]]},"properties":{}},{"type":"Feature","geometry":{"type":"Polygon","coordinates":[[[129.083198,35.176974],[129.083319,35.176974],[129.083319,35.177029],[129.083198,35.177029],[129.083198,35.176974]]]},"properties":{}},{"type":"Feature","geometry":{"type":"Polygon","coordinates":[[[129.08328,35.176861],[129.083394,35.17686],[129.083394,35.176907],[129.08328,35.176908],[129.08328,35.176861]]]},"properties":{}},{"type":"Feature","geometry":{"type":"Polygon","coordinates":[[[129.083291,35.176812],[129.08329,35.176746],[129.083411,35.176744],[129.083412,35.176811],[129.083291,35.176812]]]},"properties":{}},{"type":"Feature","geometry":{"type":"Polygon","coordinates":[[[129.083587,35.177056],[129.083524,35.177021],[129.083551,35.176989],[129.083614,35.177024],[129.083587,35.177056]]]},"properties":{}},{"type":"Feature","geometry":{"type":"Polygon","coordinates":[[[129.083672,35.17708],[129.083649,35.177053],[129.083704,35.177022],[129.083727,35.177049],[129.083672,35.17708]]]},"properties":{}},{"type":"Feature","geometry":{"type":"Polygon","coordinates":[[[129.08371,35.176681],[129.083796,35.176713],[129.083733,35.176826],[129.083646,35.176794],[129.08371,35.176681]]]},"properties":{}},{"type":"Feature","geometry":{"type":"Polygon","coordinates":[[[129.083807,35.176841],[129.083879,35.176656],[129.083988,35.176684],[129.083916,35.176869],[129.083807,35.176841]]]},"properties":{}},{"type":"Feature","geometry":{"type":"Polygon","coordinates":[[[129.083774,35.176929],[129.083773,35.176976],[129.083716,35.176975],[129.083717,35.176928],[129.083774,35.176929]]]},"properties":{}},{"type":"Feature","geometry":{"type":"Polygon","coordinates":[[[129.084001,35.17742],[129.084032,35.177381],[129.084064,35.177398],[129.084033,35.177437],[129.084001,35.17742]]]},"properties":{}},{"type":"Feature","geometry":{"type":"Polygon","coordinates":[[[129.083953,35.177406],[129.083911,35.177388],[129.083939,35.177347],[129.08398,35.177366],[129.083953,35.177406]]]},"properties":{}},{"type":"Feature","geometry":{"type":"Polygon","coordinates":[[[129.083546,35.177127],[129.08347,35.17712],[129.083475,35.177089],[129.08355,35.177096],[129.083546,35.177127]]]},"properties":{}},{"type":"Feature","geometry":{"type":"Polygon","coordinates":[[[129.083396,35.177258],[129.083414,35.177213],[129.083523,35.177242],[129.083505,35.177286],[129.083396,35.177258]]]},"properties":{}},{"type":"Feature","geometry":{"type":"Polygon","coordinates":[[[129.083496,35.177503],[129.083412,35.177467],[129.083448,35.177411],[129.083532,35.177448],[129.083496,35.177503]]]},"properties":{}},{"type":"Feature","geometry":{"type":"Polygon","coordinates":[[[129.083771,35.177883],[129.083565,35.177823],[129.083589,35.177766],[129.08356,35.177757],[129.083566,35.177744],[129.08353,35.177733],[129.08354,35.177709],[129.083569,35.177718],[129.083597,35.177652],[129.083629,35.177661],[129.083633,35.177651],[129.083715,35.177675],[129.083726,35.177661],[129.083804,35.177683],[129.083799,35.177696],[129.083886,35.17772],[129.083859,35.177786],[129.083873,35.177798],[129.083879,35.177814],[129.083878,35.17783],[129.083872,35.177844],[129.083854,35.177858],[129.083835,35.177862],[129.083815,35.177856],[129.083789,35.177841],[129.083771,35.177883]]]},"properties":{"class":"kindergarten","subtype":"education","num_floors":3}},{"type":"Feature","geometry":{"type":"Polygon","coordinates":[[[129.084414,35.17754],[129.084341,35.177521],[129.084368,35.177454],[129.08444,35.177473],[129.084414,35.17754]]]},"properties":{}},{"type":"Feature","geometry":{"type":"Polygon","coordinates":[[[129.084574,35.177531],[129.084543,35.17757],[129.084455,35.177522],[129.084487,35.177483],[129.084574,35.177531]]]},"properties":{}},{"type":"Feature","geometry":{"type":"Polygon","coordinates":[[[129.084529,35.177388],[129.084617,35.177417],[129.084588,35.177475],[129.0845,35.177445],[129.084529,35.177388]]]},"properties":{}},{"type":"Feature","geometry":{"type":"Polygon","coordinates":[[[129.084667,35.177304],[129.084654,35.17735],[129.084561,35.177331],[129.084574,35.177286],[129.084667,35.177304]]]},"properties":{}},{"type":"Feature","geometry":{"type":"Polygon","coordinates":[[[129.08456,35.177235],[129.084596,35.177146],[129.084722,35.17718],[129.084687,35.177269],[129.08456,35.177235]]]},"properties":{}},{"type":"Feature","geometry":{"type":"Polygon","coordinates":[[[129.084468,35.177205],[129.084482,35.177112],[129.084557,35.17712],[129.084543,35.177213],[129.084468,35.177205]]]},"properties":{}},{"type":"Feature","geometry":{"type":"Polygon","coordinates":[[[129.084156,35.177392],[129.084227,35.177416],[129.084193,35.177481],[129.084123,35.177457],[129.084156,35.177392]]]},"properties":{}},{"type":"Feature","geometry":{"type":"Polygon","coordinates":[[[129.084384,35.177224],[129.084359,35.177266],[129.084316,35.177249],[129.084341,35.177207],[129.084384,35.177224]]]},"properties":{}},{"type":"Feature","geometry":{"type":"Polygon","coordinates":[[[129.084261,35.177127],[129.08427,35.177073],[129.084336,35.177079],[129.084327,35.177133],[129.084261,35.177127]]]},"properties":{}},{"type":"Feature","geometry":{"type":"Polygon","coordinates":[[[129.08415,35.177063],[129.084203,35.177053],[129.084215,35.177096],[129.084163,35.177106],[129.08415,35.177063]]]},"properties":{}},{"type":"Feature","geometry":{"type":"Polygon","coordinates":[[[129.084007,35.176701],[129.084153,35.176736],[129.084092,35.1769],[129.083946,35.176865],[129.084007,35.176701]]]},"properties":{}},{"type":"Feature","geometry":{"type":"Polygon","coordinates":[[[129.084208,35.176878],[129.084322,35.176886],[129.084314,35.176964],[129.0842,35.176956],[129.084208,35.176878]]]},"properties":{}},{"type":"Feature","geometry":{"type":"Polygon","coordinates":[[[129.084392,35.176977],[129.084388,35.176944],[129.084428,35.176941],[129.084432,35.176974],[129.084392,35.176977]]]},"properties":{}},{"type":"Feature","geometry":{"type":"Polygon","coordinates":[[[129.084771,35.177026],[129.08474,35.1771],[129.084524,35.177039],[129.084555,35.176965],[129.084771,35.177026]]]},"properties":{}},{"type":"Feature","geometry":{"type":"Polygon","coordinates":[[[129.084701,35.176924],[129.084607,35.176909],[129.084619,35.176863],[129.084712,35.176879],[129.084701,35.176924]]]},"properties":{}},{"type":"Feature","geometry":{"type":"Polygon","coordinates":[[[129.084427,35.176706],[129.08441,35.176767],[129.084317,35.176749],[129.084334,35.176689],[129.084427,35.176706]]]},"properties":{}},{"type":"Feature","geometry":{"type":"Polygon","coordinates":[[[129.084388,35.176582],[129.084481,35.176602],[129.084462,35.176662],[129.084369,35.176643],[129.084388,35.176582]]]},"properties":{}},{"type":"Feature","geometry":{"type":"Polygon","coordinates":[[[129.084416,35.176105],[129.084325,35.176081],[129.08436,35.175992],[129.08445,35.176016],[129.084416,35.176105]]]},"properties":{}},{"type":"Feature","geometry":{"type":"Polygon","coordinates":[[[129.084433,35.176261],[129.084402,35.176335],[129.08433,35.176314],[129.084361,35.176241],[129.084433,35.176261]]]},"properties":{}},{"type":"Feature","geometry":{"type":"Polygon","coordinates":[[[129.084239,35.176411],[129.084169,35.176388],[129.084204,35.176316],[129.084275,35.176339],[129.084239,35.176411]]]},"properties":{}},{"type":"Feature","geometry":{"type":"Polygon","coordinates":[[[129.084299,35.176291],[129.08423,35.176264],[129.084263,35.176208],[129.084332,35.176234],[129.084299,35.176291]]]},"properties":{}},{"type":"Feature","geometry":{"type":"Polygon","coordinates":[[[129.084374,35.176205],[129.084282,35.176184],[129.084308,35.176109],[129.0844,35.17613],[129.084374,35.176205]]]},"properties":{}},{"type":"Feature","geometry":{"type":"Polygon","coordinates":[[[129.084169,35.176151],[129.084187,35.176091],[129.084261,35.176106],[129.084242,35.176166],[129.084169,35.176151]]]},"properties":{}},{"type":"Feature","geometry":{"type":"Polygon","coordinates":[[[129.084089,35.176074],[129.08408,35.176113],[129.084052,35.176108],[129.084061,35.17607],[129.084089,35.176074]]]},"properties":{}},{"type":"Feature","geometry":{"type":"Polygon","coordinates":[[[129.084113,35.176472],[129.084187,35.176486],[129.084161,35.176577],[129.084087,35.176563],[129.084113,35.176472]]]},"properties":{}},{"type":"Feature","geometry":{"type":"Polygon","coordinates":[[[129.08431,35.176342],[129.084384,35.176358],[129.084355,35.176448],[129.084281,35.176433],[129.08431,35.176342]]]},"properties":{}},{"type":"Feature","geometry":{"type":"Polygon","coordinates":[[[129.084191,35.176585],[129.084221,35.176511],[129.08433,35.176539],[129.0843,35.176614],[129.084191,35.176585]]]},"properties":{}},{"type":"Feature","geometry":{"type":"Polygon","coordinates":[[[129.084066,35.176603],[129.084174,35.176632],[129.084149,35.176691],[129.084041,35.176662],[129.084066,35.176603]]]},"properties":{}},{"type":"Feature","geometry":{"type":"Polygon","coordinates":[[[129.083922,35.176613],[129.08394,35.176568],[129.084013,35.176589],[129.083994,35.176633],[129.083922,35.176613]]]},"properties":{}},{"type":"Feature","geometry":{"type":"Polygon","coordinates":[[[129.084072,35.176456],[129.084047,35.176531],[129.083974,35.176515],[129.083998,35.17644],[129.084072,35.176456]]]},"properties":{}},{"type":"Feature","geometry":{"type":"Polygon","coordinates":[[[129.083895,35.176557],[129.083876,35.176601],[129.083786,35.176575],[129.083805,35.176531],[129.083895,35.176557]]]},"properties":{}},{"type":"Feature","geometry":{"type":"Polygon","coordinates":[[[129.083927,35.176426],[129.083919,35.176473],[129.083843,35.176463],[129.083852,35.176417],[129.083927,35.176426]]]},"properties":{}},{"type":"Feature","geometry":{"type":"Polygon","coordinates":[[[129.083836,35.176636],[129.083815,35.176679],[129.083727,35.17665],[129.083748,35.176606],[129.083836,35.176636]]]},"properties":{}},{"type":"Feature","geometry":{"type":"Polygon","coordinates":[[[129.084092,35.17632],[129.084069,35.17638],[129.083905,35.176338],[129.083928,35.176279],[129.084092,35.17632]]]},"properties":{}},{"type":"Feature","geometry":{"type":"Polygon","coordinates":[[[129.084131,35.176196],[129.084094,35.176284],[129.083949,35.176244],[129.083986,35.176156],[129.084131,35.176196]]]},"properties":{}},{"type":"Feature","geometry":{"type":"Polygon","coordinates":[[[129.083684,35.17599],[129.083779,35.17599],[129.083779,35.176052],[129.083684,35.176052],[129.083684,35.17599]]]},"properties":{}},{"type":"Feature","geometry":{"type":"Polygon","coordinates":[[[129.083674,35.175946],[129.083649,35.175872],[129.08374,35.175852],[129.083765,35.175926],[129.083674,35.175946]]]},"properties":{}},{"type":"Feature","geometry":{"type":"Polygon","coordinates":[[[129.083658,35.176059],[129.083524,35.176065],[129.083519,35.175999],[129.083654,35.175993],[129.083658,35.176059]]]},"properties":{}},{"type":"Feature","geometry":{"type":"Polygon","coordinates":[[[129.083416,35.175916],[129.083411,35.175839],[129.083468,35.175837],[129.083473,35.175914],[129.083416,35.175916]]]},"properties":{}},{"type":"Feature","geometry":{"type":"Polygon","coordinates":[[[129.083573,35.175891],[129.083516,35.175892],[129.083515,35.175829],[129.083573,35.175829],[129.083573,35.175891]]]},"properties":{}},{"type":"Feature","geometry":{"type":"Polygon","coordinates":[[[129.083516,35.175793],[129.083366,35.175682],[129.083403,35.175649],[129.083552,35.175761],[129.083516,35.175793]]]},"properties":{}},{"type":"Feature","geometry":{"type":"Polygon","coordinates":[[[129.083619,35.175697],[129.083629,35.175751],[129.083562,35.175759],[129.083552,35.175704],[129.083619,35.175697]]]},"properties":{}},{"type":"Feature","geometry":{"type":"Polygon","coordinates":[[[129.083715,35.17583],[129.083613,35.175859],[129.083586,35.175796],[129.083688,35.175768],[129.083715,35.17583]]]},"properties":{}},{"type":"Feature","geometry":{"type":"Polygon","coordinates":[[[129.08371,35.175565],[129.083694,35.1755],[129.083746,35.175491],[129.083763,35.175556],[129.08371,35.175565]]]},"properties":{}},{"type":"Feature","geometry":{"type":"Polygon","coordinates":[[[129.083788,35.175474],[129.083841,35.17547],[129.083849,35.175536],[129.083795,35.17554],[129.083788,35.175474]]]},"properties":{}},{"type":"Feature","geometry":{"type":"Polygon","coordinates":[[[129.084314,35.175984],[129.084291,35.176059],[129.084096,35.17602],[129.084119,35.175945],[129.084314,35.175984]]]},"properties":{}},{"type":"Feature","geometry":{"type":"Polygon","coordinates":[[[129.084632,35.175422],[129.084635,35.175368],[129.084654,35.175369],[129.084651,35.175423],[129.084632,35.175422]]]},"properties":{}},{"type":"Feature","geometry":{"type":"Polygon","coordinates":[[[129.084783,35.175452],[129.08478,35.175398],[129.084799,35.175397],[129.084802,35.175452],[129.084783,35.175452]]]},"properties":{}},{"type":"Feature","geometry":{"type":"Polygon","coordinates":[[[129.084738,35.1754],[129.084727,35.175462],[129.084708,35.17546],[129.084719,35.175398],[129.084738,35.1754]]]},"properties":{}},{"type":"Feature","geometry":{"type":"Polygon","coordinates":[[[129.085019,35.175412],[129.084979,35.175548],[129.084868,35.175527],[129.084908,35.17539],[129.085019,35.175412]]]},"properties":{}},{"type":"Feature","geometry":{"type":"Polygon","coordinates":[[[129.085184,35.175515],[129.085058,35.175479],[129.085083,35.17542],[129.085209,35.175456],[129.085184,35.175515]]]},"properties":{}},{"type":"Feature","geometry":{"type":"Polygon","coordinates":[[[129.085138,35.175617],[129.085014,35.175578],[129.085048,35.175505],[129.085173,35.175545],[129.085138,35.175617]]]},"properties":{}},{"type":"Feature","geometry":{"type":"Polygon","coordinates":[[[129.08516,35.176089],[129.084172,35.175863],[129.084267,35.175422],[129.085274,35.17577],[129.08516,35.176089]]]},"properties":{"class":"house","subtype":"residential"}},{"type":"Feature","geometry":{"type":"Polygon","coordinates":[[[129.084737,35.176261],[129.084792,35.176274],[129.084782,35.176304],[129.084727,35.176291],[129.084737,35.176261]]]},"properties":{}},{"type":"Feature","geometry":{"type":"Polygon","coordinates":[[[129.084809,35.176686],[129.084778,35.17676],[129.084633,35.176719],[129.084664,35.176645],[129.084809,35.176686]]]},"properties":{}},{"type":"Feature","geometry":{"type":"Polygon","coordinates":[[[129.084979,35.176561],[129.084953,35.17662],[129.084864,35.176594],[129.084889,35.176535],[129.084979,35.176561]]]},"properties":{}},{"type":"Feature","geometry":{"type":"Polygon","coordinates":[[[129.085106,35.176715],[129.085041,35.176732],[129.085029,35.1767],[129.085094,35.176684],[129.085106,35.176715]]]},"properties":{}},{"type":"Feature","geometry":{"type":"Polygon","coordinates":[[[129.085106,35.176551],[129.085176,35.176575],[129.085147,35.176632],[129.085076,35.176608],[129.085106,35.176551]]]},"properties":{}},{"type":"Feature","geometry":{"type":"Polygon","coordinates":[[[129.085231,35.176485],[129.085206,35.176544],[129.085098,35.176515],[129.085123,35.176455],[129.085231,35.176485]]]},"properties":{}},{"type":"Feature","geometry":{"type":"Polygon","coordinates":[[[129.085128,35.176433],[129.085152,35.176373],[129.08536,35.176429],[129.085336,35.176488],[129.085128,35.176433]]]},"properties":{}},{"type":"Feature","geometry":{"type":"Polygon","coordinates":[[[129.085272,35.176368],[129.085168,35.176329],[129.08522,35.176237],[129.085324,35.176276],[129.085272,35.176368]]]},"properties":{}},{"type":"Feature","geometry":{"type":"Polygon","coordinates":[[[129.085044,35.1764],[129.084954,35.176373],[129.08498,35.176314],[129.08507,35.176341],[129.085044,35.1764]]]},"properties":{}},{"type":"Feature","geometry":{"type":"Polygon","coordinates":[[[129.085327,35.176514],[129.085302,35.176565],[129.085266,35.176553],[129.085292,35.176502],[129.085327,35.176514]]]},"properties":{}},{"type":"Feature","geometry":{"type":"Polygon","coordinates":[[[129.085364,35.176446],[129.085598,35.176514],[129.085551,35.176623],[129.085431,35.176587],[129.085401,35.176654],[129.085287,35.176621],[129.085364,35.176446]]]},"properties":{"num_floors":7}},{"type":"Feature","geometry":{"type":"Polygon","coordinates":[[[129.085322,35.175268],[129.085438,35.175304],[129.085372,35.175446],[129.085256,35.17541],[129.085322,35.175268]]]},"properties":{"class":"apartments","subtype":"residential","num_floors":11}},{"type":"Feature","geometry":{"type":"Polygon","coordinates":[[[129.085608,35.175603],[129.085662,35.175602],[129.085662,35.175624],[129.085608,35.175625],[129.085608,35.175603]]]},"properties":{}},{"type":"Feature","geometry":{"type":"Polygon","coordinates":[[[129.085874,35.175664],[129.085852,35.175708],[129.085693,35.175654],[129.085715,35.175611],[129.085874,35.175664]]]},"properties":{}},{"type":"Feature","geometry":{"type":"Polygon","coordinates":[[[129.086711,35.17548],[129.086725,35.175418],[129.086781,35.175427],[129.086767,35.175488],[129.086711,35.17548]]]},"properties":{}},{"type":"Feature","geometry":{"type":"Polygon","coordinates":[[[129.086943,35.175378],[129.086944,35.175433],[129.08685,35.175435],[129.086848,35.17538],[129.086943,35.175378]]]},"properties":{}},{"type":"Feature","geometry":{"type":"Polygon","coordinates":[[[129.086867,35.175549],[129.08682,35.175495],[129.086864,35.175469],[129.086911,35.175523],[129.086867,35.175549]]]},"properties":{}},{"type":"Feature","geometry":{"type":"Polygon","coordinates":[[[129.086979,35.175698],[129.086952,35.175756],[129.086881,35.175734],[129.086908,35.175676],[129.086979,35.175698]]]},"properties":{}},{"type":"Feature","geometry":{"type":"Polygon","coordinates":[[[129.087086,35.176022],[129.08703,35.176013],[129.087051,35.175921],[129.087107,35.17593],[129.087086,35.176022]]]},"properties":{}},{"type":"Feature","geometry":{"type":"Polygon","coordinates":[[[129.08687,35.175965],[129.086942,35.175987],[129.086902,35.176075],[129.086831,35.176053],[129.08687,35.175965]]]},"properties":{}},{"type":"Feature","geometry":{"type":"Polygon","coordinates":[[[129.086791,35.176039],[129.086702,35.176011],[129.086723,35.175967],[129.086811,35.175996],[129.086791,35.176039]]]},"properties":{}},{"type":"Feature","geometry":{"type":"Polygon","coordinates":[[[129.086842,35.175916],[129.086822,35.175959],[129.086733,35.175932],[129.086753,35.175888],[129.086842,35.175916]]]},"properties":{}},{"type":"Feature","geometry":{"type":"Polygon","coordinates":[[[129.086506,35.175897],[129.086504,35.175831],[129.086584,35.17583],[129.086587,35.175896],[129.086506,35.175897]]]},"properties":{}},{"type":"Feature","geometry":{"type":"Polygon","coordinates":[[[129.086634,35.175964],[129.086616,35.176008],[129.08658,35.175998],[129.086598,35.175954],[129.086634,35.175964]]]},"properties":{}},{"type":"Feature","geometry":{"type":"Polygon","coordinates":[[[129.086478,35.176128],[129.086515,35.17604],[129.086587,35.17606],[129.08655,35.176148],[129.086478,35.176128]]]},"properties":{}},{"type":"Feature","geometry":{"type":"Polygon","coordinates":[[[129.086566,35.176313],[129.086677,35.176336],[129.086653,35.176412],[129.086542,35.176389],[129.086566,35.176313]]]},"properties":{}},{"type":"Feature","geometry":{"type":"Polygon","coordinates":[[[129.086661,35.17629],[129.086589,35.17627],[129.086625,35.176181],[129.086697,35.176201],[129.086661,35.17629]]]},"properties":{}},{"type":"Feature","geometry":{"type":"Polygon","coordinates":[[[129.086801,35.176226],[129.086781,35.176302],[129.086706,35.176289],[129.086727,35.176212],[129.086801,35.176226]]]},"properties":{}},{"type":"Feature","geometry":{"type":"Polygon","coordinates":[[[129.086719,35.176114],[129.086704,35.176142],[129.08666,35.176127],[129.086676,35.176098],[129.086719,35.176114]]]},"properties":{}},{"type":"Feature","geometry":{"type":"Polygon","coordinates":[[[129.086923,35.176124],[129.086894,35.176198],[129.086785,35.176169],[129.086815,35.176095],[129.086923,35.176124]]]},"properties":{}},{"type":"Feature","geometry":{"type":"Polygon","coordinates":[[[129.087058,35.176201],[129.087057,35.176146],[129.087125,35.176146],[129.087125,35.176201],[129.087058,35.176201]]]},"properties":{}},{"type":"Feature","geometry":{"type":"Polygon","coordinates":[[[129.087015,35.176251],[129.087091,35.176255],[129.087088,35.176301],[129.087012,35.176297],[129.087015,35.176251]]]},"properties":{}},{"type":"Feature","geometry":{"type":"Polygon","coordinates":[[[129.086902,35.176257],[129.086925,35.176223],[129.086975,35.176245],[129.086953,35.176279],[129.086902,35.176257]]]},"properties":{}},{"type":"Feature","geometry":{"type":"Polygon","coordinates":[[[129.086873,35.176457],[129.086877,35.176372],[129.086934,35.176373],[129.08693,35.176459],[129.086873,35.176457]]]},"properties":{}},{"type":"Feature","geometry":{"type":"Polygon","coordinates":[[[129.086983,35.176334],[129.087077,35.176332],[129.087083,35.176508],[129.086988,35.17651],[129.086983,35.176334]]]},"properties":{}},{"type":"Feature","geometry":{"type":"Polygon","coordinates":[[[129.087074,35.176558],[129.087076,35.176635],[129.087009,35.176636],[129.087007,35.176559],[129.087074,35.176558]]]},"properties":{}},{"type":"Feature","geometry":{"type":"Polygon","coordinates":[[[129.087097,35.176621],[129.087108,35.17656],[129.087165,35.176567],[129.087153,35.176628],[129.087097,35.176621]]]},"properties":{}},{"type":"Feature","geometry":{"type":"Polygon","coordinates":[[[129.087014,35.176736],[129.087011,35.176674],[129.087125,35.17667],[129.087128,35.176732],[129.087014,35.176736]]]},"properties":{}},{"type":"Feature","geometry":{"type":"Polygon","coordinates":[[[129.086886,35.176554],[129.086943,35.176554],[129.086943,35.176616],[129.086886,35.176616],[129.086886,35.176554]]]},"properties":{}},{"type":"Feature","geometry":{"type":"Polygon","coordinates":[[[129.08686,35.176689],[129.086941,35.176689],[129.086941,35.176733],[129.086861,35.176733],[129.08686,35.176689]]]},"properties":{}},{"type":"Feature","geometry":{"type":"Polygon","coordinates":[[[129.08674,35.176692],[129.086834,35.17669],[129.086836,35.176745],[129.086742,35.176747],[129.08674,35.176692]]]},"properties":{}},{"type":"Feature","geometry":{"type":"Polygon","coordinates":[[[129.086647,35.176647],[129.086646,35.17657],[129.086714,35.17657],[129.086714,35.176647],[129.086647,35.176647]]]},"properties":{}},{"type":"Feature","geometry":{"type":"Polygon","coordinates":[[[129.086753,35.176647],[129.086754,35.176569],[129.086831,35.17657],[129.086829,35.176648],[129.086753,35.176647]]]},"properties":{}},{"type":"Feature","geometry":{"type":"Polygon","coordinates":[[[129.086839,35.176341],[129.086808,35.176502],[129.086714,35.17649],[129.086745,35.176328],[129.086839,35.176341]]]},"properties":{}},{"type":"Feature","geometry":{"type":"Polygon","coordinates":[[[129.086634,35.176438],[129.08661,35.176513],[129.086499,35.17649],[129.086523,35.176414],[129.086634,35.176438]]]},"properties":{}},{"type":"Feature","geometry":{"type":"Polygon","coordinates":[[[129.08658,35.176604],[129.086457,35.176599],[129.086459,35.176568],[129.086582,35.176573],[129.08658,35.176604]]]},"properties":{}},{"type":"Feature","geometry":{"type":"Polygon","coordinates":[[[129.086607,35.176744],[129.086611,35.176682],[129.086706,35.176686],[129.086702,35.176748],[129.086607,35.176744]]]},"properties":{}},{"type":"Feature","geometry":{"type":"Polygon","coordinates":[[[129.086264,35.176593],[129.086282,35.176532],[129.086384,35.176552],[129.086366,35.176613],[129.086264,35.176593]]]},"properties":{}},{"type":"Feature","geometry":{"type":"Polygon","coordinates":[[[129.086474,35.176319],[129.086414,35.176295],[129.086423,35.176281],[129.086483,35.176305],[129.086474,35.176319]]]},"properties":{}},{"type":"Feature","geometry":{"type":"Polygon","coordinates":[[[129.086118,35.176882],[129.086142,35.176822],[129.086251,35.176851],[129.086227,35.17691],[129.086118,35.176882]]]},"properties":{}},{"type":"Feature","geometry":{"type":"Polygon","coordinates":[[[129.085969,35.176993],[129.086042,35.176893],[129.086214,35.176977],[129.086141,35.177077],[129.085969,35.176993]]]},"properties":{}},{"type":"Feature","geometry":{"type":"Polygon","coordinates":[[[129.086038,35.177154],[129.08606,35.177079],[129.086153,35.177096],[129.086131,35.177172],[129.086038,35.177154]]]},"properties":{}},{"type":"Feature","geometry":{"type":"Polygon","coordinates":[[[129.086216,35.177113],[129.086311,35.17712],[129.0863,35.177229],[129.086205,35.177222],[129.086216,35.177113]]]},"properties":{}},{"type":"Feature","geometry":{"type":"Polygon","coordinates":[[[129.086335,35.177467],[129.086332,35.177389],[129.086408,35.177387],[129.086411,35.177465],[129.086335,35.177467]]]},"properties":{}},{"type":"Feature","geometry":{"type":"Polygon","coordinates":[[[129.086522,35.177378],[129.086523,35.177455],[129.086455,35.177455],[129.086454,35.177378],[129.086522,35.177378]]]},"properties":{}},{"type":"Feature","geometry":{"type":"Polygon","coordinates":[[[129.086527,35.177275],[129.086527,35.17733],[129.08646,35.177331],[129.086459,35.177276],[129.086527,35.177275]]]},"properties":{}},{"type":"Feature","geometry":{"type":"Polygon","coordinates":[[[129.086478,35.177216],[129.086468,35.177107],[129.086549,35.177101],[129.086559,35.177211],[129.086478,35.177216]]]},"properties":{}},{"type":"Feature","geometry":{"type":"Polygon","coordinates":[[[129.086537,35.17705],[129.086441,35.177051],[129.086441,35.176973],[129.086536,35.176972],[129.086537,35.17705]]]},"properties":{}},{"type":"Feature","geometry":{"type":"Polygon","coordinates":[[[129.086385,35.177051],[129.08629,35.177047],[129.086295,35.176969],[129.08639,35.176974],[129.086385,35.177051]]]},"properties":{}},{"type":"Feature","geometry":{"type":"Polygon","coordinates":[[[129.086529,35.176833],[129.08653,35.176786],[129.086606,35.176788],[129.086605,35.176835],[129.086529,35.176833]]]},"properties":{}},{"type":"Feature","geometry":{"type":"Polygon","coordinates":[[[129.086604,35.176972],[129.086609,35.177049],[129.086568,35.177051],[129.086564,35.176974],[129.086604,35.176972]]]},"properties":{}},{"type":"Feature","geometry":{"type":"Polygon","coordinates":[[[129.086812,35.177045],[129.086641,35.177052],[129.086636,35.176958],[129.086807,35.176952],[129.086812,35.177045]]]},"properties":{}},{"type":"Feature","geometry":{"type":"Polygon","coordinates":[[[129.086751,35.176848],[129.086657,35.176849],[129.086656,35.176794],[129.086751,35.176793],[129.086751,35.176848]]]},"properties":{}},{"type":"Feature","geometry":{"type":"Polygon","coordinates":[[[129.087005,35.176967],[129.087139,35.176967],[129.08714,35.177033],[129.087005,35.177034],[129.087005,35.176967]]]},"properties":{}},{"type":"Feature","geometry":{"type":"Polygon","coordinates":[[[129.086859,35.176954],[129.086954,35.176954],[129.086954,35.177048],[129.086859,35.177048],[129.086859,35.176954]]]},"properties":{}},{"type":"Feature","geometry":{"type":"Polygon","coordinates":[[[129.086917,35.177108],[129.086918,35.177178],[129.086861,35.177178],[129.08686,35.177108],[129.086917,35.177108]]]},"properties":{}},{"type":"Feature","geometry":{"type":"Polygon","coordinates":[[[129.087107,35.17716],[129.08708,35.177163],[129.087092,35.177261],[129.086998,35.177269],[129.086977,35.177105],[129.087098,35.177095],[129.087107,35.17716]]]},"properties":{}},{"type":"Feature","geometry":{"type":"Polygon","coordinates":[[[129.086729,35.177358],[129.086786,35.177362],[129.086777,35.17744],[129.08672,35.177435],[129.086729,35.177358]]]},"properties":{}},{"type":"Feature","geometry":{"type":"Polygon","coordinates":[[[129.086735,35.177339],[129.086699,35.177329],[129.086721,35.177278],[129.086757,35.177288],[129.086735,35.177339]]]},"properties":{}},{"type":"Feature","geometry":{"type":"Polygon","coordinates":[[[129.086829,35.177423],[129.086789,35.177273],[129.086841,35.177263],[129.086881,35.177414],[129.086829,35.177423]]]},"properties":{}},{"type":"Feature","geometry":{"type":"Polygon","coordinates":[[[129.086829,35.177171],[129.086772,35.177168],[129.086777,35.177106],[129.086834,35.177109],[129.086829,35.177171]]]},"properties":{}},{"type":"Feature","geometry":{"type":"Polygon","coordinates":[[[129.086669,35.177227],[129.086664,35.177106],[129.086731,35.177104],[129.086737,35.177225],[129.086669,35.177227]]]},"properties":{}},{"type":"Feature","geometry":{"type":"Polygon","coordinates":[[[129.08659,35.177233],[129.086584,35.177125],[129.086641,35.177123],[129.086647,35.177231],[129.08659,35.177233]]]},"properties":{}},{"type":"Feature","geometry":{"type":"Polygon","coordinates":[[[129.086649,35.177385],[129.086652,35.177462],[129.086558,35.177465],[129.086555,35.177388],[129.086649,35.177385]]]},"properties":{}},{"type":"Feature","geometry":{"type":"Polygon","coordinates":[[[129.086632,35.177567],[129.086556,35.177567],[129.086557,35.177489],[129.086633,35.177489],[129.086632,35.177567]]]},"properties":{}},{"type":"Feature","geometry":{"type":"MultiPolygon","coordinates":[[[[129.086567,35.177716],[129.086406,35.177699],[129.086418,35.177629],[129.086578,35.177647],[129.086567,35.177716]]],[[[129.086654,35.177655],[129.086645,35.177709],[129.086588,35.177703],[129.086597,35.177649],[129.086654,35.177655]]]]},"properties":{}},{"type":"Feature","geometry":{"type":"Polygon","coordinates":[[[129.086591,35.177811],[129.086588,35.177746],[129.086669,35.177743],[129.086672,35.177809],[129.086591,35.177811]]]},"properties":{}},{"type":"Feature","geometry":{"type":"Polygon","coordinates":[[[129.086831,35.177631],[129.086831,35.17774],[129.086736,35.17774],[129.086736,35.177631],[129.086831,35.177631]]]},"properties":{}},{"type":"Feature","geometry":{"type":"Polygon","coordinates":[[[129.086729,35.177484],[129.086805,35.177486],[129.086801,35.177564],[129.086725,35.177562],[129.086729,35.177484]]]},"properties":{}},{"type":"Feature","geometry":{"type":"Polygon","coordinates":[[[129.086907,35.177466],[129.086902,35.177559],[129.086826,35.177556],[129.086831,35.177463],[129.086907,35.177466]]]},"properties":{}},{"type":"Feature","geometry":{"type":"Polygon","coordinates":[[[129.087025,35.177542],[129.086944,35.177545],[129.086941,35.177456],[129.087022,35.177454],[129.087025,35.177542]]]},"properties":{}},{"type":"Feature","geometry":{"type":"Polygon","coordinates":[[[129.087059,35.177611],[129.087063,35.177751],[129.086986,35.177752],[129.086983,35.177612],[129.087059,35.177611]]]},"properties":{}},{"type":"Feature","geometry":{"type":"Polygon","coordinates":[[[129.086951,35.177617],[129.086951,35.177742],[129.086875,35.177742],[129.086875,35.177617],[129.086951,35.177617]]]},"properties":{}},{"type":"Feature","geometry":{"type":"Polygon","coordinates":[[[129.086861,35.177789],[129.087051,35.177796],[129.087046,35.177889],[129.086856,35.177882],[129.086861,35.177789]]]},"properties":{}},{"type":"Feature","geometry":{"type":"Polygon","coordinates":[[[129.086949,35.178036],[129.087063,35.178047],[129.087051,35.178125],[129.086862,35.178106],[129.086888,35.177928],[129.086964,35.177936],[129.086949,35.178036]]]},"properties":{}},{"type":"Feature","geometry":{"type":"Polygon","coordinates":[[[129.086722,35.178121],[129.086719,35.178044],[129.086813,35.178042],[129.086816,35.178119],[129.086722,35.178121]]]},"properties":{}},{"type":"Feature","geometry":{"type":"Polygon","coordinates":[[[129.086812,35.178022],[129.086717,35.178019],[129.086721,35.177941],[129.086816,35.177945],[129.086812,35.178022]]]},"properties":{}},{"type":"Feature","geometry":{"type":"Polygon","coordinates":[[[129.08674,35.177887],[129.08674,35.177799],[129.086821,35.177799],[129.086821,35.177887],[129.08674,35.177887]]]},"properties":{}},{"type":"Feature","geometry":{"type":"Polygon","coordinates":[[[129.086587,35.17804],[129.086654,35.178038],[129.086657,35.178115],[129.086589,35.178117],[129.086587,35.17804]]]},"properties":{}},{"type":"Feature","geometry":{"type":"Polygon","coordinates":[[[129.086562,35.178051],[129.086562,35.178117],[129.086428,35.178118],[129.086427,35.178052],[129.086562,35.178051]]]},"properties":{}},{"type":"Feature","geometry":{"type":"Polygon","coordinates":[[[129.086164,35.178051],[129.086258,35.17805],[129.08626,35.178127],[129.086166,35.178128],[129.086164,35.178051]]]},"properties":{}},{"type":"Feature","geometry":{"type":"Polygon","coordinates":[[[129.086197,35.17798],[129.086194,35.177918],[129.086346,35.177912],[129.086357,35.178114],[129.086281,35.178117],[129.086273,35.177977],[129.086197,35.17798]]]},"properties":{}},{"type":"Feature","geometry":{"type":"Polygon","coordinates":[[[129.086333,35.177855],[129.08628,35.177864],[129.086275,35.177843],[129.086327,35.177833],[129.086333,35.177855]]]},"properties":{}},{"type":"Feature","geometry":{"type":"Polygon","coordinates":[[[129.086425,35.177897],[129.086539,35.177894],[129.086542,35.177956],[129.086428,35.177959],[129.086425,35.177897]]]},"properties":{}},{"type":"Feature","geometry":{"type":"Polygon","coordinates":[[[129.086426,35.177871],[129.086424,35.177809],[129.086539,35.177806],[129.086541,35.177868],[129.086426,35.177871]]]},"properties":{}},{"type":"Feature","geometry":{"type":"Polygon","coordinates":[[[129.086425,35.177797],[129.086425,35.177735],[129.086539,35.177734],[129.086539,35.177796],[129.086425,35.177797]]]},"properties":{}},{"type":"Feature","geometry":{"type":"Polygon","coordinates":[[[129.086527,35.177576],[129.086447,35.177577],[129.086446,35.177489],[129.086526,35.177488],[129.086527,35.177576]]]},"properties":{}},{"type":"Feature","geometry":{"type":"Polygon","coordinates":[[[129.086424,35.177498],[129.086427,35.177576],[129.086256,35.17758],[129.086253,35.177502],[129.086424,35.177498]]]},"properties":{}},{"type":"Feature","geometry":{"type":"Polygon","coordinates":[[[129.086376,35.1777],[129.086241,35.177701],[129.086241,35.177635],[129.086376,35.177634],[129.086376,35.1777]]]},"properties":{}},{"type":"Feature","geometry":{"type":"Polygon","coordinates":[[[129.086367,35.177719],[129.086365,35.177781],[129.086251,35.177779],[129.086253,35.177717],[129.086367,35.177719]]]},"properties":{}},{"type":"Feature","geometry":{"type":"Polygon","coordinates":[[[129.08613,35.177658],[129.086206,35.177657],[129.08621,35.177797],[129.086134,35.177798],[129.08613,35.177658]]]},"properties":{}},{"type":"Feature","geometry":{"type":"Polygon","coordinates":[[[129.085917,35.177919],[129.085993,35.177926],[129.085984,35.177988],[129.085908,35.177981],[129.085917,35.177919]]]},"properties":{}},{"type":"Feature","geometry":{"type":"Polygon","coordinates":[[[129.086008,35.177817],[129.086084,35.177817],[129.086084,35.177894],[129.086008,35.177894],[129.086008,35.177817]]]},"properties":{}},{"type":"Feature","geometry":{"type":"Polygon","coordinates":[[[129.086202,35.177877],[129.086135,35.177884],[129.086127,35.177829],[129.086194,35.177822],[129.086202,35.177877]]]},"properties":{}},{"type":"Feature","geometry":{"type":"Polygon","coordinates":[[[129.086039,35.178],[129.086041,35.177938],[129.086136,35.177939],[129.086135,35.178001],[129.086039,35.178]]]},"properties":{}},{"type":"Feature","geometry":{"type":"Polygon","coordinates":[[[129.086115,35.178136],[129.085991,35.178128],[129.085998,35.178051],[129.086122,35.178058],[129.086115,35.178136]]]},"properties":{}},{"type":"Feature","geometry":{"type":"Polygon","coordinates":[[[129.085942,35.178132],[129.085867,35.17812],[129.085886,35.178043],[129.085961,35.178055],[129.085942,35.178132]]]},"properties":{}},{"type":"Feature","geometry":{"type":"Polygon","coordinates":[[[129.085747,35.17736],[129.085855,35.177112],[129.085952,35.17714],[129.085907,35.177244],[129.086028,35.177279],[129.085998,35.177348],[129.085874,35.177313],[129.085842,35.177387],[129.085747,35.17736]]]},"properties":{"num_floors":18}},{"type":"Feature","geometry":{"type":"Polygon","coordinates":[[[129.08536,35.176984],[129.085433,35.177003],[129.08541,35.177062],[129.085337,35.177044],[129.08536,35.176984]]]},"properties":{}},{"type":"Feature","geometry":{"type":"Polygon","coordinates":[[[129.085279,35.177171],[129.085307,35.177097],[129.085398,35.17712],[129.08537,35.177194],[129.085279,35.177171]]]},"properties":{}},{"type":"Feature","geometry":{"type":"Polygon","coordinates":[[[129.085255,35.177295],[129.085284,35.177237],[129.085319,35.177249],[129.08529,35.177307],[129.085255,35.177295]]]},"properties":{}},{"type":"Feature","geometry":{"type":"Polygon","coordinates":[[[129.085145,35.177407],[129.085218,35.177425],[129.085195,35.177485],[129.085123,35.177466],[129.085145,35.177407]]]},"properties":{}},{"type":"Feature","geometry":{"type":"Polygon","coordinates":[[[129.085067,35.177454],[129.085034,35.177438],[129.085073,35.177384],[129.085106,35.1774],[129.085067,35.177454]]]},"properties":{}},{"type":"Feature","geometry":{"type":"Polygon","coordinates":[[[129.08506,35.177317],[129.085115,35.177331],[129.085106,35.177353],[129.085052,35.17734],[129.08506,35.177317]]]},"properties":{}},{"type":"Feature","geometry":{"type":"Polygon","coordinates":[[[129.085137,35.177278],[129.085061,35.17727],[129.085068,35.177224],[129.085144,35.177232],[129.085137,35.177278]]]},"properties":{}},{"type":"Feature","geometry":{"type":"Polygon","coordinates":[[[129.085006,35.176867],[129.085038,35.176794],[129.085199,35.176841],[129.085167,35.176915],[129.085006,35.176867]]]},"properties":{}},{"type":"Feature","geometry":{"type":"Polygon","coordinates":[[[129.085014,35.1771],[129.084916,35.177068],[129.08495,35.176996],[129.085048,35.177027],[129.085014,35.1771]]]},"properties":{}},{"type":"Feature","geometry":{"type":"Polygon","coordinates":[[[129.084638,35.176761],[129.084765,35.176794],[129.084741,35.176854],[129.084614,35.17682],[129.084638,35.176761]]]},"properties":{}},{"type":"Feature","geometry":{"type":"Polygon","coordinates":[[[129.084724,35.176972],[129.08473,35.17691],[129.084806,35.176915],[129.0848,35.176977],[129.084724,35.176972]]]},"properties":{}},{"type":"Feature","geometry":{"type":"Polygon","coordinates":[[[129.085014,35.177362],[129.084989,35.177421],[129.084818,35.177373],[129.084842,35.177314],[129.085014,35.177362]]]},"properties":{}},{"type":"Feature","geometry":{"type":"Polygon","coordinates":[[[129.084807,35.177432],[129.084852,35.177445],[129.08484,35.177475],[129.084794,35.177462],[129.084807,35.177432]]]},"properties":{}},{"type":"Feature","geometry":{"type":"Polygon","coordinates":[[[129.084927,35.17754],[129.084964,35.177548],[129.084924,35.177669],[129.084887,35.177661],[129.084927,35.17754]]]},"properties":{}},{"type":"Feature","geometry":{"type":"Polygon","coordinates":[[[129.085239,35.177565],[129.085195,35.177651],[129.085037,35.177598],[129.08508,35.177511],[129.085239,35.177565]]]},"properties":{}},{"type":"Feature","geometry":{"type":"Polygon","coordinates":[[[129.084895,35.179366],[129.084985,35.179391],[129.084892,35.179612],[129.084802,35.179586],[129.084895,35.179366]]]},"properties":{}},{"type":"Feature","geometry":{"type":"Polygon","coordinates":[[[129.085172,35.178863],[129.085106,35.179033],[129.085033,35.179014],[129.0851,35.178844],[129.085172,35.178863]]]},"properties":{}},{"type":"Feature","geometry":{"type":"Polygon","coordinates":[[[129.08525,35.178888],[129.085242,35.178934],[129.085204,35.17893],[129.085212,35.178883],[129.08525,35.178888]]]},"properties":{}},{"type":"Feature","geometry":{"type":"Polygon","coordinates":[[[129.085614,35.178988],[129.085518,35.178986],[129.085521,35.178908],[129.085616,35.17891],[129.085614,35.178988]]]},"properties":{}},{"type":"Feature","geometry":{"type":"Polygon","coordinates":[[[129.08551,35.179294],[129.085367,35.179282],[129.085381,35.179173],[129.085523,35.179185],[129.08551,35.179294]]]},"properties":{}},{"type":"Feature","geometry":{"type":"Polygon","coordinates":[[[129.085387,35.179396],[129.085385,35.179459],[129.085289,35.179456],[129.085292,35.179394],[129.085387,35.179396]]]},"properties":{}},{"type":"Feature","geometry":{"type":"Polygon","coordinates":[[[129.085359,35.179554],[129.085264,35.179551],[129.085266,35.179505],[129.085361,35.179507],[129.085359,35.179554]]]},"properties":{}},{"type":"Feature","geometry":{"type":"Polygon","coordinates":[[[129.085409,35.179508],[129.085516,35.179503],[129.085521,35.179569],[129.085413,35.179574],[129.085409,35.179508]]]},"properties":{}},{"type":"Feature","geometry":{"type":"Polygon","coordinates":[[[129.085514,35.17946],[129.085419,35.179458],[129.085422,35.179364],[129.085517,35.179366],[129.085514,35.17946]]]},"properties":{}},{"type":"Feature","geometry":{"type":"Polygon","coordinates":[[[129.085688,35.179424],[129.085555,35.179413],[129.085563,35.179351],[129.085695,35.179362],[129.085688,35.179424]]]},"properties":{}},{"type":"Feature","geometry":{"type":"Polygon","coordinates":[[[129.085652,35.179569],[129.085656,35.179491],[129.085808,35.179496],[129.085804,35.179574],[129.085652,35.179569]]]},"properties":{}},{"type":"Feature","geometry":{"type":"Polygon","coordinates":[[[129.085844,35.179154],[129.085844,35.179076],[129.085901,35.179076],[129.085901,35.179154],[129.085844,35.179154]]]},"properties":{}},{"type":"Feature","geometry":{"type":"Polygon","coordinates":[[[129.085573,35.179275],[129.085576,35.179181],[129.085634,35.179183],[129.08563,35.179276],[129.085573,35.179275]]]},"properties":{}},{"type":"Feature","geometry":{"type":"Polygon","coordinates":[[[129.085698,35.178837],[129.085792,35.178852],[129.085766,35.178959],[129.085673,35.178944],[129.085698,35.178837]]]},"properties":{}},{"type":"Feature","geometry":{"type":"Polygon","coordinates":[[[129.085848,35.178793],[129.085925,35.178793],[129.085925,35.178839],[129.085849,35.17884],[129.085848,35.178793]]]},"properties":{}},{"type":"Feature","geometry":{"type":"Polygon","coordinates":[[[129.085794,35.178821],[129.085756,35.178833],[129.085741,35.178802],[129.085779,35.17879],[129.085794,35.178821]]]},"properties":{}},{"type":"Feature","geometry":{"type":"Polygon","coordinates":[[[129.085841,35.17865],[129.085838,35.178713],[129.085609,35.178705],[129.085612,35.178642],[129.085841,35.17865]]]},"properties":{}},{"type":"Feature","geometry":{"type":"Polygon","coordinates":[[[129.085669,35.17861],[129.085642,35.178588],[129.085669,35.178566],[129.085696,35.178587],[129.085669,35.17861]]]},"properties":{}},{"type":"Feature","geometry":{"type":"Polygon","coordinates":[[[129.085569,35.178802],[129.085645,35.178811],[129.085639,35.178842],[129.085564,35.178833],[129.085569,35.178802]]]},"properties":{}},{"type":"Feature","geometry":{"type":"Polygon","coordinates":[[[129.08559,35.178435],[129.085439,35.178388],[129.085466,35.17833],[129.085617,35.178377],[129.08559,35.178435]]]},"properties":{}},{"type":"Feature","geometry":{"type":"Polygon","coordinates":[[[129.085749,35.178355],[129.085805,35.178361],[129.085796,35.178423],[129.085739,35.178417],[129.085749,35.178355]]]},"properties":{}},{"type":"Feature","geometry":{"type":"Polygon","coordinates":[[[129.085833,35.178481],[129.085828,35.178512],[129.085686,35.1785],[129.08569,35.178469],[129.085833,35.178481]]]},"properties":{}},{"type":"Feature","geometry":{"type":"Polygon","coordinates":[[[129.085765,35.178296],[129.085774,35.178234],[129.08583,35.178239],[129.085822,35.178301],[129.085765,35.178296]]]},"properties":{}},{"type":"Feature","geometry":{"type":"Polygon","coordinates":[[[129.086113,35.178296],[129.086018,35.178293],[129.086022,35.178207],[129.086117,35.17821],[129.086113,35.178296]]]},"properties":{}},{"type":"Feature","geometry":{"type":"Polygon","coordinates":[[[129.086065,35.178435],[129.086068,35.178357],[129.086144,35.178359],[129.086142,35.178436],[129.086065,35.178435]]]},"properties":{}},{"type":"Feature","geometry":{"type":"Polygon","coordinates":[[[129.086111,35.178553],[129.086113,35.178475],[129.086189,35.178477],[129.086187,35.178554],[129.086111,35.178553]]]},"properties":{}},{"type":"Feature","geometry":{"type":"Polygon","coordinates":[[[129.08597,35.178353],[129.086037,35.178353],[129.086038,35.17843],[129.085971,35.17843],[129.08597,35.178353]]]},"properties":{}},{"type":"Feature","geometry":{"type":"Polygon","coordinates":[[[129.085871,35.17856],[129.085947,35.178557],[129.085949,35.178604],[129.085873,35.178607],[129.085871,35.17856]]]},"properties":{}},{"type":"Feature","geometry":{"type":"Polygon","coordinates":[[[129.085868,35.178716],[129.085868,35.178639],[129.085962,35.178639],[129.085963,35.178716],[129.085868,35.178716]]]},"properties":{}},{"type":"Feature","geometry":{"type":"Polygon","coordinates":[[[129.085969,35.178793],[129.086045,35.178792],[129.086047,35.17887],[129.085971,35.178871],[129.085969,35.178793]]]},"properties":{}},{"type":"Feature","geometry":{"type":"Polygon","coordinates":[[[129.086094,35.178867],[129.086097,35.178789],[129.086211,35.178791],[129.086208,35.178869],[129.086094,35.178867]]]},"properties":{}},{"type":"Feature","geometry":{"type":"Polygon","coordinates":[[[129.086104,35.178703],[129.086106,35.17861],[129.086183,35.178611],[129.086181,35.178704],[129.086104,35.178703]]]},"properties":{}},{"type":"Feature","geometry":{"type":"Polygon","coordinates":[[[129.086208,35.178703],[129.086211,35.178641],[129.086287,35.178643],[129.086284,35.178705],[129.086208,35.178703]]]},"properties":{}},{"type":"Feature","geometry":{"type":"Polygon","coordinates":[[[129.086228,35.17879],[129.086323,35.178791],[129.086322,35.178869],[129.086227,35.178868],[129.086228,35.17879]]]},"properties":{}},{"type":"Feature","geometry":{"type":"Polygon","coordinates":[[[129.086359,35.178787],[129.086454,35.178786],[129.086454,35.178863],[129.08636,35.178864],[129.086359,35.178787]]]},"properties":{}},{"type":"Feature","geometry":{"type":"Polygon","coordinates":[[[129.08648,35.178789],[129.086557,35.178791],[129.086555,35.178861],[129.086478,35.17886],[129.08648,35.178789]]]},"properties":{}},{"type":"Feature","geometry":{"type":"Polygon","coordinates":[[[129.086546,35.178712],[129.086465,35.178713],[129.086464,35.178603],[129.086544,35.178602],[129.086546,35.178712]]]},"properties":{}},{"type":"Feature","geometry":{"type":"Polygon","coordinates":[[[129.08643,35.178711],[129.086349,35.178711],[129.086349,35.178645],[129.086429,35.178645],[129.08643,35.178711]]]},"properties":{}},{"type":"Feature","geometry":{"type":"Polygon","coordinates":[[[129.086426,35.178604],[129.08635,35.178606],[129.086346,35.178481],[129.086422,35.17848],[129.086426,35.178604]]]},"properties":{}},{"type":"Feature","geometry":{"type":"Polygon","coordinates":[[[129.086546,35.178486],[129.086546,35.178541],[129.086479,35.178541],[129.086479,35.178486],[129.086546,35.178486]]]},"properties":{}},{"type":"Feature","geometry":{"type":"Polygon","coordinates":[[[129.086479,35.178436],[129.086364,35.178433],[129.086366,35.178387],[129.08648,35.178389],[129.086479,35.178436]]]},"properties":{}},{"type":"Feature","geometry":{"type":"Polygon","coordinates":[[[129.086297,35.178537],[129.086221,35.178536],[129.086222,35.178474],[129.086299,35.178475],[129.086297,35.178537]]]},"properties":{}},{"type":"Feature","geometry":{"type":"Polygon","coordinates":[[[129.086175,35.17843],[129.086178,35.178353],[129.086311,35.178356],[129.086309,35.178433],[129.086175,35.17843]]]},"properties":{}},{"type":"Feature","geometry":{"type":"Polygon","coordinates":[[[129.086167,35.178221],[129.086301,35.178217],[129.086304,35.178311],[129.086171,35.178314],[129.086167,35.178221]]]},"properties":{}},{"type":"Feature","geometry":{"type":"Polygon","coordinates":[[[129.086479,35.178274],[129.086358,35.178274],[129.086358,35.178197],[129.086479,35.178197],[129.086479,35.178274]]]},"properties":{}},{"type":"Feature","geometry":{"type":"Polygon","coordinates":[[[129.086369,35.178371],[129.086366,35.178309],[129.086481,35.178306],[129.086483,35.178368],[129.086369,35.178371]]]},"properties":{}},{"type":"Feature","geometry":{"type":"Polygon","coordinates":[[[129.086611,35.178191],[129.086611,35.178269],[129.086516,35.17827],[129.086515,35.178192],[129.086611,35.178191]]]},"properties":{}},{"type":"Feature","geometry":{"type":"Polygon","coordinates":[[[129.086614,35.178297],[129.086616,35.17836],[129.086521,35.178362],[129.086519,35.1783],[129.086614,35.178297]]]},"properties":{}},{"type":"Feature","geometry":{"type":"Polygon","coordinates":[[[129.086526,35.178439],[129.086525,35.178384],[129.086619,35.178382],[129.08662,35.178437],[129.086526,35.178439]]]},"properties":{}},{"type":"Feature","geometry":{"type":"Polygon","coordinates":[[[129.086665,35.178362],[129.086746,35.178362],[129.086746,35.178428],[129.086665,35.178428],[129.086665,35.178362]]]},"properties":{}},{"type":"Feature","geometry":{"type":"Polygon","coordinates":[[[129.086839,35.178478],[129.086779,35.178502],[129.086761,35.178472],[129.086822,35.178448],[129.086839,35.178478]]]},"properties":{}},{"type":"Feature","geometry":{"type":"Polygon","coordinates":[[[129.086755,35.178272],[129.086755,35.178328],[129.08666,35.178328],[129.08666,35.178273],[129.086755,35.178272]]]},"properties":{}},{"type":"Feature","geometry":{"type":"Polygon","coordinates":[[[129.086665,35.178186],[129.086779,35.178182],[129.086783,35.178244],[129.086669,35.178248],[129.086665,35.178186]]]},"properties":{}},{"type":"Feature","geometry":{"type":"Polygon","coordinates":[[[129.086838,35.178237],[129.086834,35.178193],[129.086941,35.178186],[129.086946,35.17823],[129.086838,35.178237]]]},"properties":{}},{"type":"Feature","geometry":{"type":"Polygon","coordinates":[[[129.087007,35.178196],[129.087121,35.178199],[129.087118,35.178277],[129.087004,35.178274],[129.087007,35.178196]]]},"properties":{}},{"type":"Feature","geometry":{"type":"Polygon","coordinates":[[[129.087124,35.178338],[129.087029,35.178339],[129.087028,35.178292],[129.087123,35.178292],[129.087124,35.178338]]]},"properties":{}},{"type":"Feature","geometry":{"type":"Polygon","coordinates":[[[129.08698,35.178516],[129.086899,35.178516],[129.086899,35.17845],[129.08698,35.17845],[129.08698,35.178516]]]},"properties":{}},{"type":"Feature","geometry":{"type":"Polygon","coordinates":[[[129.086902,35.178428],[129.086901,35.178351],[129.086977,35.17835],[129.086978,35.178428],[129.086902,35.178428]]]},"properties":{}},{"type":"Feature","geometry":{"type":"Polygon","coordinates":[[[129.0869,35.178635],[129.08698,35.178633],[129.086983,35.178699],[129.086902,35.178701],[129.0869,35.178635]]]},"properties":{}},{"type":"Feature","geometry":{"type":"Polygon","coordinates":[[[129.086989,35.178546],[129.086989,35.178608],[129.086894,35.178608],[129.086894,35.178546],[129.086989,35.178546]]]},"properties":{}},{"type":"Feature","geometry":{"type":"Polygon","coordinates":[[[129.087036,35.178605],[129.08704,35.178542],[129.087116,35.178546],[129.087112,35.178608],[129.087036,35.178605]]]},"properties":{}},{"type":"Feature","geometry":{"type":"Polygon","coordinates":[[[129.086944,35.178869],[129.086849,35.178871],[129.086847,35.178793],[129.086942,35.178791],[129.086944,35.178869]]]},"properties":{}},{"type":"Feature","geometry":{"type":"Polygon","coordinates":[[[129.086803,35.178804],[129.086803,35.178882],[129.086727,35.178882],[129.086727,35.178804],[129.086803,35.178804]]]},"properties":{}},{"type":"Feature","geometry":{"type":"Polygon","coordinates":[[[129.086854,35.178717],[129.086759,35.178712],[129.086764,35.178635],[129.086859,35.178639],[129.086854,35.178717]]]},"properties":{}},{"type":"Feature","geometry":{"type":"Polygon","coordinates":[[[129.086843,35.178528],[129.086843,35.17859],[129.086748,35.17859],[129.086748,35.178528],[129.086843,35.178528]]]},"properties":{}},{"type":"Feature","geometry":{"type":"Polygon","coordinates":[[[129.086648,35.178719],[129.086647,35.178641],[129.086723,35.178641],[129.086725,35.178718],[129.086648,35.178719]]]},"properties":{}},{"type":"Feature","geometry":{"type":"Polygon","coordinates":[[[129.086709,35.178534],[129.086707,35.178597],[129.086612,35.178595],[129.086614,35.178532],[129.086709,35.178534]]]},"properties":{}},{"type":"Feature","geometry":{"type":"Polygon","coordinates":[[[129.086625,35.178906],[129.086624,35.178829],[129.086691,35.178828],[129.086692,35.178905],[129.086625,35.178906]]]},"properties":{}},{"type":"Feature","geometry":{"type":"Polygon","coordinates":[[[129.086634,35.179029],[129.086629,35.178963],[129.086683,35.17896],[129.086687,35.179026],[129.086634,35.179029]]]},"properties":{}},{"type":"Feature","geometry":{"type":"Polygon","coordinates":[[[129.086581,35.179052],[129.086486,35.179051],[129.086487,35.178989],[129.086583,35.17899],[129.086581,35.179052]]]},"properties":{}},{"type":"Feature","geometry":{"type":"Polygon","coordinates":[[[129.086517,35.179092],[129.086613,35.179093],[129.086612,35.179155],[129.086516,35.179154],[129.086517,35.179092]]]},"properties":{}},{"type":"Feature","geometry":{"type":"Polygon","coordinates":[[[129.08678,35.179147],[129.086666,35.179149],[129.086664,35.179087],[129.086778,35.179084],[129.08678,35.179147]]]},"properties":{}},{"type":"Feature","geometry":{"type":"Polygon","coordinates":[[[129.086713,35.178989],[129.086807,35.178988],[129.086808,35.179043],[129.086714,35.179044],[129.086713,35.178989]]]},"properties":{}},{"type":"Feature","geometry":{"type":"Polygon","coordinates":[[[129.087049,35.178893],[129.087147,35.17894],[129.087109,35.178994],[129.08701,35.178947],[129.087049,35.178893]]]},"properties":{}},{"type":"Feature","geometry":{"type":"Polygon","coordinates":[[[129.086996,35.178973],[129.087079,35.179012],[129.087041,35.179066],[129.086958,35.179027],[129.086996,35.178973]]]},"properties":{}},{"type":"Feature","geometry":{"type":"Polygon","coordinates":[[[129.08693,35.179074],[129.087026,35.179109],[129.086988,35.17918],[129.086892,35.179145],[129.08693,35.179074]]]},"properties":{}},{"type":"Feature","geometry":{"type":"Polygon","coordinates":[[[129.086922,35.179322],[129.086832,35.179298],[129.086874,35.179194],[129.086964,35.179218],[129.086922,35.179322]]]},"properties":{}},{"type":"Feature","geometry":{"type":"Polygon","coordinates":[[[129.087051,35.179361],[129.087203,35.179367],[129.087199,35.179445],[129.087047,35.179439],[129.087051,35.179361]]]},"properties":{}},{"type":"Feature","geometry":{"type":"Polygon","coordinates":[[[129.086886,35.179498],[129.086981,35.179499],[129.08698,35.179561],[129.086885,35.17956],[129.086886,35.179498]]]},"properties":{}},{"type":"Feature","geometry":{"type":"Polygon","coordinates":[[[129.086875,35.179465],[129.086871,35.179388],[129.086965,35.179384],[129.086969,35.179462],[129.086875,35.179465]]]},"properties":{}},{"type":"Feature","geometry":{"type":"Polygon","coordinates":[[[129.086825,35.179566],[129.086717,35.179566],[129.086717,35.1795],[129.086825,35.1795],[129.086825,35.179566]]]},"properties":{}},{"type":"Feature","geometry":{"type":"Polygon","coordinates":[[[129.0866,35.179309],[129.086594,35.17921],[129.086689,35.179207],[129.086694,35.179306],[129.0866,35.179309]]]},"properties":{}},{"type":"Feature","geometry":{"type":"Polygon","coordinates":[[[129.086532,35.179441],[129.08654,35.179395],[129.086616,35.179404],[129.086607,35.17945],[129.086532,35.179441]]]},"properties":{}},{"type":"Feature","geometry":{"type":"Polygon","coordinates":[[[129.086443,35.17946],[129.086437,35.179491],[129.086361,35.179482],[129.086367,35.179451],[129.086443,35.17946]]]},"properties":{}},{"type":"Feature","geometry":{"type":"Polygon","coordinates":[[[129.086445,35.179576],[129.08635,35.179576],[129.086349,35.17953],[129.086444,35.179529],[129.086445,35.179576]]]},"properties":{}},{"type":"Feature","geometry":{"type":"Polygon","coordinates":[[[129.086219,35.179559],[129.08623,35.179505],[129.086286,35.179513],[129.086275,35.179567],[129.086219,35.179559]]]},"properties":{}},{"type":"Feature","geometry":{"type":"Polygon","coordinates":[[[129.086225,35.179406],[129.086227,35.179344],[129.086303,35.179345],[129.086302,35.179407],[129.086225,35.179406]]]},"properties":{}},{"type":"Feature","geometry":{"type":"Polygon","coordinates":[[[129.086523,35.1792],[129.086523,35.179288],[129.086442,35.179288],[129.086442,35.1792],[129.086523,35.1792]]]},"properties":{}},{"type":"Feature","geometry":{"type":"Polygon","coordinates":[[[129.086462,35.179126],[129.086383,35.179139],[129.086378,35.179117],[129.086457,35.179105],[129.086462,35.179126]]]},"properties":{}},{"type":"Feature","geometry":{"type":"Polygon","coordinates":[[[129.086457,35.178992],[129.086458,35.179047],[129.086364,35.179048],[129.086363,35.178993],[129.086457,35.178992]]]},"properties":{}},{"type":"Feature","geometry":{"type":"Polygon","coordinates":[[[129.086246,35.179034],[129.086246,35.17899],[129.086327,35.17899],[129.086327,35.179034],[129.086246,35.179034]]]},"properties":{}},{"type":"Feature","geometry":{"type":"Polygon","coordinates":[[[129.086332,35.178968],[129.086237,35.178968],[129.086237,35.178913],[129.086331,35.178913],[129.086332,35.178968]]]},"properties":{}},{"type":"Feature","geometry":{"type":"Polygon","coordinates":[[[129.086285,35.179152],[129.086208,35.179151],[129.086209,35.179073],[129.086286,35.179074],[129.086285,35.179152]]]},"properties":{}},{"type":"Feature","geometry":{"type":"Polygon","coordinates":[[[129.086201,35.178963],[129.086106,35.178962],[129.086107,35.1789],[129.086202,35.1789],[129.086201,35.178963]]]},"properties":{}},{"type":"Feature","geometry":{"type":"Polygon","coordinates":[[[129.086162,35.179089],[129.086081,35.17909],[129.08608,35.179023],[129.086161,35.179023],[129.086162,35.179089]]]},"properties":{}},{"type":"Feature","geometry":{"type":"Polygon","coordinates":[[[129.08606,35.178954],[129.085966,35.178961],[129.08596,35.178906],[129.086054,35.178899],[129.08606,35.178954]]]},"properties":{}},{"type":"Feature","geometry":{"type":"Polygon","coordinates":[[[129.086021,35.179095],[129.086019,35.179165],[129.085943,35.179164],[129.085945,35.179094],[129.086021,35.179095]]]},"properties":{}},{"type":"Feature","geometry":{"type":"Polygon","coordinates":[[[129.08603,35.179197],[129.086032,35.179275],[129.08586,35.179278],[129.085858,35.1792],[129.08603,35.179197]]]},"properties":{}},{"type":"Feature","geometry":{"type":"Polygon","coordinates":[[[129.086109,35.179541],[129.085934,35.179549],[129.085927,35.17945],[129.086102,35.179442],[129.086109,35.179541]]]},"properties":{}},{"type":"Feature","geometry":{"type":"Polygon","coordinates":[[[129.085924,35.17979],[129.085943,35.179714],[129.086083,35.179737],[129.086064,35.179814],[129.085924,35.17979]]]},"properties":{}},{"type":"Feature","geometry":{"type":"Polygon","coordinates":[[[129.086128,35.179876],[129.086129,35.179975],[129.086034,35.179976],[129.086034,35.179877],[129.086128,35.179876]]]},"properties":{}},{"type":"Feature","geometry":{"type":"Polygon","coordinates":[[[129.085901,35.17994],[129.085977,35.179938],[129.08598,35.18],[129.085904,35.180003],[129.085901,35.17994]]]},"properties":{}},{"type":"Feature","geometry":{"type":"Polygon","coordinates":[[[129.086007,35.18007],[129.086069,35.180048],[129.086085,35.180078],[129.086024,35.180101],[129.086007,35.18007]]]},"properties":{}},{"type":"Feature","geometry":{"type":"Polygon","coordinates":[[[129.085964,35.18011],[129.08587,35.180111],[129.08587,35.180056],[129.085964,35.180055],[129.085964,35.18011]]]},"properties":{}},{"type":"Feature","geometry":{"type":"Polygon","coordinates":[[[129.085867,35.180359],[129.085859,35.180227],[129.085967,35.180222],[129.085974,35.180354],[129.085867,35.180359]]]},"properties":{}},{"type":"Feature","geometry":{"type":"Polygon","coordinates":[[[129.086153,35.180225],[129.086248,35.180233],[129.08624,35.180295],[129.086146,35.180287],[129.086153,35.180225]]]},"properties":{}},{"type":"Feature","geometry":{"type":"Polygon","coordinates":[[[129.086111,35.18017],[129.086111,35.180115],[129.086179,35.180115],[129.086179,35.18017],[129.086111,35.18017]]]},"properties":{}},{"type":"Feature","geometry":{"type":"Polygon","coordinates":[[[129.086264,35.179972],[129.086264,35.180019],[129.086187,35.180018],[129.086188,35.179971],[129.086264,35.179972]]]},"properties":{}},{"type":"Feature","geometry":{"type":"Polygon","coordinates":[[[129.086318,35.180107],[129.086321,35.180174],[129.086213,35.180177],[129.08621,35.180111],[129.086318,35.180107]]]},"properties":{}},{"type":"Feature","geometry":{"type":"Polygon","coordinates":[[[129.086413,35.180263],[129.086395,35.180324],[129.086293,35.180303],[129.086312,35.180242],[129.086413,35.180263]]]},"properties":{}},{"type":"Feature","geometry":{"type":"Polygon","coordinates":[[[129.086364,35.180166],[129.086381,35.180121],[129.086436,35.180135],[129.086419,35.18018],[129.086364,35.180166]]]},"properties":{}},{"type":"Feature","geometry":{"type":"Polygon","coordinates":[[[129.086444,35.180019],[129.086439,35.180065],[129.086325,35.180057],[129.08633,35.180011],[129.086444,35.180019]]]},"properties":{}},{"type":"Feature","geometry":{"type":"Polygon","coordinates":[[[129.0864,35.17989],[129.086396,35.179968],[129.086301,35.179965],[129.086304,35.179887],[129.0864,35.17989]]]},"properties":{}},{"type":"Feature","geometry":{"type":"Polygon","coordinates":[[[129.086311,35.179796],[129.08631,35.179752],[129.086391,35.179752],[129.086392,35.179796],[129.086311,35.179796]]]},"properties":{}},{"type":"Feature","geometry":{"type":"Polygon","coordinates":[[[129.086417,35.179607],[129.086414,35.179654],[129.086319,35.17965],[129.086322,35.179603],[129.086417,35.179607]]]},"properties":{}},{"type":"Feature","geometry":{"type":"Polygon","coordinates":[[[129.086508,35.179851],[129.086511,35.17975],[129.086588,35.179752],[129.086584,35.179853],[129.086508,35.179851]]]},"properties":{}},{"type":"Feature","geometry":{"type":"Polygon","coordinates":[[[129.086803,35.179823],[129.08667,35.179816],[129.086684,35.17963],[129.086817,35.179637],[129.086803,35.179823]]]},"properties":{}},{"type":"Feature","geometry":{"type":"Polygon","coordinates":[[[129.087014,35.179821],[129.0869,35.179815],[129.086915,35.179621],[129.087029,35.179627],[129.087014,35.179821]]]},"properties":{}},{"type":"Feature","geometry":{"type":"Polygon","coordinates":[[[129.087177,35.179651],[129.087177,35.179717],[129.087069,35.179718],[129.087069,35.179651],[129.087177,35.179651]]]},"properties":{}},{"type":"Feature","geometry":{"type":"Polygon","coordinates":[[[129.087056,35.179738],[129.08717,35.17974],[129.087169,35.179817],[129.087054,35.179816],[129.087056,35.179738]]]},"properties":{}},{"type":"Feature","geometry":{"type":"Polygon","coordinates":[[[129.086935,35.180136],[129.08694,35.180073],[129.086997,35.180077],[129.086992,35.180139],[129.086935,35.180136]]]},"properties":{}},{"type":"Feature","geometry":{"type":"Polygon","coordinates":[[[129.086909,35.180037],[129.086909,35.179971],[129.08699,35.179971],[129.08699,35.180037],[129.086909,35.180037]]]},"properties":{}},{"type":"Feature","geometry":{"type":"Polygon","coordinates":[[[129.087046,35.180137],[129.087046,35.18007],[129.087127,35.18007],[129.087127,35.180136],[129.087046,35.180137]]]},"properties":{}},{"type":"Feature","geometry":{"type":"Polygon","coordinates":[[[129.087112,35.180175],[129.087112,35.18023],[129.087018,35.18023],[129.087018,35.180175],[129.087112,35.180175]]]},"properties":{}},{"type":"Feature","geometry":{"type":"Polygon","coordinates":[[[129.086918,35.180265],[129.086985,35.18026],[129.086992,35.180314],[129.086925,35.18032],[129.086918,35.180265]]]},"properties":{}},{"type":"Feature","geometry":{"type":"Polygon","coordinates":[[[129.087,35.180168],[129.087,35.180222],[129.086906,35.180223],[129.086906,35.180168],[129.087,35.180168]]]},"properties":{}},{"type":"Feature","geometry":{"type":"Polygon","coordinates":[[[129.086848,35.180327],[129.086791,35.180325],[129.086797,35.180185],[129.086854,35.180186],[129.086848,35.180327]]]},"properties":{}},{"type":"Feature","geometry":{"type":"Polygon","coordinates":[[[129.086767,35.180286],[129.086591,35.180288],[129.08659,35.180189],[129.086765,35.180186],[129.086767,35.180286]]]},"properties":{}},{"type":"Feature","geometry":{"type":"Polygon","coordinates":[[[129.086718,35.180146],[129.086716,35.180084],[129.086811,35.180082],[129.086813,35.180144],[129.086718,35.180146]]]},"properties":{}},{"type":"Feature","geometry":{"type":"Polygon","coordinates":[[[129.086838,35.180046],[129.086609,35.180052],[129.086606,35.179975],[129.086835,35.179969],[129.086838,35.180046]]]},"properties":{}},{"type":"Feature","geometry":{"type":"Polygon","coordinates":[[[129.086693,35.180089],[129.086696,35.180152],[129.0866,35.180154],[129.086598,35.180092],[129.086693,35.180089]]]},"properties":{}},{"type":"Feature","geometry":{"type":"Polygon","coordinates":[[[129.086486,35.180521],[129.086633,35.180513],[129.086642,35.180611],[129.086494,35.18062],[129.086486,35.180521]]]},"properties":{}},{"type":"Feature","geometry":{"type":"Polygon","coordinates":[[[129.086712,35.180524],[129.086789,35.180526],[129.086786,35.180588],[129.08671,35.180586],[129.086712,35.180524]]]},"properties":{}},{"type":"Feature","geometry":{"type":"Polygon","coordinates":[[[129.0867,35.180426],[129.086698,35.180363],[129.086756,35.180363],[129.086757,35.180425],[129.0867,35.180426]]]},"properties":{}},{"type":"Feature","geometry":{"type":"Polygon","coordinates":[[[129.086843,35.180399],[129.086809,35.180385],[129.086831,35.180351],[129.086865,35.180365],[129.086843,35.180399]]]},"properties":{}},{"type":"Feature","geometry":{"type":"Polygon","coordinates":[[[129.086913,35.180357],[129.086989,35.180356],[129.086991,35.180434],[129.086915,35.180435],[129.086913,35.180357]]]},"properties":{}},{"type":"Feature","geometry":{"type":"Polygon","coordinates":[[[129.087027,35.180356],[129.087103,35.180356],[129.087102,35.180434],[129.087026,35.180434],[129.087027,35.180356]]]},"properties":{}},{"type":"Feature","geometry":{"type":"Polygon","coordinates":[[[129.087016,35.180498],[129.087124,35.180496],[129.087126,35.180562],[129.087018,35.180564],[129.087016,35.180498]]]},"properties":{}},{"type":"Feature","geometry":{"type":"Polygon","coordinates":[[[129.087107,35.180685],[129.087011,35.180684],[129.087012,35.180622],[129.087107,35.180623],[129.087107,35.180685]]]},"properties":{}},{"type":"Feature","geometry":{"type":"Polygon","coordinates":[[[129.086842,35.180598],[129.086839,35.180504],[129.086953,35.180502],[129.086956,35.180596],[129.086842,35.180598]]]},"properties":{}},{"type":"Feature","geometry":{"type":"Polygon","coordinates":[[[129.086846,35.180635],[129.08694,35.180632],[129.086943,35.180687],[129.086849,35.18069],[129.086846,35.180635]]]},"properties":{}},{"type":"Feature","geometry":{"type":"Polygon","coordinates":[[[129.086855,35.180726],[129.086936,35.180723],[129.08694,35.180788],[129.086859,35.180792],[129.086855,35.180726]]]},"properties":{}},{"type":"Feature","geometry":{"type":"Polygon","coordinates":[[[129.087075,35.180788],[129.086995,35.180788],[129.086994,35.180722],[129.087075,35.180722],[129.087075,35.180788]]]},"properties":{}},{"type":"Feature","geometry":{"type":"Polygon","coordinates":[[[129.086988,35.180828],[129.087084,35.18083],[129.087082,35.180908],[129.086987,35.180906],[129.086988,35.180828]]]},"properties":{}},{"type":"Feature","geometry":{"type":"Polygon","coordinates":[[[129.086862,35.180903],[129.086861,35.180826],[129.086928,35.180826],[129.086929,35.180903],[129.086862,35.180903]]]},"properties":{}},{"type":"Feature","geometry":{"type":"Polygon","coordinates":[[[129.086734,35.180749],[129.086787,35.180742],[129.086792,35.180763],[129.086739,35.180771],[129.086734,35.180749]]]},"properties":{}},{"type":"Feature","geometry":{"type":"Polygon","coordinates":[[[129.086736,35.180643],[129.086746,35.180686],[129.086693,35.180694],[129.086683,35.180651],[129.086736,35.180643]]]},"properties":{}},{"type":"Feature","geometry":{"type":"Polygon","coordinates":[[[129.086618,35.180912],[129.08661,35.180736],[129.086691,35.180734],[129.086699,35.18091],[129.086618,35.180912]]]},"properties":{}},{"type":"Feature","geometry":{"type":"Polygon","coordinates":[[[129.086464,35.180702],[129.086465,35.18064],[129.086646,35.180642],[129.086645,35.180704],[129.086464,35.180702]]]},"properties":{}},{"type":"Feature","geometry":{"type":"Polygon","coordinates":[[[129.086434,35.180837],[129.086548,35.180834],[129.086552,35.180928],[129.086438,35.180931],[129.086434,35.180837]]]},"properties":{}},{"type":"Feature","geometry":{"type":"Polygon","coordinates":[[[129.086297,35.180764],[129.08629,35.180826],[129.086214,35.18082],[129.086221,35.180758],[129.086297,35.180764]]]},"properties":{}},{"type":"Feature","geometry":{"type":"Polygon","coordinates":[[[129.086443,35.180807],[129.086442,35.180741],[129.086549,35.180739],[129.086551,35.180805],[129.086443,35.180807]]]},"properties":{}},{"type":"Feature","geometry":{"type":"Polygon","coordinates":[[[129.086151,35.18059],[129.086227,35.180594],[129.086217,35.180703],[129.086141,35.180698],[129.086151,35.18059]]]},"properties":{}},{"type":"Feature","geometry":{"type":"Polygon","coordinates":[[[129.086162,35.18053],[129.086139,35.180516],[129.086173,35.180479],[129.086196,35.180492],[129.086162,35.18053]]]},"properties":{}},{"type":"Feature","geometry":{"type":"Polygon","coordinates":[[[129.086006,35.180504],[129.086012,35.180442],[129.086088,35.180446],[129.086082,35.180509],[129.086006,35.180504]]]},"properties":{}},{"type":"Feature","geometry":{"type":"Polygon","coordinates":[[[129.085991,35.180609],[129.085998,35.180547],[129.086102,35.180554],[129.086095,35.180616],[129.085991,35.180609]]]},"properties":{}},{"type":"Feature","geometry":{"type":"Polygon","coordinates":[[[129.086088,35.180634],[129.086087,35.180697],[129.085992,35.180696],[129.085992,35.180634],[129.086088,35.180634]]]},"properties":{}},{"type":"Feature","geometry":{"type":"Polygon","coordinates":[[[129.086069,35.180819],[129.086076,35.180757],[129.086152,35.180763],[129.086145,35.180825],[129.086069,35.180819]]]},"properties":{}},{"type":"Feature","geometry":{"type":"Polygon","coordinates":[[[129.086243,35.180884],[129.086232,35.180945],[129.086119,35.180932],[129.08613,35.18087],[129.086243,35.180884]]]},"properties":{}},{"type":"Feature","geometry":{"type":"Polygon","coordinates":[[[129.086113,35.180966],[129.086227,35.180977],[129.086218,35.181039],[129.086104,35.181028],[129.086113,35.180966]]]},"properties":{}},{"type":"Feature","geometry":{"type":"Polygon","coordinates":[[[129.085972,35.181018],[129.085972,35.180941],[129.08604,35.180941],[129.08604,35.181018],[129.085972,35.181018]]]},"properties":{}},{"type":"Feature","geometry":{"type":"Polygon","coordinates":[[[129.085851,35.18091],[129.085945,35.180926],[129.085933,35.180972],[129.085839,35.180956],[129.085851,35.18091]]]},"properties":{}},{"type":"Feature","geometry":{"type":"Polygon","coordinates":[[[129.085724,35.180958],[129.085725,35.180865],[129.085782,35.180865],[129.085781,35.180959],[129.085724,35.180958]]]},"properties":{}},{"type":"Feature","geometry":{"type":"Polygon","coordinates":[[[129.085799,35.180724],[129.085771,35.180765],[129.08573,35.180746],[129.085757,35.180705],[129.085799,35.180724]]]},"properties":{}},{"type":"Feature","geometry":{"type":"Polygon","coordinates":[[[129.085676,35.180701],[129.085676,35.180763],[129.085599,35.180763],[129.0856,35.1807],[129.085676,35.180701]]]},"properties":{}},{"type":"Feature","geometry":{"type":"Polygon","coordinates":[[[129.085781,35.180985],[129.085785,35.181047],[129.085614,35.181054],[129.08561,35.180991],[129.085781,35.180985]]]},"properties":{}},{"type":"Feature","geometry":{"type":"Polygon","coordinates":[[[129.085553,35.180788],[129.085536,35.181006],[129.085479,35.181003],[129.085495,35.180785],[129.085553,35.180788]]]},"properties":{}},{"type":"Feature","geometry":{"type":"Polygon","coordinates":[[[129.085235,35.180929],[129.085423,35.180922],[129.085428,35.18101],[129.08524,35.181017],[129.085235,35.180929]]]},"properties":{}},{"type":"Feature","geometry":{"type":"Polygon","coordinates":[[[129.085445,35.180794],[129.085448,35.180848],[129.085391,35.18085],[129.085388,35.180796],[129.085445,35.180794]]]},"properties":{}},{"type":"Feature","geometry":{"type":"Polygon","coordinates":[[[129.085234,35.180861],[129.085235,35.180799],[129.08533,35.1808],[129.085329,35.180862],[129.085234,35.180861]]]},"properties":{}},{"type":"Feature","geometry":{"type":"Polygon","coordinates":[[[129.085517,35.180697],[129.085422,35.180698],[129.085421,35.180573],[129.085516,35.180573],[129.085517,35.180697]]]},"properties":{}},{"type":"Feature","geometry":{"type":"Polygon","coordinates":[[[129.085301,35.180707],[129.085286,35.180586],[129.08538,35.180578],[129.085395,35.180699],[129.085301,35.180707]]]},"properties":{}},{"type":"Feature","geometry":{"type":"Polygon","coordinates":[[[129.085344,35.180302],[129.085358,35.180356],[129.085292,35.180367],[129.085278,35.180313],[129.085344,35.180302]]]},"properties":{}},{"type":"Feature","geometry":{"type":"Polygon","coordinates":[[[129.085784,35.18052],[129.085663,35.18052],[129.085663,35.180399],[129.085784,35.180398],[129.085784,35.18052]]]},"properties":{}},{"type":"Feature","geometry":{"type":"Polygon","coordinates":[[[129.085593,35.180601],[129.085688,35.180602],[129.085687,35.180664],[129.085592,35.180663],[129.085593,35.180601]]]},"properties":{}},{"type":"Feature","geometry":{"type":"Polygon","coordinates":[[[129.085722,35.180655],[129.085726,35.180593],[129.085783,35.180595],[129.085779,35.180657],[129.085722,35.180655]]]},"properties":{}},{"type":"Feature","geometry":{"type":"Polygon","coordinates":[[[129.085929,35.180692],[129.085835,35.180692],[129.085835,35.180637],[129.085929,35.180636],[129.085929,35.180692]]]},"properties":{}},{"type":"Feature","geometry":{"type":"Polygon","coordinates":[[[129.085935,35.180542],[129.085936,35.180605],[129.08584,35.180605],[129.08584,35.180543],[129.085935,35.180542]]]},"properties":{}},{"type":"Feature","geometry":{"type":"Polygon","coordinates":[[[129.085717,35.180182],[129.085717,35.180127],[129.085811,35.180127],[129.085811,35.180182],[129.085717,35.180182]]]},"properties":{}},{"type":"Feature","geometry":{"type":"Polygon","coordinates":[[[129.08567,35.180321],[129.085686,35.180236],[129.085818,35.180253],[129.085802,35.180337],[129.08567,35.180321]]]},"properties":{}},{"type":"Feature","geometry":{"type":"Polygon","coordinates":[[[129.085628,35.180124],[129.08562,35.180178],[129.085582,35.180174],[129.08559,35.18012],[129.085628,35.180124]]]},"properties":{}},{"type":"Feature","geometry":{"type":"Polygon","coordinates":[[[129.085855,35.180022],[129.085779,35.180022],[129.08578,35.17996],[129.085856,35.17996],[129.085855,35.180022]]]},"properties":{}},{"type":"Feature","geometry":{"type":"Polygon","coordinates":[[[129.08573,35.18011],[129.085728,35.180055],[129.085822,35.180052],[129.085824,35.180107],[129.08573,35.18011]]]},"properties":{}},{"type":"Feature","geometry":{"type":"Polygon","coordinates":[[[129.085825,35.179814],[129.085822,35.179726],[129.085876,35.179725],[129.085879,35.179813],[129.085825,35.179814]]]},"properties":{}},{"type":"Feature","geometry":{"type":"Polygon","coordinates":[[[129.08577,35.179604],[129.085774,35.179681],[129.085707,35.179683],[129.085703,35.179606],[129.08577,35.179604]]]},"properties":{}},{"type":"Feature","geometry":{"type":"Polygon","coordinates":[[[129.085648,35.179628],[129.085656,35.179671],[129.085602,35.179678],[129.085595,35.179634],[129.085648,35.179628]]]},"properties":{}},{"type":"Feature","geometry":{"type":"Polygon","coordinates":[[[129.085604,35.179734],[129.08568,35.179733],[129.085681,35.179811],[129.085605,35.179812],[129.085604,35.179734]]]},"properties":{}},{"type":"Feature","geometry":{"type":"Polygon","coordinates":[[[129.0856,35.179965],[129.085447,35.179961],[129.08545,35.179883],[129.085603,35.179887],[129.0856,35.179965]]]},"properties":{}},{"type":"Feature","geometry":{"type":"Polygon","coordinates":[[[129.085436,35.179747],[129.085544,35.179747],[129.085545,35.179813],[129.085437,35.179813],[129.085436,35.179747]]]},"properties":{}},{"type":"Feature","geometry":{"type":"Polygon","coordinates":[[[129.085441,35.179626],[129.085536,35.179627],[129.085535,35.179705],[129.08544,35.179704],[129.085441,35.179626]]]},"properties":{}},{"type":"Feature","geometry":{"type":"Polygon","coordinates":[[[129.085381,35.180033],[129.085432,35.18002],[129.085458,35.180094],[129.085407,35.180107],[129.085381,35.180033]]]},"properties":{}},{"type":"Feature","geometry":{"type":"Polygon","coordinates":[[[129.085544,35.180105],[129.085534,35.180029],[129.085574,35.180025],[129.085584,35.180102],[129.085544,35.180105]]]},"properties":{}},{"type":"Feature","geometry":{"type":"Polygon","coordinates":[[[129.085463,35.180201],[129.085558,35.180201],[129.085559,35.180263],[129.085463,35.180264],[129.085463,35.180201]]]},"properties":{}},{"type":"Feature","geometry":{"type":"Polygon","coordinates":[[[129.085303,35.180156],[129.085348,35.180185],[129.085313,35.180222],[129.085268,35.180193],[129.085303,35.180156]]]},"properties":{}},{"type":"Feature","geometry":{"type":"Polygon","coordinates":[[[129.085282,35.179749],[129.085281,35.179811],[129.085166,35.179809],[129.085168,35.179747],[129.085282,35.179749]]]},"properties":{}},{"type":"Feature","geometry":{"type":"Polygon","coordinates":[[[129.085202,35.179693],[129.085212,35.1796],[129.085326,35.179607],[129.085316,35.179701],[129.085202,35.179693]]]},"properties":{}},{"type":"Feature","geometry":{"type":"Polygon","coordinates":[[[129.084781,35.179931],[129.084818,35.179826],[129.08491,35.179848],[129.084872,35.179953],[129.084781,35.179931]]]},"properties":{}},{"type":"Feature","geometry":{"type":"Polygon","coordinates":[[[129.084872,35.179733],[129.084914,35.179706],[129.084947,35.179741],[129.084904,35.179768],[129.084872,35.179733]]]},"properties":{}},{"type":"Feature","geometry":{"type":"Polygon","coordinates":[[[129.084603,35.179945],[129.084646,35.179842],[129.084719,35.179862],[129.084676,35.179965],[129.084603,35.179945]]]},"properties":{}},{"type":"Feature","geometry":{"type":"Polygon","coordinates":[[[129.084683,35.180121],[129.084713,35.180048],[129.084804,35.180072],[129.084774,35.180146],[129.084683,35.180121]]]},"properties":{}},{"type":"Feature","geometry":{"type":"Polygon","coordinates":[[[129.084756,35.180025],[129.084764,35.17997],[129.084821,35.179977],[129.084812,35.180031],[129.084756,35.180025]]]},"properties":{}},{"type":"Feature","geometry":{"type":"Polygon","coordinates":[[[129.084835,35.18057],[129.084855,35.180634],[129.084803,35.180645],[129.084783,35.180581],[129.084835,35.18057]]]},"properties":{}},{"type":"Feature","geometry":{"type":"Polygon","coordinates":[[[129.085039,35.180327],[129.085034,35.180389],[129.084939,35.180384],[129.084944,35.180322],[129.085039,35.180327]]]},"properties":{}},{"type":"Feature","geometry":{"type":"Polygon","coordinates":[[[129.085199,35.180302],[129.085192,35.180396],[129.085097,35.180391],[129.085104,35.180298],[129.085199,35.180302]]]},"properties":{}},{"type":"Feature","geometry":{"type":"Polygon","coordinates":[[[129.0851,35.180594],[129.085107,35.180438],[129.085183,35.18044],[129.085176,35.180596],[129.0851,35.180594]]]},"properties":{}},{"type":"Feature","geometry":{"type":"Polygon","coordinates":[[[129.085029,35.18066],[129.085067,35.180666],[129.085059,35.180697],[129.085022,35.18069],[129.085029,35.18066]]]},"properties":{}},{"type":"Feature","geometry":{"type":"Polygon","coordinates":[[[129.085051,35.180761],[129.085146,35.180767],[129.08514,35.180829],[129.085045,35.180823],[129.085051,35.180761]]]},"properties":{}},{"type":"Feature","geometry":{"type":"Polygon","coordinates":[[[129.085098,35.181013],[129.085041,35.181011],[129.085045,35.180949],[129.085102,35.180951],[129.085098,35.181013]]]},"properties":{}},{"type":"Feature","geometry":{"type":"Polygon","coordinates":[[[129.08495,35.180853],[129.084876,35.180839],[129.08489,35.180793],[129.084964,35.180808],[129.08495,35.180853]]]},"properties":{}},{"type":"Feature","geometry":{"type":"Polygon","coordinates":[[[129.084958,35.180701],[129.08496,35.180745],[129.084906,35.180746],[129.084904,35.180702],[129.084958,35.180701]]]},"properties":{}},{"type":"Feature","geometry":{"type":"Polygon","coordinates":[[[129.084802,35.181025],[129.084727,35.181014],[129.084752,35.180907],[129.084677,35.180895],[129.084692,35.180826],[129.084758,35.180836],[129.084746,35.18089],[129.08483,35.180903],[129.084802,35.181025]]]},"properties":{}},{"type":"Feature","geometry":{"type":"Polygon","coordinates":[[[129.084417,35.180602],[129.084315,35.180572],[129.084425,35.180314],[129.084535,35.180345],[129.084509,35.180406],[129.084711,35.180464],[129.084676,35.180548],[129.084465,35.180488],[129.084417,35.180602]]]},"properties":{"class":"apartments","subtype":"residential","num_floors":18}},{"type":"Feature","geometry":{"type":"Polygon","coordinates":[[[129.083753,35.180622],[129.083676,35.180667],[129.083613,35.180596],[129.083755,35.180512],[129.083881,35.180655],[129.083816,35.180693],[129.083753,35.180622]]]},"properties":{}},{"type":"Feature","geometry":{"type":"Polygon","coordinates":[[[129.083709,35.179718],[129.083864,35.179917],[129.083768,35.179967],[129.083674,35.179847],[129.083336,35.180022],[129.083275,35.179944],[129.083709,35.179718]]]},"properties":{"name":"103","class":"apartments","subtype":"residential","height":105.0,"num_floors":37}},{"type":"Feature","geometry":{"type":"Polygon","coordinates":[[[129.084451,35.180242],[129.084515,35.180089],[129.084803,35.18017],[129.084778,35.180229],[129.084697,35.180206],[129.084657,35.1803],[129.084451,35.180242]]]},"properties":{"num_floors":9}},{"type":"Feature","geometry":{"type":"Polygon","coordinates":[[[129.083848,35.17798],[129.08383,35.178024],[129.08454,35.178224],[129.084514,35.178284],[129.08481,35.178368],[129.084679,35.178681],[129.08442,35.178608],[129.084456,35.178523],[129.084403,35.178508],[129.084463,35.178365],[129.084341,35.178331],[129.084241,35.178568],[129.084112,35.178532],[129.084122,35.178508],[129.084001,35.178474],[129.083988,35.178505],[129.083737,35.178434],[129.083747,35.17841],[129.083667,35.178388],[129.083653,35.17842],[129.08349,35.178374],[129.083505,35.178339],[129.083247,35.178266],[129.083297,35.178147],[129.0836,35.178232],[129.083648,35.178117],[129.083388,35.178044],[129.083461,35.177871],[129.083848,35.17798]],[[129.083795,35.178191],[129.083684,35.17816],[129.083648,35.178246],[129.084121,35.178382],[129.084152,35.178328],[129.084096,35.178311],[129.084129,35.178238],[129.083809,35.178149],[129.083795,35.178191]]]},"properties":{"num_floors":3}},{"type":"Feature","geometry":{"type":"Polygon","coordinates":[[[129.083958,35.178885],[129.084014,35.178856],[129.08421,35.179101],[129.084061,35.17918],[129.084002,35.179106],[129.084049,35.179081],[129.083993,35.17901],[129.083872,35.179074],[129.08378,35.178959],[129.083885,35.178903],[129.083943,35.178976],[129.084004,35.178943],[129.083958,35.178885]]]},"properties":{"name":"107","class":"apartments","subtype":"residential","height":60.0,"num_floors":21}},{"type":"Feature","geometry":{"type":"Polygon","coordinates":[[[129.083922,35.179251],[129.084077,35.179449],[129.08398,35.1795],[129.083886,35.179379],[129.083548,35.179555],[129.083488,35.179477],[129.083922,35.179251]]]},"properties":{"name":"105","class":"apartments","subtype":"residential","height":105.0,"num_floors":37}},{"type":"Feature","geometry":{"type":"Polygon","coordinates":[[[129.083017,35.179012],[129.083172,35.179211],[129.083076,35.179262],[129.082982,35.179141],[129.082644,35.179316],[129.082583,35.179238],[129.083017,35.179012]]]},"properties":{"name":"106","class":"apartments","subtype":"residential","height":108.0,"num_floors":36}},{"type":"Feature","geometry":{"type":"Polygon","coordinates":[[[129.082964,35.178607],[129.08302,35.178577],[129.083216,35.178822],[129.083068,35.178902],[129.083008,35.178827],[129.083056,35.178802],[129.082999,35.178731],[129.082878,35.178796],[129.082786,35.17868],[129.082891,35.178624],[129.082949,35.178697],[129.08301,35.178664],[129.082964,35.178607]]]},"properties":{"name":"108","class":"apartments","subtype":"residential","height":60.0,"num_floors":21}},{"type":"Feature","geometry":{"type":"Polygon","coordinates":[[[129.082483,35.17817],[129.082598,35.178166],[129.082601,35.178244],[129.082487,35.178248],[129.082483,35.17817]]]},"properties":{}},{"type":"Feature","geometry":{"type":"Polygon","coordinates":[[[129.082286,35.178323],[129.082393,35.178313],[129.082409,35.178422],[129.082302,35.178433],[129.082286,35.178323]]]},"properties":{}},{"type":"Feature","geometry":{"type":"Polygon","coordinates":[[[129.08244,35.17816],[129.082449,35.178247],[129.082341,35.178255],[129.082333,35.178167],[129.08244,35.17816]]]},"properties":{}},{"type":"Feature","geometry":{"type":"Polygon","coordinates":[[[129.082202,35.178189],[129.082322,35.178178],[129.082333,35.178254],[129.082212,35.178266],[129.082202,35.178189]]]},"properties":{}},{"type":"Feature","geometry":{"type":"Polygon","coordinates":[[[129.082265,35.178626],[129.082278,35.178691],[129.082198,35.178702],[129.082185,35.178636],[129.082265,35.178626]]]},"properties":{}},{"type":"Feature","geometry":{"type":"Polygon","coordinates":[[[129.08258,35.179966],[129.082735,35.180165],[129.082639,35.180215],[129.082545,35.180094],[129.082207,35.18027],[129.082146,35.180192],[129.08258,35.179966]]]},"properties":{"name":"102","class":"apartments","subtype":"residential","height":105.0,"num_floors":37}},{"type":"Feature","geometry":{"type":"Polygon","coordinates":[[[129.082792,35.179479],[129.082947,35.179678],[129.082851,35.179728],[129.082756,35.179608],[129.082419,35.179783],[129.082358,35.179705],[129.082792,35.179479]]]},"properties":{"name":"104","class":"apartments","subtype":"residential","height":105.0,"num_floors":37}},{"type":"Feature","geometry":{"type":"Polygon","coordinates":[[[129.082924,35.180528],[129.082855,35.180434],[129.082763,35.180479],[129.082694,35.180384],[129.082891,35.180288],[129.083029,35.180478],[129.082924,35.180528]]]},"properties":{}},{"type":"Feature","geometry":{"type":"Polygon","coordinates":[[[129.083508,35.180251],[129.083663,35.18045],[129.083567,35.1805],[129.083473,35.180379],[129.083135,35.180555],[129.083074,35.180477],[129.083508,35.180251]]]},"properties":{"name":"101","class":"apartments","subtype":"residential","height":82.0,"num_floors":29}},{"type":"Feature","geometry":{"type":"Polygon","coordinates":[[[129.082295,35.181305],[129.082401,35.181289],[129.082406,35.181311],[129.0823,35.181327],[129.082295,35.181305]]]},"properties":{}},{"type":"Feature","geometry":{"type":"Polygon","coordinates":[[[129.08241,35.181084],[129.082466,35.181054],[129.082533,35.181136],[129.082477,35.181167],[129.08241,35.181084]]]},"properties":{}},{"type":"Feature","geometry":{"type":"Polygon","coordinates":[[[129.08266,35.181503],[129.082636,35.181545],[129.082566,35.18152],[129.08259,35.181477],[129.08266,35.181503]]]},"properties":{}},{"type":"Feature","geometry":{"type":"Polygon","coordinates":[[[129.082798,35.181661],[129.082731,35.181663],[129.08273,35.18163],[129.082797,35.181628],[129.082798,35.181661]]]},"properties":{}},{"type":"Feature","geometry":{"type":"Polygon","coordinates":[[[129.082554,35.181537],[129.082606,35.181557],[129.082594,35.181578],[129.082542,35.181559],[129.082554,35.181537]]]},"properties":{}},{"type":"Feature","geometry":{"type":"Polygon","coordinates":[[[129.082351,35.181379],[129.082418,35.181375],[129.08242,35.181397],[129.082353,35.181401],[129.082351,35.181379]]]},"properties":{}},{"type":"Feature","geometry":{"type":"Polygon","coordinates":[[[129.082246,35.181575],[129.082167,35.181531],[129.082231,35.181454],[129.08231,35.181498],[129.082246,35.181575]]]},"properties":{}},{"type":"Feature","geometry":{"type":"Polygon","coordinates":[[[129.082382,35.181726],[129.082447,35.18174],[129.082437,35.18177],[129.082372,35.181756],[129.082382,35.181726]]]},"properties":{}},{"type":"Feature","geometry":{"type":"Polygon","coordinates":[[[129.082192,35.182331],[129.082247,35.182394],[129.082181,35.182432],[129.082126,35.18237],[129.082192,35.182331]]]},"properties":{}},{"type":"Feature","geometry":{"type":"Polygon","coordinates":[[[129.082327,35.182274],[129.08238,35.182337],[129.08228,35.182393],[129.082227,35.18233],[129.082327,35.182274]]]},"properties":{}},{"type":"Feature","geometry":{"type":"Polygon","coordinates":[[[129.082437,35.182254],[129.082366,35.182232],[129.082394,35.182174],[129.082465,35.182196],[129.082437,35.182254]]]},"properties":{}},{"type":"Feature","geometry":{"type":"Polygon","coordinates":[[[129.082478,35.182153],[129.082404,35.182139],[129.082421,35.182079],[129.082495,35.182093],[129.082478,35.182153]]]},"properties":{}},{"type":"Feature","geometry":{"type":"Polygon","coordinates":[[[129.08265,35.182142],[129.08264,35.182188],[129.082546,35.182174],[129.082557,35.182128],[129.08265,35.182142]]]},"properties":{}},{"type":"Feature","geometry":{"type":"Polygon","coordinates":[[[129.082696,35.182435],[129.082636,35.182485],[129.082569,35.18243],[129.082629,35.182381],[129.082696,35.182435]]]},"properties":{}},{"type":"Feature","geometry":{"type":"Polygon","coordinates":[[[129.082619,35.182318],[129.082644,35.182259],[129.082716,35.18228],[129.08269,35.182339],[129.082619,35.182318]]]},"properties":{}},{"type":"Feature","geometry":{"type":"Polygon","coordinates":[[[129.082491,35.181995],[129.082524,35.182011],[129.082499,35.182045],[129.082467,35.182028],[129.082491,35.181995]]]},"properties":{}},{"type":"Feature","geometry":{"type":"Polygon","coordinates":[[[129.083178,35.182388],[129.083149,35.182446],[129.083096,35.182428],[129.083125,35.18237],[129.083178,35.182388]]]},"properties":{}},{"type":"Feature","geometry":{"type":"Polygon","coordinates":[[[129.083064,35.181164],[129.083023,35.181243],[129.082953,35.181219],[129.082993,35.18114],[129.083064,35.181164]]]},"properties":{}},{"type":"Feature","geometry":{"type":"Polygon","coordinates":[[[129.083096,35.181159],[129.083347,35.181232],[129.083303,35.181335],[129.083051,35.181262],[129.083096,35.181159]]]},"properties":{}},{"type":"Feature","geometry":{"type":"Polygon","coordinates":[[[129.084585,35.181242],[129.084604,35.181181],[129.084687,35.181199],[129.084668,35.181259],[129.084585,35.181242]]]},"properties":{}},{"type":"Feature","geometry":{"type":"Polygon","coordinates":[[[129.084653,35.181383],[129.08456,35.181364],[129.084588,35.181273],[129.08468,35.181292],[129.084653,35.181383]]]},"properties":{}},{"type":"Feature","geometry":{"type":"Polygon","coordinates":[[[129.084528,35.181655],[129.084541,35.181593],[129.084635,35.181607],[129.084622,35.181668],[129.084528,35.181655]]]},"properties":{}},{"type":"Feature","geometry":{"type":"Polygon","coordinates":[[[129.084578,35.181693],[129.084565,35.181762],[129.084471,35.18175],[129.084483,35.181689],[129.084407,35.181679],[129.084424,35.181594],[129.08448,35.181602],[129.084465,35.181679],[129.084578,35.181693]]]},"properties":{}},{"type":"Feature","geometry":{"type":"Polygon","coordinates":[[[129.084324,35.181359],[129.0843,35.18141],[129.084238,35.18139],[129.084196,35.181477],[129.084098,35.181445],[129.084165,35.181308],[129.084324,35.181359]]]},"properties":{}},{"type":"Feature","geometry":{"type":"Polygon","coordinates":[[[129.084096,35.18158],[129.084204,35.181577],[129.084208,35.181687],[129.0841,35.18169],[129.084096,35.18158]]]},"properties":{}},{"type":"Feature","geometry":{"type":"Polygon","coordinates":[[[129.084088,35.182043],[129.084088,35.182052],[129.084082,35.182056],[129.084077,35.182056],[129.084066,35.182065],[129.084061,35.182065],[129.084055,35.18206],[129.08405,35.18206],[129.08405,35.182056],[129.084034,35.182043],[129.084034,35.182038],[129.084045,35.18203],[129.084077,35.18203],[129.084082,35.182034],[129.084082,35.182038],[129.084088,35.182043]]]},"properties":{}},{"type":"Feature","geometry":{"type":"Polygon","coordinates":[[[129.084618,35.181703],[129.084712,35.181717],[129.084694,35.181794],[129.084601,35.181779],[129.084618,35.181703]]]},"properties":{}},{"type":"Feature","geometry":{"type":"Polygon","coordinates":[[[129.084481,35.181809],[129.084553,35.181832],[129.084539,35.181861],[129.084468,35.181838],[129.084481,35.181809]]]},"properties":{}},{"type":"Feature","geometry":{"type":"Polygon","coordinates":[[[129.084329,35.181997],[129.084431,35.182085],[129.084382,35.182123],[129.08428,35.182035],[129.084329,35.181997]]]},"properties":{}},{"type":"Feature","geometry":{"type":"Polygon","coordinates":[[[129.08447,35.182115],[129.084521,35.182193],[129.084461,35.182218],[129.084411,35.182141],[129.08447,35.182115]]]},"properties":{}},{"type":"Feature","geometry":{"type":"Polygon","coordinates":[[[129.08466,35.182149],[129.084629,35.182197],[129.084544,35.18216],[129.084576,35.182112],[129.08466,35.182149]]]},"properties":{}},{"type":"Feature","geometry":{"type":"Polygon","coordinates":[[[129.084566,35.182187],[129.084637,35.18221],[129.084609,35.182268],[129.084538,35.182246],[129.084566,35.182187]]]},"properties":{}},{"type":"Feature","geometry":{"type":"Polygon","coordinates":[[[129.08375,35.182431],[129.083705,35.18239],[129.083755,35.182353],[129.0838,35.182394],[129.08375,35.182431]]]},"properties":{}},{"type":"Feature","geometry":{"type":"Polygon","coordinates":[[[129.083805,35.182335],[129.083894,35.182244],[129.083931,35.182268],[129.083842,35.182359],[129.083805,35.182335]]]},"properties":{}},{"type":"Feature","geometry":{"type":"Polygon","coordinates":[[[129.083768,35.182162],[129.083833,35.182123],[129.083898,35.182193],[129.083833,35.182233],[129.083768,35.182162]]]},"properties":{}},{"type":"Feature","geometry":{"type":"Polygon","coordinates":[[[129.083884,35.181758],[129.083908,35.181699],[129.08398,35.181718],[129.083957,35.181777],[129.083884,35.181758]]]},"properties":{}},{"type":"Feature","geometry":{"type":"Polygon","coordinates":[[[129.083807,35.181826],[129.083913,35.181779],[129.083945,35.181827],[129.083839,35.181874],[129.083807,35.181826]]]},"properties":{}},{"type":"Feature","geometry":{"type":"Polygon","coordinates":[[[129.083605,35.182501],[129.083671,35.182463],[129.083733,35.182534],[129.083668,35.182573],[129.083605,35.182501]]]},"properties":{}},{"type":"Feature","geometry":{"type":"Polygon","coordinates":[[[129.083677,35.182747],[129.083793,35.182778],[129.083784,35.182801],[129.083589,35.18287],[129.083581,35.182854],[129.083532,35.182871],[129.083506,35.182822],[129.083561,35.182802],[129.083542,35.182766],[129.083642,35.18273],[129.083654,35.182755],[129.083677,35.182747]]]},"properties":{"num_floors":14}},{"type":"Feature","geometry":{"type":"Polygon","coordinates":[[[129.0846,35.182694],[129.084557,35.182678],[129.084576,35.182642],[129.08462,35.182658],[129.0846,35.182694]]]},"properties":{}},{"type":"Feature","geometry":{"type":"Polygon","coordinates":[[[129.084601,35.182772],[129.084546,35.182826],[129.084452,35.182761],[129.084507,35.182707],[129.084601,35.182772]]]},"properties":{}},{"type":"Feature","geometry":{"type":"Polygon","coordinates":[[[129.084261,35.183119],[129.084188,35.183055],[129.084237,35.183017],[129.08431,35.183082],[129.084261,35.183119]]]},"properties":{}},{"type":"Feature","geometry":{"type":"Polygon","coordinates":[[[129.08417,35.183114],[129.084113,35.183116],[129.08411,35.18307],[129.084167,35.183068],[129.08417,35.183114]]]},"properties":{}},{"type":"Feature","geometry":{"type":"Polygon","coordinates":[[[129.084183,35.183252],[129.084113,35.183285],[129.084059,35.183208],[129.084188,35.183148],[129.084208,35.183177],[129.08415,35.183204],[129.084183,35.183252]]]},"properties":{}},{"type":"Feature","geometry":{"type":"Polygon","coordinates":[[[129.084348,35.18344],[129.08428,35.183441],[129.084276,35.183254],[129.084343,35.183253],[129.084348,35.18344]]]},"properties":{}},{"type":"Feature","geometry":{"type":"Polygon","coordinates":[[[129.08444,35.183159],[129.084443,35.183214],[129.084376,35.183217],[129.084372,35.183161],[129.08444,35.183159]]]},"properties":{}},{"type":"Feature","geometry":{"type":"Polygon","coordinates":[[[129.084656,35.183409],[129.084657,35.183497],[129.084549,35.183497],[129.084549,35.183409],[129.084656,35.183409]]]},"properties":{}},{"type":"Feature","geometry":{"type":"Polygon","coordinates":[[[129.084449,35.183468],[129.084451,35.183398],[129.08447,35.183399],[129.084468,35.183469],[129.084449,35.183468]]]},"properties":{}},{"type":"Feature","geometry":{"type":"Polygon","coordinates":[[[129.084426,35.183588],[129.084422,35.18351],[129.08448,35.183509],[129.084483,35.183586],[129.084426,35.183588]]]},"properties":{}},{"type":"Feature","geometry":{"type":"Polygon","coordinates":[[[129.084559,35.183533],[129.084653,35.183532],[129.084654,35.183586],[129.08456,35.183588],[129.084559,35.183533]]]},"properties":{}},{"type":"Feature","geometry":{"type":"Polygon","coordinates":[[[129.084563,35.183627],[129.084715,35.183629],[129.084714,35.183692],[129.084562,35.183689],[129.084563,35.183627]]]},"properties":{}},{"type":"Feature","geometry":{"type":"Polygon","coordinates":[[[129.084692,35.183795],[129.084571,35.183799],[129.084566,35.183722],[129.084688,35.183718],[129.084692,35.183795]]]},"properties":{}},{"type":"Feature","geometry":{"type":"Polygon","coordinates":[[[129.084389,35.183753],[129.084474,35.183757],[129.084477,35.183718],[129.084392,35.183714],[129.084397,35.183644],[129.084492,35.183649],[129.084479,35.18382],[129.084384,35.183815],[129.084389,35.183753]]]},"properties":{}},{"type":"Feature","geometry":{"type":"Polygon","coordinates":[[[129.084268,35.183764],[129.084335,35.183763],[129.084336,35.183818],[129.084269,35.183819],[129.084268,35.183764]]]},"properties":{}},{"type":"Feature","geometry":{"type":"Polygon","coordinates":[[[129.084277,35.18365],[129.084358,35.18365],[129.084358,35.183716],[129.084277,35.183716],[129.084277,35.18365]]]},"properties":{}},{"type":"Feature","geometry":{"type":"Polygon","coordinates":[[[129.084199,35.18351],[129.084233,35.183582],[129.084196,35.183594],[129.084161,35.183522],[129.084199,35.18351]]]},"properties":{}},{"type":"Feature","geometry":{"type":"Polygon","coordinates":[[[129.084044,35.183726],[129.084084,35.183692],[129.084111,35.183715],[129.084071,35.183748],[129.084044,35.183726]]]},"properties":{}},{"type":"Feature","geometry":{"type":"Polygon","coordinates":[[[129.083852,35.183774],[129.083933,35.183772],[129.083934,35.183816],[129.083854,35.183818],[129.083852,35.183774]]]},"properties":{}},{"type":"Feature","geometry":{"type":"Polygon","coordinates":[[[129.083774,35.183621],[129.083828,35.183619],[129.083829,35.183641],[129.083775,35.183643],[129.083774,35.183621]]]},"properties":{}},{"type":"Feature","geometry":{"type":"Polygon","coordinates":[[[129.084155,35.183273],[129.084231,35.18335],[129.0842,35.183371],[129.084243,35.183414],[129.084159,35.183469],[129.084108,35.183418],[129.084087,35.183432],[129.08413,35.183475],[129.083942,35.1836],[129.083806,35.183463],[129.083993,35.183338],[129.08407,35.183415],[129.084102,35.183394],[129.08405,35.183343],[129.084155,35.183273]]]},"properties":{}},{"type":"Feature","geometry":{"type":"Polygon","coordinates":[[[129.083566,35.18365],[129.083604,35.183654],[129.083598,35.183685],[129.083457,35.183667],[129.083487,35.183513],[129.08359,35.183526],[129.083566,35.18365]]]},"properties":{}},{"type":"Feature","geometry":{"type":"Polygon","coordinates":[[[129.083588,35.183921],[129.083455,35.183925],[129.083449,35.183753],[129.083583,35.18375],[129.083588,35.183921]]]},"properties":{}},{"type":"Feature","geometry":{"type":"Polygon","coordinates":[[[129.083403,35.183093],[129.083515,35.183125],[129.083433,35.183316],[129.083396,35.183818],[129.083275,35.183812],[129.083313,35.183305],[129.083403,35.183093]]]},"properties":{"class":"apartments","subtype":"residential","height":70.0,"num_floors":25}},{"type":"Feature","geometry":{"type":"Polygon","coordinates":[[[129.082908,35.182618],[129.082919,35.182572],[129.082957,35.182578],[129.082946,35.182624],[129.082908,35.182618]]]},"properties":{}},{"type":"Feature","geometry":{"type":"Polygon","coordinates":[[[129.082779,35.182463],[129.082848,35.182428],[129.08289,35.182484],[129.082822,35.182519],[129.082779,35.182463]]]},"properties":{}},{"type":"Feature","geometry":{"type":"Polygon","coordinates":[[[129.082661,35.183032],[129.082724,35.182991],[129.082774,35.183042],[129.082711,35.183084],[129.082661,35.183032]]]},"properties":{}},{"type":"Feature","geometry":{"type":"Polygon","coordinates":[[[129.082612,35.183228],[129.082517,35.18312],[129.082583,35.183082],[129.082677,35.183189],[129.082612,35.183228]]]},"properties":{}},{"type":"Feature","geometry":{"type":"Polygon","coordinates":[[[129.08257,35.182974],[129.082447,35.182815],[129.082527,35.182774],[129.08265,35.182932],[129.08257,35.182974]]]},"properties":{}},{"type":"Feature","geometry":{"type":"Polygon","coordinates":[[[129.082816,35.182721],[129.082759,35.18275],[129.082709,35.182685],[129.082765,35.182656],[129.082816,35.182721]]]},"properties":{}},{"type":"Feature","geometry":{"type":"Polygon","coordinates":[[[129.082723,35.182483],[129.082788,35.182567],[129.082708,35.182608],[129.082643,35.182524],[129.082723,35.182483]]]},"properties":{}},{"type":"Feature","geometry":{"type":"Polygon","coordinates":[[[129.082559,35.18248],[129.082501,35.182509],[129.082466,35.182462],[129.082524,35.182434],[129.082559,35.18248]]]},"properties":{}},{"type":"Feature","geometry":{"type":"Polygon","coordinates":[[[129.082657,35.182707],[129.082687,35.182768],[129.082612,35.182793],[129.082582,35.182732],[129.082657,35.182707]]]},"properties":{}},{"type":"Feature","geometry":{"type":"Polygon","coordinates":[[[129.08245,35.182732],[129.082301,35.182561],[129.082378,35.182517],[129.082527,35.182687],[129.08245,35.182732]]]},"properties":{}},{"type":"Feature","geometry":{"type":"Polygon","coordinates":[[[129.082227,35.182456],[129.082332,35.182406],[129.082379,35.182473],[129.082274,35.182523],[129.082227,35.182456]]]},"properties":{}},{"type":"Feature","geometry":{"type":"Polygon","coordinates":[[[129.082176,35.182623],[129.082263,35.182572],[129.082422,35.18275],[129.082334,35.182801],[129.082176,35.182623]]]},"properties":{}},{"type":"Feature","geometry":{"type":"Polygon","coordinates":[[[129.082062,35.182693],[129.08214,35.18265],[129.082292,35.182832],[129.082214,35.182875],[129.082062,35.182693]]]},"properties":{}},{"type":"Feature","geometry":{"type":"Polygon","coordinates":[[[129.082325,35.182984],[129.082252,35.183012],[129.082212,35.182942],[129.082286,35.182914],[129.082325,35.182984]]]},"properties":{}},{"type":"Feature","geometry":{"type":"Polygon","coordinates":[[[129.082324,35.182891],[129.082405,35.18285],[129.082454,35.182916],[129.082374,35.182956],[129.082324,35.182891]]]},"properties":{}},{"type":"Feature","geometry":{"type":"Polygon","coordinates":[[[129.082577,35.183062],[129.082499,35.183105],[129.082385,35.182968],[129.082463,35.182925],[129.082577,35.183062]]]},"properties":{}},{"type":"Feature","geometry":{"type":"Polygon","coordinates":[[[129.082349,35.183389],[129.082257,35.18328],[129.082324,35.183242],[129.082416,35.183351],[129.082349,35.183389]]]},"properties":{}},{"type":"Feature","geometry":{"type":"Polygon","coordinates":[[[129.082311,35.183405],[129.082266,35.18343],[129.082168,35.183311],[129.082212,35.183286],[129.082311,35.183405]]]},"properties":{}},{"type":"Feature","geometry":{"type":"Polygon","coordinates":[[[129.08239,35.183517],[129.082349,35.183545],[129.082297,35.183495],[129.082338,35.183466],[129.08239,35.183517]]]},"properties":{}},{"type":"Feature","geometry":{"type":"Polygon","coordinates":[[[129.082711,35.183376],[129.082773,35.183298],[129.082805,35.183315],[129.082743,35.183393],[129.082711,35.183376]]]},"properties":{}},{"type":"Feature","geometry":{"type":"Polygon","coordinates":[[[129.082558,35.183345],[129.082705,35.183489],[129.08257,35.18358],[129.082424,35.183436],[129.082558,35.183345]]]},"properties":{}},{"type":"Feature","geometry":{"type":"Polygon","coordinates":[[[129.082379,35.183774],[129.082416,35.183739],[129.082459,35.183769],[129.082422,35.183805],[129.082379,35.183774]]]},"properties":{}},{"type":"Feature","geometry":{"type":"Polygon","coordinates":[[[129.08249,35.183554],[129.082459,35.183628],[129.082423,35.183617],[129.082454,35.183544],[129.08249,35.183554]]]},"properties":{}},{"type":"Feature","geometry":{"type":"Polygon","coordinates":[[[129.08231,35.183627],[129.082384,35.183688],[129.082344,35.183721],[129.08227,35.18366],[129.08231,35.183627]]]},"properties":{}},{"type":"Feature","geometry":{"type":"Polygon","coordinates":[[[129.082245,35.183534],[129.082285,35.183578],[129.082231,35.183611],[129.082191,35.183566],[129.082245,35.183534]]]},"properties":{}},{"type":"Feature","geometry":{"type":"Polygon","coordinates":[[[129.082376,35.183844],[129.082316,35.183888],[129.082262,35.183839],[129.082321,35.183795],[129.082376,35.183844]]]},"properties":{}},{"type":"Feature","geometry":{"type":"Polygon","coordinates":[[[129.082291,35.184068],[129.082409,35.184188],[129.082304,35.184257],[129.082186,35.184137],[129.082291,35.184068]]]},"properties":{}},{"type":"Feature","geometry":{"type":"Polygon","coordinates":[[[129.082158,35.184352],[129.082345,35.184405],[129.082315,35.184475],[129.082128,35.184423],[129.082158,35.184352]]]},"properties":{"num_floors":8}},{"type":"Feature","geometry":{"type":"Polygon","coordinates":[[[129.082948,35.184199],[129.082954,35.18409],[129.08303,35.184093],[129.083024,35.184202],[129.082948,35.184199]]]},"properties":{}},{"type":"Feature","geometry":{"type":"Polygon","coordinates":[[[129.083192,35.183899],[129.083318,35.183901],[129.083305,35.184514],[129.08336,35.184515],[129.083356,35.184713],[129.083242,35.184711],[129.083246,35.184521],[129.083179,35.18452],[129.083192,35.183899]]]},"properties":{"class":"apartments","subtype":"residential","height":70.0,"num_floors":25}},{"type":"Feature","geometry":{"type":"Polygon","coordinates":[[[129.083346,35.184796],[129.083372,35.184697],[129.083428,35.184707],[129.083402,35.184806],[129.083346,35.184796]]]},"properties":{}},{"type":"Feature","geometry":{"type":"Polygon","coordinates":[[[129.083396,35.184858],[129.083395,35.185006],[129.083337,35.185005],[129.083339,35.184857],[129.083396,35.184858]]]},"properties":{}},{"type":"Feature","geometry":{"type":"Polygon","coordinates":[[[129.083031,35.185097],[129.083073,35.18514],[129.08302,35.185175],[129.082978,35.185132],[129.083031,35.185097]]]},"properties":{}},{"type":"Feature","geometry":{"type":"Polygon","coordinates":[[[129.082799,35.185102],[129.082853,35.185068],[129.08291,35.185129],[129.082856,35.185163],[129.082799,35.185102]]]},"properties":{}},{"type":"Feature","geometry":{"type":"Polygon","coordinates":[[[129.082523,35.185232],[129.082422,35.185204],[129.082477,35.18507],[129.082577,35.185097],[129.082523,35.185232]]]},"properties":{"height":31.0,"num_floors":8}},{"type":"Feature","geometry":{"type":"Polygon","coordinates":[[[129.082705,35.185026],[129.082675,35.185066],[129.08261,35.185034],[129.082639,35.184993],[129.082705,35.185026]]]},"properties":{}},{"type":"Feature","geometry":{"type":"Polygon","coordinates":[[[129.082527,35.184851],[129.08259,35.184701],[129.082729,35.18474],[129.082687,35.18484],[129.082573,35.184864],[129.082527,35.184851]]]},"properties":{"num_floors":8}},{"type":"Feature","geometry":{"type":"Polygon","coordinates":[[[129.082517,35.185252],[129.082413,35.185508],[129.082316,35.185482],[129.08242,35.185226],[129.082517,35.185252]]]},"properties":{"num_floors":20}},{"type":"Feature","geometry":{"type":"Polygon","coordinates":[[[129.082733,35.185526],[129.082786,35.185766],[129.08265,35.185786],[129.082597,35.185546],[129.082733,35.185526]]]},"properties":{"num_floors":10}},{"type":"Feature","geometry":{"type":"Polygon","coordinates":[[[129.082592,35.185572],[129.082612,35.185673],[129.082431,35.185696],[129.082349,35.185745],[129.082285,35.185674],[129.082416,35.185594],[129.082592,35.185572]]]},"properties":{"class":"commercial","subtype":"commercial","num_floors":10}},{"type":"Feature","geometry":{"type":"Polygon","coordinates":[[[129.082661,35.18628],[129.082645,35.186346],[129.082408,35.186307],[129.082456,35.186115],[129.082568,35.186133],[129.082537,35.18626],[129.082661,35.18628]]]},"properties":{"class":"commercial","subtype":"commercial","height":41.0,"num_floors":10}},{"type":"Feature","geometry":{"type":"Polygon","coordinates":[[[129.082873,35.186158],[129.082839,35.185989],[129.083013,35.185965],[129.083048,35.186134],[129.082873,35.186158]]]},"properties":{"height":33.0,"num_floors":9}},{"type":"Feature","geometry":{"type":"Polygon","coordinates":[[[129.083095,35.186556],[129.083056,35.186534],[129.083072,35.186515],[129.083111,35.186537],[129.083095,35.186556]]]},"properties":{}},{"type":"Feature","geometry":{"type":"Polygon","coordinates":[[[129.083291,35.186543],[129.083349,35.186618],[129.083257,35.186665],[129.0832,35.18659],[129.083291,35.186543]]]},"properties":{}},{"type":"Feature","geometry":{"type":"Polygon","coordinates":[[[129.083334,35.186731],[129.083371,35.186696],[129.0834,35.186716],[129.083363,35.186751],[129.083334,35.186731]]]},"properties":{}},{"type":"Feature","geometry":{"type":"Polygon","coordinates":[[[129.083133,35.186087],[129.083109,35.185953],[129.083353,35.185924],[129.083378,35.186057],[129.083133,35.186087]]]},"properties":{"height":37.0,"num_floors":9}},{"type":"Feature","geometry":{"type":"Polygon","coordinates":[[[129.083003,35.18596],[129.082908,35.185955],[129.082911,35.185924],[129.083006,35.185929],[129.083003,35.18596]]]},"properties":{}},{"type":"Feature","geometry":{"type":"Polygon","coordinates":[[[129.083006,35.185731],[129.082799,35.185758],[129.082751,35.185577],[129.082964,35.185545],[129.083006,35.185731]]]},"properties":{"height":39.0,"num_floors":10}},{"type":"Feature","geometry":{"type":"Polygon","coordinates":[[[129.082917,35.185351],[129.082955,35.185535],[129.082756,35.185565],[129.082726,35.185418],[129.082666,35.185408],[129.082728,35.185238],[129.082779,35.185209],[129.082917,35.185351]]]},"properties":{"num_floors":7}},{"type":"Feature","geometry":{"type":"Polygon","coordinates":[[[129.083106,35.185629],[129.083099,35.185552],[129.08322,35.185544],[129.083227,35.185621],[129.083106,35.185629]]]},"properties":{}},{"type":"Feature","geometry":{"type":"Polygon","coordinates":[[[129.083416,35.185412],[129.083506,35.185512],[129.0834,35.185575],[129.083354,35.185524],[129.08326,35.185581],[129.083216,35.185532],[129.083416,35.185412]]]},"properties":{"class":"apartments","subtype":"residential","num_floors":14}},{"type":"Feature","geometry":{"type":"Polygon","coordinates":[[[129.08381,35.185371],[129.083772,35.185367],[129.083781,35.185306],[129.083819,35.18531],[129.08381,35.185371]]]},"properties":{}},{"type":"Feature","geometry":{"type":"Polygon","coordinates":[[[129.083964,35.185274],[129.084112,35.185303],[129.084095,35.185363],[129.083947,35.185335],[129.083964,35.185274]]]},"properties":{}},{"type":"Feature","geometry":{"type":"Polygon","coordinates":[[[129.084089,35.185378],[129.084082,35.185455],[129.083949,35.185446],[129.083956,35.185369],[129.084089,35.185378]]]},"properties":{}},{"type":"Feature","geometry":{"type":"Polygon","coordinates":[[[129.084066,35.185575],[129.084114,35.185629],[129.083984,35.185707],[129.083936,35.185654],[129.084066,35.185575]]]},"properties":{}},{"type":"Feature","geometry":{"type":"Polygon","coordinates":[[[129.083829,35.185569],[129.083865,35.185615],[129.083831,35.185633],[129.083795,35.185586],[129.083829,35.185569]]]},"properties":{}},{"type":"Feature","geometry":{"type":"Polygon","coordinates":[[[129.083791,35.186034],[129.083771,35.185869],[129.083838,35.185864],[129.083858,35.186028],[129.083791,35.186034]]]},"properties":{}},{"type":"Feature","geometry":{"type":"Polygon","coordinates":[[[129.083572,35.186166],[129.083534,35.185893],[129.083467,35.185899],[129.083458,35.185833],[129.083551,35.185825],[129.083562,35.185901],[129.083656,35.185892],[129.08366,35.185925],[129.083593,35.185932],[129.083596,35.185953],[129.083677,35.185946],[129.083706,35.186154],[129.083572,35.186166]]]},"properties":{}},{"type":"Feature","geometry":{"type":"Polygon","coordinates":[[[129.083712,35.18645],[129.08378,35.186551],[129.08346,35.186695],[129.083392,35.186595],[129.083712,35.18645]]]},"properties":{"height":65.0,"num_floors":20}},{"type":"Feature","geometry":{"type":"Polygon","coordinates":[[[129.084051,35.186373],[129.083951,35.186428],[129.083786,35.186228],[129.083886,35.186172],[129.084051,35.186373]]]},"properties":{}},{"type":"Feature","geometry":{"type":"Polygon","coordinates":[[[129.083652,35.186308],[129.083799,35.186245],[129.083913,35.186422],[129.083766,35.186486],[129.083652,35.186308]]]},"properties":{"num_floors":10}},{"type":"Feature","geometry":{"type":"Polygon","coordinates":[[[129.083961,35.186073],[129.083921,35.18604],[129.083961,35.186007],[129.084001,35.18604],[129.083961,35.186073]]]},"properties":{}},{"type":"Feature","geometry":{"type":"Polygon","coordinates":[[[129.084251,35.186318],[129.084296,35.186372],[129.084218,35.186416],[129.084172,35.186361],[129.084251,35.186318]]]},"properties":{}},{"type":"Feature","geometry":{"type":"Polygon","coordinates":[[[129.084145,35.186341],[129.084117,35.186303],[129.084185,35.186268],[129.084214,35.186306],[129.084145,35.186341]]]},"properties":{}},{"type":"Feature","geometry":{"type":"Polygon","coordinates":[[[129.08439,35.186524],[129.084225,35.186599],[129.084192,35.186551],[129.084357,35.186476],[129.08439,35.186524]]]},"properties":{}},{"type":"Feature","geometry":{"type":"Polygon","coordinates":[[[129.084474,35.186624],[129.084512,35.186623],[129.084514,35.186709],[129.084476,35.186709],[129.084474,35.186624]]]},"properties":{}},{"type":"Feature","geometry":{"type":"Polygon","coordinates":[[[129.084624,35.186477],[129.084559,35.186467],[129.084566,35.186436],[129.084632,35.186447],[129.084624,35.186477]]]},"properties":{}},{"type":"Feature","geometry":{"type":"Polygon","coordinates":[[[129.08453,35.186204],[129.084624,35.186203],[129.084626,35.186302],[129.084532,35.186303],[129.08453,35.186204]]]},"properties":{}},{"type":"Feature","geometry":{"type":"Polygon","coordinates":[[[129.084608,35.186332],[129.084608,35.186394],[129.084513,35.186395],[129.084513,35.186333],[129.084608,35.186332]]]},"properties":{}},{"type":"Feature","geometry":{"type":"Polygon","coordinates":[[[129.084547,35.186008],[129.08455,35.186148],[129.084474,35.186149],[129.084471,35.186009],[129.084547,35.186008]]]},"properties":{}},{"type":"Feature","geometry":{"type":"Polygon","coordinates":[[[129.08457,35.186006],[129.084665,35.186005],[129.084667,35.186148],[129.084573,35.186149],[129.08457,35.186006]]]},"properties":{}},{"type":"Feature","geometry":{"type":"Polygon","coordinates":[[[129.084572,35.185892],[129.084573,35.185938],[129.084478,35.18594],[129.084477,35.185894],[129.084572,35.185892]]]},"properties":{}},{"type":"Feature","geometry":{"type":"Polygon","coordinates":[[[129.084368,35.185896],[129.084312,35.185888],[129.084323,35.185835],[129.084379,35.185842],[129.084368,35.185896]]]},"properties":{}},{"type":"Feature","geometry":{"type":"Polygon","coordinates":[[[129.084186,35.185843],[129.08422,35.185938],[129.084104,35.185966],[129.084069,35.185871],[129.084186,35.185843]]]},"properties":{}},{"type":"Feature","geometry":{"type":"Polygon","coordinates":[[[129.084198,35.185455],[129.084122,35.185452],[129.084125,35.18539],[129.084201,35.185393],[129.084198,35.185455]]]},"properties":{}},{"type":"Feature","geometry":{"type":"Polygon","coordinates":[[[129.084338,35.185417],[129.084243,35.185412],[129.084248,35.18535],[129.084343,35.185355],[129.084338,35.185417]]]},"properties":{}},{"type":"Feature","geometry":{"type":"Polygon","coordinates":[[[129.084374,35.185421],[129.084373,35.185344],[129.084467,35.185343],[129.084469,35.18542],[129.084374,35.185421]]]},"properties":{}},{"type":"Feature","geometry":{"type":"Polygon","coordinates":[[[129.08437,35.185452],[129.084465,35.185452],[129.084465,35.18553],[129.08437,35.18553],[129.08437,35.185452]]]},"properties":{}},{"type":"Feature","geometry":{"type":"Polygon","coordinates":[[[129.084595,35.185483],[129.084597,35.185429],[129.084654,35.18543],[129.084652,35.185484],[129.084595,35.185483]]]},"properties":{}},{"type":"Feature","geometry":{"type":"Polygon","coordinates":[[[129.084591,35.185377],[129.084589,35.185289],[129.08467,35.185288],[129.084672,35.185376],[129.084591,35.185377]]]},"properties":{}},{"type":"Feature","geometry":{"type":"Polygon","coordinates":[[[129.084635,35.185197],[129.084598,35.185188],[129.084621,35.185128],[129.084657,35.185138],[129.084635,35.185197]]]},"properties":{}},{"type":"Feature","geometry":{"type":"Polygon","coordinates":[[[129.084407,35.185278],[129.084416,35.185224],[129.084473,35.18523],[129.084464,35.185284],[129.084407,35.185278]]]},"properties":{}},{"type":"Feature","geometry":{"type":"Polygon","coordinates":[[[129.084576,35.184925],[129.08467,35.184923],[129.084672,35.185],[129.084578,35.185002],[129.084576,35.184925]]]},"properties":{}},{"type":"Feature","geometry":{"type":"Polygon","coordinates":[[[129.084582,35.184885],[129.084581,35.184807],[129.084676,35.184806],[129.084678,35.184884],[129.084582,35.184885]]]},"properties":{}},{"type":"Feature","geometry":{"type":"Polygon","coordinates":[[[129.084709,35.184663],[129.084712,35.184741],[129.084579,35.184745],[129.084575,35.184667],[129.084709,35.184663]]]},"properties":{}},{"type":"Feature","geometry":{"type":"Polygon","coordinates":[[[129.084699,35.184621],[129.084591,35.184625],[129.084588,35.184559],[129.084696,35.184555],[129.084699,35.184621]]]},"properties":{}},{"type":"Feature","geometry":{"type":"Polygon","coordinates":[[[129.084422,35.184911],[129.084415,35.184823],[129.084495,35.184818],[129.084503,35.184906],[129.084422,35.184911]]]},"properties":{}},{"type":"Feature","geometry":{"type":"Polygon","coordinates":[[[129.084236,35.184738],[129.084331,35.184737],[129.084332,35.1848],[129.084237,35.184801],[129.084236,35.184738]]]},"properties":{}},{"type":"Feature","geometry":{"type":"Polygon","coordinates":[[[129.084143,35.184874],[129.084223,35.184873],[129.084224,35.184939],[129.084143,35.18494],[129.084143,35.184874]]]},"properties":{}},{"type":"Feature","geometry":{"type":"Polygon","coordinates":[[[129.084094,35.184981],[129.084088,35.185043],[129.083993,35.185037],[129.083999,35.184975],[129.084094,35.184981]]]},"properties":{}},{"type":"Feature","geometry":{"type":"Polygon","coordinates":[[[129.084128,35.18504],[129.084137,35.184978],[129.084213,35.184985],[129.084204,35.185047],[129.084128,35.18504]]]},"properties":{}},{"type":"Feature","geometry":{"type":"Polygon","coordinates":[[[129.084384,35.184979],[129.084385,35.185046],[129.08425,35.185047],[129.084249,35.184981],[129.084384,35.184979]]]},"properties":{}},{"type":"Feature","geometry":{"type":"Polygon","coordinates":[[[129.084238,35.185113],[129.084346,35.185113],[129.084347,35.185179],[129.084239,35.185179],[129.084238,35.185113]]]},"properties":{}},{"type":"Feature","geometry":{"type":"Polygon","coordinates":[[[129.0842,35.185173],[129.084133,35.185175],[129.084129,35.185098],[129.084196,35.185096],[129.0842,35.185173]]]},"properties":{}},{"type":"Feature","geometry":{"type":"Polygon","coordinates":[[[129.083974,35.185215],[129.084097,35.185226],[129.08409,35.185273],[129.083967,35.185261],[129.083974,35.185215]]]},"properties":{}},{"type":"Feature","geometry":{"type":"Polygon","coordinates":[[[129.083987,35.185072],[129.084101,35.185077],[129.084097,35.185139],[129.083983,35.185134],[129.083987,35.185072]]]},"properties":{}},{"type":"Feature","geometry":{"type":"Polygon","coordinates":[[[129.083853,35.184981],[129.083948,35.184983],[129.083947,35.18503],[129.083852,35.185028],[129.083853,35.184981]]]},"properties":{}},{"type":"Feature","geometry":{"type":"Polygon","coordinates":[[[129.083838,35.185116],[129.083838,35.185061],[129.083933,35.185061],[129.083933,35.185116],[129.083838,35.185116]]]},"properties":{}},{"type":"Feature","geometry":{"type":"Polygon","coordinates":[[[129.083717,35.185029],[129.083715,35.184974],[129.083809,35.184971],[129.083812,35.185026],[129.083717,35.185029]]]},"properties":{}},{"type":"Feature","geometry":{"type":"Polygon","coordinates":[[[129.0836,35.184963],[129.083666,35.184965],[129.083665,35.184996],[129.083598,35.184995],[129.0836,35.184963]]]},"properties":{}},{"type":"Feature","geometry":{"type":"Polygon","coordinates":[[[129.083784,35.185194],[129.083612,35.185189],[129.083617,35.185049],[129.083789,35.185054],[129.083784,35.185194]]]},"properties":{}},{"type":"Feature","geometry":{"type":"Polygon","coordinates":[[[129.083584,35.184916],[129.083583,35.184838],[129.083704,35.184837],[129.083705,35.184914],[129.083584,35.184916]]]},"properties":{}},{"type":"Feature","geometry":{"type":"Polygon","coordinates":[[[129.083734,35.184792],[129.08362,35.184786],[129.083625,35.184724],[129.083739,35.18473],[129.083734,35.184792]]]},"properties":{}},{"type":"Feature","geometry":{"type":"Polygon","coordinates":[[[129.083659,35.184677],[129.083632,35.184627],[129.083669,35.184613],[129.083696,35.184664],[129.083659,35.184677]]]},"properties":{}},{"type":"Feature","geometry":{"type":"Polygon","coordinates":[[[129.083959,35.18459],[129.083967,35.184678],[129.083739,35.184693],[129.08373,35.184605],[129.083959,35.18459]]]},"properties":{}},{"type":"Feature","geometry":{"type":"Polygon","coordinates":[[[129.083854,35.184731],[129.083855,35.184794],[129.083779,35.184795],[129.083778,35.184732],[129.083854,35.184731]]]},"properties":{}},{"type":"Feature","geometry":{"type":"Polygon","coordinates":[[[129.08375,35.184846],[129.083845,35.184845],[129.083845,35.184892],[129.08375,35.184893],[129.08375,35.184846]]]},"properties":{}},{"type":"Feature","geometry":{"type":"Polygon","coordinates":[[[129.083917,35.184874],[129.083879,35.184869],[129.083888,35.184831],[129.083925,35.184836],[129.083917,35.184874]]]},"properties":{}},{"type":"Feature","geometry":{"type":"Polygon","coordinates":[[[129.083987,35.184786],[129.083984,35.184732],[129.084041,35.18473],[129.084044,35.184784],[129.083987,35.184786]]]},"properties":{}},{"type":"Feature","geometry":{"type":"Polygon","coordinates":[[[129.083886,35.184714],[129.083953,35.184714],[129.083954,35.184791],[129.083886,35.184791],[129.083886,35.184714]]]},"properties":{}},{"type":"Feature","geometry":{"type":"Polygon","coordinates":[[[129.084054,35.184665],[129.083979,35.18466],[129.083983,35.184613],[129.084059,35.184618],[129.084054,35.184665]]]},"properties":{}},{"type":"Feature","geometry":{"type":"Polygon","coordinates":[[[129.083955,35.184406],[129.083874,35.184406],[129.083874,35.184318],[129.083955,35.184318],[129.083955,35.184406]]]},"properties":{}},{"type":"Feature","geometry":{"type":"Polygon","coordinates":[[[129.083825,35.184367],[129.083825,35.184433],[129.083745,35.184434],[129.083744,35.184368],[129.083825,35.184367]]]},"properties":{}},{"type":"Feature","geometry":{"type":"Polygon","coordinates":[[[129.083829,35.184541],[129.083734,35.184544],[129.08373,35.184466],[129.083825,35.184463],[129.083829,35.184541]]]},"properties":{}},{"type":"Feature","geometry":{"type":"Polygon","coordinates":[[[129.083434,35.184414],[129.08345,35.184456],[129.083425,35.184463],[129.083408,35.184421],[129.083434,35.184414]]]},"properties":{}},{"type":"Feature","geometry":{"type":"Polygon","coordinates":[[[129.083398,35.184076],[129.083503,35.184077],[129.083501,35.184295],[129.083397,35.184294],[129.083398,35.184076]]]},"properties":{}},{"type":"Feature","geometry":{"type":"Polygon","coordinates":[[[129.083755,35.183884],[129.083807,35.183872],[129.083818,35.183904],[129.083766,35.183916],[129.083755,35.183884]]]},"properties":{}},{"type":"Feature","geometry":{"type":"Polygon","coordinates":[[[129.083888,35.184029],[129.083993,35.184033],[129.08399,35.184095],[129.083885,35.184091],[129.083888,35.184029]]]},"properties":{}},{"type":"Feature","geometry":{"type":"Polygon","coordinates":[[[129.083881,35.183868],[129.083957,35.183872],[129.083954,35.183903],[129.083878,35.183899],[129.083881,35.183868]]]},"properties":{}},{"type":"Feature","geometry":{"type":"Polygon","coordinates":[[[129.084188,35.183868],[129.084302,35.183865],[129.084305,35.183927],[129.08419,35.18393],[129.084188,35.183868]]]},"properties":{}},{"type":"Feature","geometry":{"type":"Polygon","coordinates":[[[129.084285,35.183967],[129.084289,35.184029],[129.084213,35.184032],[129.084209,35.18397],[129.084285,35.183967]]]},"properties":{}},{"type":"Feature","geometry":{"type":"Polygon","coordinates":[[[129.084237,35.18409],[129.084313,35.184087],[129.084317,35.18415],[129.08424,35.184153],[129.084237,35.18409]]]},"properties":{}},{"type":"Feature","geometry":{"type":"Polygon","coordinates":[[[129.084326,35.184192],[129.084333,35.184246],[129.084293,35.18425],[129.084286,35.184195],[129.084326,35.184192]]]},"properties":{}},{"type":"Feature","geometry":{"type":"Polygon","coordinates":[[[129.08419,35.184165],[129.084201,35.184253],[129.08412,35.184259],[129.08411,35.184172],[129.08419,35.184165]]]},"properties":{}},{"type":"Feature","geometry":{"type":"Polygon","coordinates":[[[129.084203,35.184413],[129.084126,35.184415],[129.084123,35.184338],[129.084199,35.184335],[129.084203,35.184413]]]},"properties":{}},{"type":"Feature","geometry":{"type":"Polygon","coordinates":[[[129.084009,35.18435],[129.084085,35.184352],[129.08408,35.184507],[129.084003,35.184506],[129.084009,35.18435]]]},"properties":{}},{"type":"Feature","geometry":{"type":"Polygon","coordinates":[[[129.084123,35.184498],[129.084131,35.184452],[129.084207,35.184461],[129.084198,35.184508],[129.084123,35.184498]]]},"properties":{}},{"type":"Feature","geometry":{"type":"Polygon","coordinates":[[[129.0845,35.184358],[129.084478,35.184425],[129.084469,35.184423],[129.084484,35.184378],[129.084465,35.184374],[129.084448,35.184427],[129.084393,35.184415],[129.084373,35.184475],[129.084318,35.184463],[129.084335,35.18441],[129.084271,35.184396],[129.084298,35.184313],[129.0845,35.184358]]]},"properties":{}},{"type":"Feature","geometry":{"type":"Polygon","coordinates":[[[129.084573,35.184531],[129.084572,35.184454],[129.084693,35.184453],[129.084694,35.18453],[129.084573,35.184531]]]},"properties":{}},{"type":"Feature","geometry":{"type":"Polygon","coordinates":[[[129.084579,35.18441],[129.084584,35.184348],[129.084679,35.184353],[129.084674,35.184415],[129.084579,35.18441]]]},"properties":{}},{"type":"Feature","geometry":{"type":"Polygon","coordinates":[[[129.084571,35.184099],[129.084647,35.184096],[129.08465,35.184158],[129.084574,35.184161],[129.084571,35.184099]]]},"properties":{}},{"type":"Feature","geometry":{"type":"Polygon","coordinates":[[[129.084394,35.184244],[129.08439,35.1842],[129.08447,35.184195],[129.084474,35.184239],[129.084394,35.184244]]]},"properties":{}},{"type":"Feature","geometry":{"type":"Polygon","coordinates":[[[129.084348,35.184066],[129.084455,35.184061],[129.08446,35.184127],[129.084353,35.184132],[129.084348,35.184066]]]},"properties":{}},{"type":"Feature","geometry":{"type":"Polygon","coordinates":[[[129.084343,35.183879],[129.084423,35.183876],[129.084426,35.18392],[129.084345,35.183923],[129.084343,35.183879]]]},"properties":{}},{"type":"Feature","geometry":{"type":"Polygon","coordinates":[[[129.084585,35.183985],[129.084578,35.183919],[129.084605,35.183918],[129.084611,35.183983],[129.084585,35.183985]]]},"properties":{}},{"type":"Feature","geometry":{"type":"Polygon","coordinates":[[[129.08479,35.183977],[129.084676,35.183977],[129.084675,35.1839],[129.084789,35.183899],[129.08479,35.183977]]]},"properties":{}},{"type":"Feature","geometry":{"type":"Polygon","coordinates":[[[129.084679,35.184051],[129.084678,35.184004],[129.084792,35.184001],[129.084794,35.184048],[129.084679,35.184051]]]},"properties":{}},{"type":"Feature","geometry":{"type":"Polygon","coordinates":[[[129.084969,35.183962],[129.084874,35.183964],[129.084871,35.183887],[129.084966,35.183885],[129.084969,35.183962]]]},"properties":{}},{"type":"Feature","geometry":{"type":"Polygon","coordinates":[[[129.084863,35.183992],[129.084958,35.183993],[129.084957,35.184055],[129.084862,35.184054],[129.084863,35.183992]]]},"properties":{}},{"type":"Feature","geometry":{"type":"Polygon","coordinates":[[[129.084827,35.184093],[129.084935,35.184092],[129.084936,35.184159],[129.084828,35.184159],[129.084827,35.184093]]]},"properties":{}},{"type":"Feature","geometry":{"type":"Polygon","coordinates":[[[129.084784,35.184154],[129.084689,35.184155],[129.084689,35.1841],[129.084783,35.184099],[129.084784,35.184154]]]},"properties":{}},{"type":"Feature","geometry":{"type":"Polygon","coordinates":[[[129.084695,35.184262],[129.084694,35.1842],[129.08477,35.184199],[129.084771,35.184262],[129.084695,35.184262]]]},"properties":{}},{"type":"Feature","geometry":{"type":"Polygon","coordinates":[[[129.084741,35.18443],[129.08474,35.184353],[129.084834,35.184352],[129.084835,35.184429],[129.084741,35.18443]]]},"properties":{}},{"type":"Feature","geometry":{"type":"Polygon","coordinates":[[[129.084768,35.184532],[129.084776,35.184486],[129.084851,35.184494],[129.084844,35.184541],[129.084768,35.184532]]]},"properties":{}},{"type":"Feature","geometry":{"type":"Polygon","coordinates":[[[129.085031,35.184388],[129.08495,35.184428],[129.084887,35.184343],[129.084968,35.184303],[129.085031,35.184388]]]},"properties":{}},{"type":"Feature","geometry":{"type":"Polygon","coordinates":[[[129.084943,35.184198],[129.084944,35.184264],[129.084836,35.184265],[129.084835,35.184199],[129.084943,35.184198]]]},"properties":{}},{"type":"Feature","geometry":{"type":"Polygon","coordinates":[[[129.085064,35.184399],[129.085053,35.184322],[129.08512,35.184316],[129.085131,35.184392],[129.085064,35.184399]]]},"properties":{}},{"type":"Feature","geometry":{"type":"Polygon","coordinates":[[[129.08501,35.184615],[129.085012,35.184553],[129.08505,35.184554],[129.085048,35.184616],[129.08501,35.184615]]]},"properties":{}},{"type":"Feature","geometry":{"type":"Polygon","coordinates":[[[129.085129,35.184505],[129.085074,35.184494],[129.085082,35.184464],[129.085138,35.184474],[129.085129,35.184505]]]},"properties":{}},{"type":"Feature","geometry":{"type":"Polygon","coordinates":[[[129.085266,35.184514],[129.085209,35.184513],[129.08521,35.184466],[129.085267,35.184468],[129.085266,35.184514]]]},"properties":{}},{"type":"Feature","geometry":{"type":"Polygon","coordinates":[[[129.085191,35.184424],[129.085187,35.18433],[129.085263,35.184328],[129.085267,35.184421],[129.085191,35.184424]]]},"properties":{}},{"type":"Feature","geometry":{"type":"Polygon","coordinates":[[[129.08527,35.184273],[129.085155,35.184275],[129.085153,35.184197],[129.085267,35.184195],[129.08527,35.184273]]]},"properties":{}},{"type":"Feature","geometry":{"type":"Polygon","coordinates":[[[129.085157,35.184095],[129.085265,35.184094],[129.085266,35.18416],[129.085158,35.184161],[129.085157,35.184095]]]},"properties":{}},{"type":"Feature","geometry":{"type":"Polygon","coordinates":[[[129.085104,35.184247],[129.085047,35.184246],[129.08505,35.18409],[129.085108,35.184091],[129.085104,35.184247]]]},"properties":{}},{"type":"Feature","geometry":{"type":"Polygon","coordinates":[[[129.085139,35.183881],[129.085139,35.184036],[129.085044,35.184036],[129.085044,35.183881],[129.085139,35.183881]]]},"properties":{}},{"type":"Feature","geometry":{"type":"Polygon","coordinates":[[[129.085186,35.184046],[129.085183,35.183999],[129.085259,35.183996],[129.085262,35.184043],[129.085186,35.184046]]]},"properties":{}},{"type":"Feature","geometry":{"type":"Polygon","coordinates":[[[129.085188,35.183952],[129.085185,35.18389],[129.085261,35.183887],[129.085264,35.183949],[129.085188,35.183952]]]},"properties":{}},{"type":"Feature","geometry":{"type":"Polygon","coordinates":[[[129.085303,35.18396],[129.085299,35.183883],[129.085404,35.183879],[129.085408,35.183957],[129.085303,35.18396]]]},"properties":{}},{"type":"Feature","geometry":{"type":"Polygon","coordinates":[[[129.085424,35.184055],[129.085309,35.184055],[129.085309,35.183993],[129.085423,35.183993],[129.085424,35.184055]]]},"properties":{}},{"type":"Feature","geometry":{"type":"Polygon","coordinates":[[[129.085441,35.184257],[129.085361,35.184261],[129.085347,35.184085],[129.085428,35.184081],[129.085441,35.184257]]]},"properties":{}},{"type":"Feature","geometry":{"type":"Polygon","coordinates":[[[129.085545,35.184168],[129.085546,35.184262],[129.085469,35.184262],[129.085469,35.184169],[129.085545,35.184168]]]},"properties":{}},{"type":"Feature","geometry":{"type":"Polygon","coordinates":[[[129.085556,35.18408],[129.085558,35.184146],[129.085477,35.184148],[129.085475,35.184082],[129.085556,35.18408]]]},"properties":{}},{"type":"Feature","geometry":{"type":"Polygon","coordinates":[[[129.085482,35.18405],[129.08548,35.183995],[129.085574,35.183992],[129.085577,35.184047],[129.085482,35.18405]]]},"properties":{}},{"type":"Feature","geometry":{"type":"Polygon","coordinates":[[[129.085463,35.183882],[129.085584,35.183879],[129.085587,35.183956],[129.085466,35.183959],[129.085463,35.183882]]]},"properties":{}},{"type":"Feature","geometry":{"type":"Polygon","coordinates":[[[129.085754,35.183877],[129.085752,35.18401],[129.085638,35.184009],[129.08564,35.183876],[129.085754,35.183877]]]},"properties":{}},{"type":"Feature","geometry":{"type":"Polygon","coordinates":[[[129.085759,35.18428],[129.085611,35.18428],[129.08561,35.184181],[129.085759,35.184181],[129.085759,35.18428]]]},"properties":{}},{"type":"Feature","geometry":{"type":"Polygon","coordinates":[[[129.085589,35.184087],[129.085732,35.184089],[129.08573,35.184152],[129.085587,35.184149],[129.085589,35.184087]]]},"properties":{}},{"type":"Feature","geometry":{"type":"Polygon","coordinates":[[[129.085742,35.184328],[129.085742,35.18439],[129.085609,35.18439],[129.085608,35.184328],[129.085742,35.184328]]]},"properties":{}},{"type":"Feature","geometry":{"type":"Polygon","coordinates":[[[129.08558,35.184442],[129.085732,35.184441],[129.085733,35.184612],[129.085581,35.184613],[129.08558,35.184442]]]},"properties":{}},{"type":"Feature","geometry":{"type":"Polygon","coordinates":[[[129.08545,35.184617],[129.085452,35.184555],[129.085547,35.184556],[129.085545,35.184618],[129.08545,35.184617]]]},"properties":{}},{"type":"Feature","geometry":{"type":"Polygon","coordinates":[[[129.085447,35.184446],[129.085541,35.184444],[129.085544,35.184521],[129.085449,35.184523],[129.085447,35.184446]]]},"properties":{}},{"type":"Feature","geometry":{"type":"Polygon","coordinates":[[[129.085538,35.184393],[129.085444,35.184396],[129.085441,35.184319],[129.085535,35.184316],[129.085538,35.184393]]]},"properties":{}},{"type":"Feature","geometry":{"type":"Polygon","coordinates":[[[129.085386,35.184336],[129.085388,35.184414],[129.085312,35.184416],[129.085309,35.184338],[129.085386,35.184336]]]},"properties":{}},{"type":"Feature","geometry":{"type":"Polygon","coordinates":[[[129.085379,35.184464],[129.085384,35.184519],[129.085317,35.184523],[129.085312,35.184468],[129.085379,35.184464]]]},"properties":{}},{"type":"Feature","geometry":{"type":"Polygon","coordinates":[[[129.085439,35.184795],[129.08544,35.184858],[129.085364,35.184859],[129.085363,35.184797],[129.085439,35.184795]]]},"properties":{}},{"type":"Feature","geometry":{"type":"Polygon","coordinates":[[[129.085449,35.184677],[129.08554,35.184657],[129.085554,35.1847],[129.085463,35.184719],[129.085449,35.184677]]]},"properties":{}},{"type":"Feature","geometry":{"type":"Polygon","coordinates":[[[129.085685,35.184949],[129.085686,35.184902],[129.085781,35.184903],[129.08578,35.18495],[129.085685,35.184949]]]},"properties":{}},{"type":"Feature","geometry":{"type":"Polygon","coordinates":[[[129.085739,35.184825],[129.085679,35.18485],[129.085661,35.18482],[129.085721,35.184796],[129.085739,35.184825]]]},"properties":{}},{"type":"Feature","geometry":{"type":"Polygon","coordinates":[[[129.08516,35.185039],[129.085162,35.185094],[129.085095,35.185096],[129.085092,35.185041],[129.08516,35.185039]]]},"properties":{}},{"type":"Feature","geometry":{"type":"Polygon","coordinates":[[[129.085227,35.184992],[129.085225,35.184929],[129.08532,35.184928],[129.085322,35.18499],[129.085227,35.184992]]]},"properties":{}},{"type":"Feature","geometry":{"type":"Polygon","coordinates":[[[129.085149,35.184917],[129.085164,35.184948],[129.085114,35.184964],[129.085099,35.184934],[129.085149,35.184917]]]},"properties":{}},{"type":"Feature","geometry":{"type":"Polygon","coordinates":[[[129.085218,35.184862],[129.085235,35.184818],[129.085289,35.184832],[129.085272,35.184877],[129.085218,35.184862]]]},"properties":{}},{"type":"Feature","geometry":{"type":"Polygon","coordinates":[[[129.084833,35.184878],[129.084835,35.184784],[129.08493,35.184786],[129.084928,35.184879],[129.084833,35.184878]]]},"properties":{}},{"type":"Feature","geometry":{"type":"Polygon","coordinates":[[[129.084578,35.18511],[129.084583,35.185032],[129.084783,35.18504],[129.084778,35.185117],[129.084578,35.18511]]]},"properties":{}},{"type":"Feature","geometry":{"type":"Polygon","coordinates":[[[129.084713,35.184927],[129.084789,35.18493],[129.084786,35.184993],[129.084709,35.184989],[129.084713,35.184927]]]},"properties":{}},{"type":"Feature","geometry":{"type":"Polygon","coordinates":[[[129.084924,35.184933],[129.084924,35.184995],[129.084829,35.184996],[129.084829,35.184933],[129.084924,35.184933]]]},"properties":{}},{"type":"Feature","geometry":{"type":"Polygon","coordinates":[[[129.084856,35.185102],[129.084852,35.185032],[129.084909,35.18503],[129.084913,35.1851],[129.084856,35.185102]]]},"properties":{}},{"type":"Feature","geometry":{"type":"Polygon","coordinates":[[[129.08492,35.185216],[129.084844,35.185219],[129.084839,35.185126],[129.084915,35.185123],[129.08492,35.185216]]]},"properties":{}},{"type":"Feature","geometry":{"type":"Polygon","coordinates":[[[129.084782,35.185133],[129.084785,35.185211],[129.084708,35.185212],[129.084706,35.185134],[129.084782,35.185133]]]},"properties":{}},{"type":"Feature","geometry":{"type":"Polygon","coordinates":[[[129.08531,35.185427],[129.085273,35.185463],[129.085229,35.185433],[129.085266,35.185397],[129.08531,35.185427]]]},"properties":{}},{"type":"Feature","geometry":{"type":"Polygon","coordinates":[[[129.085194,35.185623],[129.085073,35.185631],[129.085058,35.185466],[129.085179,35.185458],[129.085194,35.185623]]]},"properties":{}},{"type":"Feature","geometry":{"type":"Polygon","coordinates":[[[129.084979,35.185809],[129.085101,35.185809],[129.085101,35.185842],[129.084979,35.185842],[129.084979,35.185809]]]},"properties":{}},{"type":"Feature","geometry":{"type":"Polygon","coordinates":[[[129.085251,35.185862],[129.085195,35.185856],[129.0852,35.185825],[129.085257,35.185832],[129.085251,35.185862]]]},"properties":{}},{"type":"Feature","geometry":{"type":"Polygon","coordinates":[[[129.085218,35.186019],[129.085132,35.186017],[129.085134,35.18597],[129.085219,35.185972],[129.085218,35.186019]]]},"properties":{}},{"type":"Feature","geometry":{"type":"Polygon","coordinates":[[[129.084749,35.185997],[129.084757,35.185802],[129.084843,35.185804],[129.084835,35.185999],[129.084749,35.185997]]]},"properties":{}},{"type":"Feature","geometry":{"type":"Polygon","coordinates":[[[129.084853,35.186242],[129.085014,35.186247],[129.085011,35.18634],[129.084849,35.186335],[129.084853,35.186242]]]},"properties":{}},{"type":"Feature","geometry":{"type":"Polygon","coordinates":[[[129.084803,35.186388],[129.084655,35.186389],[129.084654,35.186312],[129.084802,35.186311],[129.084803,35.186388]]]},"properties":{}},{"type":"Feature","geometry":{"type":"Polygon","coordinates":[[[129.084764,35.186614],[129.08476,35.186515],[129.084855,35.186513],[129.084858,35.186613],[129.084764,35.186614]]]},"properties":{}},{"type":"Feature","geometry":{"type":"Polygon","coordinates":[[[129.085059,35.186442],[129.085117,35.186443],[129.085116,35.186474],[129.085059,35.186474],[129.085059,35.186442]]]},"properties":{}},{"type":"Feature","geometry":{"type":"Polygon","coordinates":[[[129.084901,35.186608],[129.084898,35.186531],[129.085127,35.186526],[129.085129,35.186603],[129.084901,35.186608]]]},"properties":{}},{"type":"Feature","geometry":{"type":"Polygon","coordinates":[[[129.084981,35.186768],[129.084978,35.186669],[129.085073,35.186667],[129.085076,35.186766],[129.084981,35.186768]]]},"properties":{}},{"type":"Feature","geometry":{"type":"Polygon","coordinates":[[[129.085173,35.186603],[129.085176,35.186509],[129.085271,35.186511],[129.085268,35.186605],[129.085173,35.186603]]]},"properties":{}},{"type":"Feature","geometry":{"type":"Polygon","coordinates":[[[129.085182,35.18631],[129.085176,35.186211],[129.085243,35.186209],[129.085249,35.186308],[129.085182,35.18631]]]},"properties":{}},{"type":"Feature","geometry":{"type":"Polygon","coordinates":[[[129.085033,35.18625],[129.085083,35.186234],[129.085074,35.186214],[129.085112,35.186202],[129.085159,35.186305],[129.08507,35.186332],[129.085033,35.18625]]]},"properties":{}},{"type":"Feature","geometry":{"type":"Polygon","coordinates":[[[129.085034,35.185912],[129.085066,35.18612],[129.084972,35.186129],[129.084941,35.185921],[129.085034,35.185912]]]},"properties":{}},{"type":"Feature","geometry":{"type":"Polygon","coordinates":[[[129.08515,35.186135],[129.085153,35.186057],[129.085229,35.186059],[129.085227,35.186137],[129.08515,35.186135]]]},"properties":{}},{"type":"Feature","geometry":{"type":"Polygon","coordinates":[[[129.08564,35.186063],[129.085643,35.18614],[129.085414,35.186145],[129.085411,35.186068],[129.08564,35.186063]]]},"properties":{}},{"type":"Feature","geometry":{"type":"Polygon","coordinates":[[[129.085547,35.186188],[129.085565,35.186462],[129.085471,35.186467],[129.085453,35.186192],[129.085547,35.186188]]]},"properties":{}},{"type":"Feature","geometry":{"type":"Polygon","coordinates":[[[129.085373,35.186182],[129.085385,35.186259],[129.085291,35.186268],[129.08528,35.186191],[129.085373,35.186182]]]},"properties":{}},{"type":"Feature","geometry":{"type":"Polygon","coordinates":[[[129.08539,35.186273],[129.085392,35.186343],[129.085297,35.186346],[129.085295,35.186276],[129.08539,35.186273]]]},"properties":{}},{"type":"Feature","geometry":{"type":"Polygon","coordinates":[[[129.085406,35.186383],[129.085408,35.186482],[129.085313,35.186483],[129.085312,35.186384],[129.085406,35.186383]]]},"properties":{}},{"type":"Feature","geometry":{"type":"Polygon","coordinates":[[[129.085426,35.186749],[129.085312,35.186744],[129.085318,35.18665],[129.085432,35.186656],[129.085426,35.186749]]]},"properties":{}},{"type":"Feature","geometry":{"type":"Polygon","coordinates":[[[129.085423,35.186607],[129.085315,35.186608],[129.085314,35.186519],[129.085422,35.186519],[129.085423,35.186607]]]},"properties":{}},{"type":"Feature","geometry":{"type":"Polygon","coordinates":[[[129.085463,35.186513],[129.085557,35.18651],[129.085561,35.186587],[129.085466,35.18659],[129.085463,35.186513]]]},"properties":{}},{"type":"Feature","geometry":{"type":"Polygon","coordinates":[[[129.085558,35.186664],[129.085559,35.186757],[129.085482,35.186758],[129.085481,35.186664],[129.085558,35.186664]]]},"properties":{}},{"type":"Feature","geometry":{"type":"Polygon","coordinates":[[[129.085597,35.186439],[129.085598,35.186345],[129.085693,35.186346],[129.085692,35.186439],[129.085597,35.186439]]]},"properties":{}},{"type":"Feature","geometry":{"type":"Polygon","coordinates":[[[129.085698,35.1865],[129.085695,35.186593],[129.0856,35.186591],[129.085603,35.186498],[129.085698,35.1865]]]},"properties":{}},{"type":"Feature","geometry":{"type":"Polygon","coordinates":[[[129.085743,35.186512],[129.085863,35.186506],[129.08587,35.186583],[129.085749,35.186589],[129.085743,35.186512]]]},"properties":{}},{"type":"Feature","geometry":{"type":"Polygon","coordinates":[[[129.085837,35.186774],[129.085742,35.186767],[129.085752,35.186666],[129.085847,35.186673],[129.085837,35.186774]]]},"properties":{}},{"type":"Feature","geometry":{"type":"Polygon","coordinates":[[[129.085717,35.186273],[129.085717,35.186195],[129.085831,35.186194],[129.085832,35.186272],[129.085717,35.186273]]]},"properties":{}},{"type":"Feature","geometry":{"type":"Polygon","coordinates":[[[129.085586,35.186187],[129.085681,35.186183],[129.085687,35.186292],[129.085592,35.186296],[129.085586,35.186187]]]},"properties":{}},{"type":"Feature","geometry":{"type":"Polygon","coordinates":[[[129.0858,35.186049],[129.085794,35.186127],[129.085699,35.186122],[129.085705,35.186044],[129.0858,35.186049]]]},"properties":{}},{"type":"Feature","geometry":{"type":"Polygon","coordinates":[[[129.085618,35.18589],[129.085617,35.185801],[129.085779,35.1858],[129.08578,35.185888],[129.085618,35.18589]]]},"properties":{}},{"type":"Feature","geometry":{"type":"Polygon","coordinates":[[[129.085666,35.185924],[129.0858,35.185919],[129.085802,35.185966],[129.085669,35.18597],[129.085666,35.185924]]]},"properties":{}},{"type":"Feature","geometry":{"type":"Polygon","coordinates":[[[129.085617,35.185948],[129.085635,35.186001],[129.085557,35.186018],[129.085539,35.185965],[129.085617,35.185948]]]},"properties":{}},{"type":"Feature","geometry":{"type":"Polygon","coordinates":[[[129.0855,35.186025],[129.085424,35.186025],[129.085423,35.185963],[129.085499,35.185963],[129.0855,35.186025]]]},"properties":{}},{"type":"Feature","geometry":{"type":"Polygon","coordinates":[[[129.085353,35.186037],[129.085257,35.186038],[129.085256,35.185968],[129.085351,35.185967],[129.085353,35.186037]]]},"properties":{}},{"type":"Feature","geometry":{"type":"Polygon","coordinates":[[[129.085326,35.185832],[129.085421,35.185833],[129.08542,35.185911],[129.085325,35.18591],[129.085326,35.185832]]]},"properties":{}},{"type":"Feature","geometry":{"type":"Polygon","coordinates":[[[129.085487,35.185849],[129.085482,35.185817],[129.085575,35.185807],[129.08558,35.18584],[129.085487,35.185849]]]},"properties":{}},{"type":"Feature","geometry":{"type":"Polygon","coordinates":[[[129.085222,35.1855],[129.085329,35.185498],[129.085332,35.18563],[129.085225,35.185632],[129.085222,35.1855]]]},"properties":{}},{"type":"Feature","geometry":{"type":"Polygon","coordinates":[[[129.085355,35.1855],[129.08549,35.185497],[129.085495,35.185629],[129.085361,35.185632],[129.085355,35.1855]]]},"properties":{}},{"type":"Feature","geometry":{"type":"Polygon","coordinates":[[[129.085474,35.185398],[129.085474,35.18546],[129.08536,35.185461],[129.085359,35.185398],[129.085474,35.185398]]]},"properties":{}},{"type":"Feature","geometry":{"type":"Polygon","coordinates":[[[129.085352,35.185329],[129.085219,35.185344],[129.08521,35.185289],[129.085463,35.185261],[129.085478,35.185348],[129.085358,35.185361],[129.085352,35.185329]]]},"properties":{}},{"type":"Feature","geometry":{"type":"Polygon","coordinates":[[[129.085538,35.185347],[129.085534,35.185269],[129.08561,35.185267],[129.085614,35.185345],[129.085538,35.185347]]]},"properties":{}},{"type":"Feature","geometry":{"type":"Polygon","coordinates":[[[129.085793,35.185338],[129.085671,35.185339],[129.08567,35.185262],[129.085791,35.185261],[129.085793,35.185338]]]},"properties":{}},{"type":"Feature","geometry":{"type":"Polygon","coordinates":[[[129.085643,35.185385],[129.08571,35.185381],[129.085714,35.185436],[129.085647,35.18544],[129.085643,35.185385]]]},"properties":{}},{"type":"Feature","geometry":{"type":"Polygon","coordinates":[[[129.086062,35.185458],[129.085948,35.185457],[129.085951,35.185278],[129.086065,35.185279],[129.086062,35.185458]]]},"properties":{}},{"type":"Feature","geometry":{"type":"Polygon","coordinates":[[[129.086082,35.18559],[129.085947,35.185591],[129.085947,35.185524],[129.086081,35.185524],[129.086082,35.18559]]]},"properties":{}},{"type":"Feature","geometry":{"type":"Polygon","coordinates":[[[129.086138,35.185604],[129.086132,35.185505],[129.086226,35.185502],[129.086232,35.1856],[129.086138,35.185604]]]},"properties":{}},{"type":"Feature","geometry":{"type":"Polygon","coordinates":[[[129.086129,35.185391],[129.08621,35.18539],[129.08621,35.185434],[129.086129,35.185435],[129.086129,35.185391]]]},"properties":{}},{"type":"Feature","geometry":{"type":"Polygon","coordinates":[[[129.086543,35.185277],[129.086558,35.185442],[129.086478,35.185447],[129.086462,35.185282],[129.086543,35.185277]]]},"properties":{}},{"type":"Feature","geometry":{"type":"Polygon","coordinates":[[[129.086369,35.185471],[129.08637,35.185581],[129.086262,35.185581],[129.086262,35.185471],[129.086369,35.185471]]]},"properties":{}},{"type":"Feature","geometry":{"type":"Polygon","coordinates":[[[129.08627,35.185855],[129.086268,35.185777],[129.086344,35.185776],[129.086346,35.185854],[129.08627,35.185855]]]},"properties":{}},{"type":"Feature","geometry":{"type":"Polygon","coordinates":[[[129.086468,35.185858],[129.086392,35.185861],[129.086388,35.185783],[129.086464,35.18578],[129.086468,35.185858]]]},"properties":{}},{"type":"Feature","geometry":{"type":"Polygon","coordinates":[[[129.086153,35.18591],[129.086286,35.185913],[129.086282,35.186038],[129.086149,35.186035],[129.086153,35.18591]]]},"properties":{}},{"type":"Feature","geometry":{"type":"Polygon","coordinates":[[[129.08598,35.186131],[129.085964,35.186055],[129.086014,35.185998],[129.085929,35.185948],[129.08599,35.185878],[129.086044,35.18591],[129.086127,35.185815],[129.086182,35.185846],[129.08606,35.185986],[129.086086,35.186116],[129.08598,35.186131]]]},"properties":{}},{"type":"Feature","geometry":{"type":"Polygon","coordinates":[[[129.086139,35.186169],[129.086149,35.186246],[129.085974,35.18626],[129.085965,35.186183],[129.086139,35.186169]]]},"properties":{}},{"type":"Feature","geometry":{"type":"Polygon","coordinates":[[[129.086122,35.186738],[129.086115,35.186661],[129.086182,35.186657],[129.086189,35.186734],[129.086122,35.186738]]]},"properties":{}},{"type":"Feature","geometry":{"type":"Polygon","coordinates":[[[129.086077,35.186287],[129.086171,35.186284],[129.086185,35.186537],[129.086198,35.186536],[129.086192,35.186426],[129.086273,35.186423],[129.086281,35.186566],[129.085985,35.186577],[129.085969,35.186292],[129.086063,35.186288],[129.086072,35.186442],[129.086085,35.186442],[129.086077,35.186287]]]},"properties":{}},{"type":"Feature","geometry":{"type":"Polygon","coordinates":[[[129.08624,35.186741],[129.086239,35.186664],[129.086361,35.186664],[129.086361,35.186741],[129.08624,35.186741]]]},"properties":{}},{"type":"Feature","geometry":{"type":"Polygon","coordinates":[[[129.086522,35.186741],[129.086414,35.186743],[129.086412,35.186632],[129.08652,35.186631],[129.086522,35.186741]]]},"properties":{}},{"type":"Feature","geometry":{"type":"Polygon","coordinates":[[[129.086377,35.186563],[129.08637,35.18642],[129.086545,35.186415],[129.086552,35.186558],[129.086377,35.186563]]]},"properties":{}},{"type":"Feature","geometry":{"type":"Polygon","coordinates":[[[129.086422,35.186218],[129.086503,35.186214],[129.086506,35.186258],[129.086426,35.186262],[129.086422,35.186218]]]},"properties":{}},{"type":"Feature","geometry":{"type":"Polygon","coordinates":[[[129.086329,35.186377],[129.08633,35.186299],[129.086521,35.186301],[129.086519,35.186379],[129.086329,35.186377]]]},"properties":{}},{"type":"Feature","geometry":{"type":"Polygon","coordinates":[[[129.086209,35.186297],[129.086303,35.186296],[129.086304,35.186373],[129.08621,35.186374],[129.086209,35.186297]]]},"properties":{}},{"type":"Feature","geometry":{"type":"Polygon","coordinates":[[[129.086375,35.18627],[129.086299,35.186264],[129.086304,35.186218],[129.08638,35.186223],[129.086375,35.18627]]]},"properties":{}},{"type":"Feature","geometry":{"type":"Polygon","coordinates":[[[129.086271,35.186122],[129.086157,35.186122],[129.086157,35.186044],[129.086271,35.186044],[129.086271,35.186122]]]},"properties":{}},{"type":"Feature","geometry":{"type":"Polygon","coordinates":[[[129.086455,35.18604],[129.086434,35.185999],[129.086459,35.185991],[129.086515,35.186103],[129.086428,35.186132],[129.086392,35.186061],[129.086455,35.18604]]]},"properties":{}},{"type":"Feature","geometry":{"type":"Polygon","coordinates":[[[129.086705,35.186018],[129.086708,35.186111],[129.086594,35.186114],[129.086591,35.18602],[129.086705,35.186018]]]},"properties":{}},{"type":"Feature","geometry":{"type":"Polygon","coordinates":[[[129.086855,35.186107],[129.08676,35.186104],[129.086763,35.186042],[129.086858,35.186045],[129.086855,35.186107]]]},"properties":{}},{"type":"Feature","geometry":{"type":"Polygon","coordinates":[[[129.086626,35.186261],[129.086623,35.186173],[129.08673,35.18617],[129.086734,35.186258],[129.086626,35.186261]]]},"properties":{}},{"type":"Feature","geometry":{"type":"Polygon","coordinates":[[[129.08663,35.186289],[129.086738,35.186289],[129.086738,35.186355],[129.086631,35.186355],[129.08663,35.186289]]]},"properties":{}},{"type":"Feature","geometry":{"type":"Polygon","coordinates":[[[129.086608,35.18626],[129.086554,35.186262],[129.08655,35.186196],[129.086604,35.186194],[129.086608,35.18626]]]},"properties":{}},{"type":"Feature","geometry":{"type":"Polygon","coordinates":[[[129.086611,35.186285],[129.086601,35.186362],[129.086544,35.186358],[129.086554,35.18628],[129.086611,35.186285]]]},"properties":{}},{"type":"Feature","geometry":{"type":"Polygon","coordinates":[[[129.086609,35.186483],[129.086677,35.186483],[129.086677,35.18656],[129.08661,35.18656],[129.086609,35.186483]]]},"properties":{}},{"type":"Feature","geometry":{"type":"Polygon","coordinates":[[[129.086556,35.186731],[129.086555,35.186638],[129.086669,35.186637],[129.086671,35.18673],[129.086556,35.186731]]]},"properties":{}},{"type":"Feature","geometry":{"type":"Polygon","coordinates":[[[129.086721,35.186621],[129.086835,35.186618],[129.08684,35.186727],[129.086726,35.18673],[129.086721,35.186621]]]},"properties":{}},{"type":"Feature","geometry":{"type":"Polygon","coordinates":[[[129.086842,35.186493],[129.08684,35.186571],[129.086726,35.186569],[129.086727,35.186491],[129.086842,35.186493]]]},"properties":{}},{"type":"Feature","geometry":{"type":"Polygon","coordinates":[[[129.086735,35.18646],[129.086735,35.186394],[129.086842,35.186394],[129.086842,35.18646],[129.086735,35.18646]]]},"properties":{}},{"type":"Feature","geometry":{"type":"Polygon","coordinates":[[[129.087013,35.186459],[129.086905,35.18646],[129.086905,35.186394],[129.087012,35.186393],[129.087013,35.186459]]]},"properties":{}},{"type":"Feature","geometry":{"type":"Polygon","coordinates":[[[129.087001,35.186493],[129.087003,35.186571],[129.086889,35.186573],[129.086887,35.186495],[129.087001,35.186493]]]},"properties":{}},{"type":"Feature","geometry":{"type":"Polygon","coordinates":[[[129.087006,35.186615],[129.08701,35.186677],[129.086895,35.186681],[129.086892,35.186619],[129.087006,35.186615]]]},"properties":{}},{"type":"Feature","geometry":{"type":"Polygon","coordinates":[[[129.087142,35.186572],[129.087048,35.186575],[129.087044,35.186498],[129.087138,35.186495],[129.087142,35.186572]]]},"properties":{}},{"type":"Feature","geometry":{"type":"Polygon","coordinates":[[[129.087185,35.186381],[129.087185,35.186458],[129.087064,35.186459],[129.087064,35.186381],[129.087185,35.186381]]]},"properties":{}},{"type":"Feature","geometry":{"type":"Polygon","coordinates":[[[129.087181,35.186278],[129.087184,35.18634],[129.087089,35.186344],[129.087086,35.186281],[129.087181,35.186278]]]},"properties":{}},{"type":"Feature","geometry":{"type":"Polygon","coordinates":[[[129.086916,35.186366],[129.08691,35.186334],[129.086777,35.18635],[129.086769,35.186306],[129.087036,35.186274],[129.087049,35.18635],[129.086916,35.186366]]]},"properties":{}},{"type":"Feature","geometry":{"type":"Polygon","coordinates":[[[129.086783,35.186258],[129.086779,35.18617],[129.086886,35.186166],[129.086891,35.186254],[129.086783,35.186258]]]},"properties":{}},{"type":"Feature","geometry":{"type":"Polygon","coordinates":[[[129.086922,35.186251],[129.086927,35.186173],[129.087022,35.186177],[129.087017,35.186255],[129.086922,35.186251]]]},"properties":{}},{"type":"Feature","geometry":{"type":"Polygon","coordinates":[[[129.08717,35.186037],[129.087174,35.186099],[129.087078,35.186102],[129.087075,35.18604],[129.08717,35.186037]]]},"properties":{}},{"type":"Feature","geometry":{"type":"Polygon","coordinates":[[[129.087174,35.185968],[129.087059,35.18597],[129.087059,35.185923],[129.087173,35.185922],[129.087174,35.185968]]]},"properties":{}},{"type":"Feature","geometry":{"type":"Polygon","coordinates":[[[129.086965,35.18585],[129.086965,35.185762],[129.087046,35.185762],[129.087046,35.18585],[129.086965,35.18585]]]},"properties":{}},{"type":"Feature","geometry":{"type":"Polygon","coordinates":[[[129.086948,35.185785],[129.086943,35.185862],[129.086848,35.185859],[129.086853,35.185781],[129.086948,35.185785]]]},"properties":{}},{"type":"Feature","geometry":{"type":"Polygon","coordinates":[[[129.086884,35.186028],[129.086876,35.185896],[129.087011,35.185891],[129.087019,35.186023],[129.086884,35.186028]]]},"properties":{}},{"type":"Feature","geometry":{"type":"Polygon","coordinates":[[[129.086699,35.185905],[129.086701,35.185993],[129.086593,35.185995],[129.086591,35.185907],[129.086699,35.185905]]]},"properties":{}},{"type":"Feature","geometry":{"type":"Polygon","coordinates":[[[129.086505,35.18589],[129.086496,35.18578],[129.086576,35.185775],[129.086586,35.185885],[129.086505,35.18589]]]},"properties":{}},{"type":"Feature","geometry":{"type":"Polygon","coordinates":[[[129.086805,35.185784],[129.086805,35.185862],[129.086729,35.185862],[129.086729,35.185784],[129.086805,35.185784]]]},"properties":{}},{"type":"Feature","geometry":{"type":"Polygon","coordinates":[[[129.086606,35.185588],[129.086471,35.185589],[129.08647,35.185501],[129.086605,35.1855],[129.086606,35.185588]]]},"properties":{}},{"type":"Feature","geometry":{"type":"Polygon","coordinates":[[[129.0868,35.185332],[129.086881,35.185327],[129.086893,35.185459],[129.086799,35.185465],[129.08678,35.185256],[129.086888,35.18525],[129.086894,35.185316],[129.0868,35.185321],[129.0868,35.185332]]]},"properties":{}},{"type":"Feature","geometry":{"type":"Polygon","coordinates":[[[129.08708,35.184794],[129.087026,35.184796],[129.087025,35.184774],[129.087078,35.184772],[129.08708,35.184794]]]},"properties":{}},{"type":"Feature","geometry":{"type":"Polygon","coordinates":[[[129.087124,35.184706],[129.087056,35.184707],[129.087056,35.184629],[129.087123,35.184629],[129.087124,35.184706]]]},"properties":{}},{"type":"Feature","geometry":{"type":"Polygon","coordinates":[[[129.086997,35.184616],[129.086994,35.184693],[129.086918,35.184692],[129.08692,35.184614],[129.086997,35.184616]]]},"properties":{}},{"type":"Feature","geometry":{"type":"Polygon","coordinates":[[[129.086869,35.184817],[129.086866,35.184762],[129.08696,35.184758],[129.086963,35.184813],[129.086869,35.184817]]]},"properties":{}},{"type":"Feature","geometry":{"type":"Polygon","coordinates":[[[129.086778,35.184703],[129.086773,35.18461],[129.086869,35.184607],[129.086873,35.1847],[129.086778,35.184703]]]},"properties":{}},{"type":"Feature","geometry":{"type":"Polygon","coordinates":[[[129.086627,35.18461],[129.086722,35.184608],[129.086725,35.184701],[129.08663,35.184703],[129.086627,35.18461]]]},"properties":{}},{"type":"Feature","geometry":{"type":"Polygon","coordinates":[[[129.086569,35.184613],[129.086574,35.18469],[129.08648,35.184694],[129.086475,35.184617],[129.086569,35.184613]]]},"properties":{}},{"type":"Feature","geometry":{"type":"Polygon","coordinates":[[[129.086689,35.184807],[129.086622,35.184811],[129.086619,35.184778],[129.086686,35.184774],[129.086689,35.184807]]]},"properties":{}},{"type":"Feature","geometry":{"type":"Polygon","coordinates":[[[129.086716,35.184937],[129.086609,35.184944],[129.086602,35.184878],[129.08671,35.184871],[129.086716,35.184937]]]},"properties":{}},{"type":"Feature","geometry":{"type":"Polygon","coordinates":[[[129.086614,35.185176],[129.086613,35.185067],[129.086728,35.185066],[129.086729,35.185175],[129.086614,35.185176]]]},"properties":{}},{"type":"Feature","geometry":{"type":"Polygon","coordinates":[[[129.086721,35.185044],[129.086607,35.185042],[129.08661,35.184964],[129.086724,35.184967],[129.086721,35.185044]]]},"properties":{}},{"type":"Feature","geometry":{"type":"Polygon","coordinates":[[[129.086691,35.185254],[129.086692,35.185332],[129.086597,35.185333],[129.086595,35.185255],[129.086691,35.185254]]]},"properties":{}},{"type":"Feature","geometry":{"type":"Polygon","coordinates":[[[129.086437,35.185174],[129.086435,35.185097],[129.086556,35.185094],[129.086559,35.185171],[129.086437,35.185174]]]},"properties":{}},{"type":"Feature","geometry":{"type":"Polygon","coordinates":[[[129.086527,35.184998],[129.086519,35.185045],[129.086462,35.185038],[129.08647,35.184992],[129.086527,35.184998]]]},"properties":{}},{"type":"Feature","geometry":{"type":"Polygon","coordinates":[[[129.086273,35.185],[129.086368,35.184999],[129.086368,35.185062],[129.086273,35.185062],[129.086273,35.185]]]},"properties":{}},{"type":"Feature","geometry":{"type":"Polygon","coordinates":[[[129.086404,35.1851],[129.086409,35.185178],[129.086276,35.185183],[129.086271,35.185105],[129.086404,35.1851]]]},"properties":{}},{"type":"Feature","geometry":{"type":"Polygon","coordinates":[[[129.086386,35.18533],[129.086291,35.185325],[129.086297,35.185247],[129.086392,35.185252],[129.086386,35.18533]]]},"properties":{}},{"type":"Feature","geometry":{"type":"Polygon","coordinates":[[[129.086087,35.185104],[129.08622,35.185101],[129.086223,35.185178],[129.08609,35.185181],[129.086087,35.185104]]]},"properties":{}},{"type":"Feature","geometry":{"type":"Polygon","coordinates":[[[129.086046,35.185109],[129.086048,35.185187],[129.085934,35.185188],[129.085932,35.185111],[129.086046,35.185109]]]},"properties":{}},{"type":"Feature","geometry":{"type":"Polygon","coordinates":[[[129.085919,35.184934],[129.086026,35.184925],[129.08603,35.184958],[129.085923,35.184967],[129.085919,35.184934]]]},"properties":{}},{"type":"Feature","geometry":{"type":"Polygon","coordinates":[[[129.086103,35.185055],[129.086097,35.185],[129.086192,35.184994],[129.086196,35.185049],[129.086103,35.185055]]]},"properties":{}},{"type":"Feature","geometry":{"type":"Polygon","coordinates":[[[129.086182,35.184963],[129.086106,35.184965],[129.086104,35.184902],[129.086181,35.184901],[129.086182,35.184963]]]},"properties":{}},{"type":"Feature","geometry":{"type":"Polygon","coordinates":[[[129.086175,35.184778],[129.086181,35.184844],[129.0861,35.184848],[129.086095,35.184782],[129.086175,35.184778]]]},"properties":{}},{"type":"Feature","geometry":{"type":"Polygon","coordinates":[[[129.085913,35.184623],[129.086007,35.184621],[129.086011,35.18472],[129.085916,35.184722],[129.085913,35.184623]]]},"properties":{}},{"type":"Feature","geometry":{"type":"Polygon","coordinates":[[[129.086127,35.184708],[129.08605,35.184711],[129.086045,35.184602],[129.086121,35.184599],[129.086127,35.184708]]]},"properties":{}},{"type":"Feature","geometry":{"type":"Polygon","coordinates":[[[129.086202,35.184634],[129.086296,35.184631],[129.086299,35.184708],[129.086205,35.184711],[129.086202,35.184634]]]},"properties":{}},{"type":"Feature","geometry":{"type":"Polygon","coordinates":[[[129.086234,35.184861],[129.086216,35.184785],[129.086309,35.184771],[129.086327,35.184846],[129.086234,35.184861]]]},"properties":{}},{"type":"Feature","geometry":{"type":"Polygon","coordinates":[[[129.086326,35.184964],[129.08625,35.184963],[129.086251,35.1849],[129.086327,35.184901],[129.086326,35.184964]]]},"properties":{}},{"type":"Feature","geometry":{"type":"Polygon","coordinates":[[[129.086349,35.184772],[129.086416,35.184768],[129.086422,35.184845],[129.086355,35.184849],[129.086349,35.184772]]]},"properties":{}},{"type":"Feature","geometry":{"type":"Polygon","coordinates":[[[129.086429,35.184947],[129.086372,35.184942],[129.086379,35.184896],[129.086435,35.184901],[129.086429,35.184947]]]},"properties":{}},{"type":"Feature","geometry":{"type":"Polygon","coordinates":[[[129.086453,35.184951],[129.086453,35.184885],[129.086561,35.184885],[129.086561,35.184951],[129.086453,35.184951]]]},"properties":{}},{"type":"Feature","geometry":{"type":"Polygon","coordinates":[[[129.08649,35.184772],[129.086546,35.184779],[129.086538,35.184825],[129.086482,35.184819],[129.08649,35.184772]]]},"properties":{}},{"type":"Feature","geometry":{"type":"Polygon","coordinates":[[[129.086434,35.184704],[129.08632,35.184704],[129.08632,35.184626],[129.086435,35.184627],[129.086434,35.184704]]]},"properties":{}},{"type":"Feature","geometry":{"type":"Polygon","coordinates":[[[129.086537,35.184574],[129.08648,35.184568],[129.086485,35.184537],[129.086541,35.184543],[129.086537,35.184574]]]},"properties":{}},{"type":"Feature","geometry":{"type":"Polygon","coordinates":[[[129.086394,35.184434],[129.086488,35.184427],[129.086493,35.184482],[129.086399,35.184489],[129.086394,35.184434]]]},"properties":{}},{"type":"Feature","geometry":{"type":"Polygon","coordinates":[[[129.086402,35.184388],[129.086399,35.184311],[129.086493,35.184309],[129.086496,35.184386],[129.086402,35.184388]]]},"properties":{}},{"type":"Feature","geometry":{"type":"Polygon","coordinates":[[[129.086206,35.184432],[129.086359,35.184432],[129.086359,35.184494],[129.086207,35.184494],[129.086206,35.184432]]]},"properties":{}},{"type":"Feature","geometry":{"type":"Polygon","coordinates":[[[129.086319,35.184533],[129.086414,35.184532],[129.086415,35.184594],[129.08632,35.184595],[129.086319,35.184533]]]},"properties":{}},{"type":"Feature","geometry":{"type":"Polygon","coordinates":[[[129.086272,35.184544],[129.086274,35.18461],[129.086193,35.184612],[129.086191,35.184546],[129.086272,35.184544]]]},"properties":{}},{"type":"Feature","geometry":{"type":"Polygon","coordinates":[[[129.085905,35.184582],[129.085902,35.184317],[129.086009,35.184317],[129.086013,35.184581],[129.085905,35.184582]]]},"properties":{}},{"type":"Feature","geometry":{"type":"Polygon","coordinates":[[[129.086174,35.184466],[129.08608,35.18447],[129.08607,35.184305],[129.086164,35.184301],[129.086174,35.184466]]]},"properties":{}},{"type":"Feature","geometry":{"type":"Polygon","coordinates":[[[129.086058,35.184066],[129.086138,35.184066],[129.086139,35.184132],[129.086058,35.184132],[129.086058,35.184066]]]},"properties":{}},{"type":"Feature","geometry":{"type":"Polygon","coordinates":[[[129.086035,35.184177],[129.086156,35.184168],[129.086164,35.184245],[129.086043,35.184253],[129.086035,35.184177]]]},"properties":{}},{"type":"Feature","geometry":{"type":"Polygon","coordinates":[[[129.086013,35.18426],[129.085899,35.184257],[129.085901,35.184179],[129.086016,35.184182],[129.086013,35.18426]]]},"properties":{}},{"type":"Feature","geometry":{"type":"Polygon","coordinates":[[[129.086008,35.184058],[129.086012,35.18412],[129.085898,35.184125],[129.085894,35.184062],[129.086008,35.184058]]]},"properties":{}},{"type":"Feature","geometry":{"type":"Polygon","coordinates":[[[129.08601,35.184047],[129.085877,35.184048],[129.085875,35.183971],[129.086009,35.183969],[129.08601,35.184047]]]},"properties":{}},{"type":"Feature","geometry":{"type":"Polygon","coordinates":[[[129.085867,35.183861],[129.086,35.183856],[129.086004,35.183934],[129.085871,35.183938],[129.085867,35.183861]]]},"properties":{}},{"type":"Feature","geometry":{"type":"Polygon","coordinates":[[[129.086156,35.183914],[129.086048,35.183918],[129.086044,35.183852],[129.086152,35.183848],[129.086156,35.183914]]]},"properties":{}},{"type":"Feature","geometry":{"type":"Polygon","coordinates":[[[129.086049,35.183956],[129.08613,35.183952],[129.086134,35.184018],[129.086054,35.184022],[129.086049,35.183956]]]},"properties":{}},{"type":"Feature","geometry":{"type":"Polygon","coordinates":[[[129.086274,35.183836],[129.086277,35.183924],[129.086197,35.183926],[129.086193,35.183838],[129.086274,35.183836]]]},"properties":{}},{"type":"Feature","geometry":{"type":"Polygon","coordinates":[[[129.086201,35.183951],[129.086282,35.183949],[129.086284,35.184016],[129.086203,35.184018],[129.086201,35.183951]]]},"properties":{}},{"type":"Feature","geometry":{"type":"Polygon","coordinates":[[[129.086322,35.18425],[129.086215,35.184251],[129.086214,35.184185],[129.086322,35.184184],[129.086322,35.18425]]]},"properties":{}},{"type":"Feature","geometry":{"type":"Polygon","coordinates":[[[129.086463,35.184161],[129.086517,35.184161],[129.086519,35.184227],[129.086465,35.184227],[129.086463,35.184161]]]},"properties":{}},{"type":"Feature","geometry":{"type":"Polygon","coordinates":[[[129.086571,35.183964],[129.086574,35.184042],[129.086488,35.184044],[129.086486,35.183989],[129.086467,35.18399],[129.086469,35.184052],[129.086364,35.184054],[129.086362,35.183968],[129.086571,35.183964]]]},"properties":{}},{"type":"Feature","geometry":{"type":"Polygon","coordinates":[[[129.086351,35.183922],[129.086336,35.183834],[129.086389,35.183828],[129.086404,35.183915],[129.086351,35.183922]]]},"properties":{}},{"type":"Feature","geometry":{"type":"Polygon","coordinates":[[[129.086694,35.183953],[129.086683,35.183843],[129.086764,35.183837],[129.086775,35.183947],[129.086694,35.183953]]]},"properties":{}},{"type":"Feature","geometry":{"type":"Polygon","coordinates":[[[129.086708,35.18403],[129.086706,35.183984],[129.086782,35.183981],[129.086784,35.184028],[129.086708,35.18403]]]},"properties":{}},{"type":"Feature","geometry":{"type":"Polygon","coordinates":[[[129.086849,35.18413],[129.086735,35.184128],[129.086736,35.184066],[129.08685,35.184067],[129.086849,35.18413]]]},"properties":{}},{"type":"Feature","geometry":{"type":"Polygon","coordinates":[[[129.086746,35.18416],[129.08684,35.184159],[129.086842,35.184236],[129.086748,35.184237],[129.086746,35.18416]]]},"properties":{}},{"type":"Feature","geometry":{"type":"Polygon","coordinates":[[[129.08657,35.184157],[129.086685,35.184159],[129.086682,35.184237],[129.086568,35.184234],[129.08657,35.184157]]]},"properties":{}},{"type":"Feature","geometry":{"type":"Polygon","coordinates":[[[129.086554,35.184138],[129.086552,35.184083],[129.086673,35.18408],[129.086675,35.184135],[129.086554,35.184138]]]},"properties":{}},{"type":"Feature","geometry":{"type":"Polygon","coordinates":[[[129.0867,35.184323],[129.086703,35.184401],[129.086627,35.184403],[129.086624,35.184325],[129.0867,35.184323]]]},"properties":{}},{"type":"Feature","geometry":{"type":"Polygon","coordinates":[[[129.086701,35.184517],[129.086703,35.184583],[129.086622,35.184584],[129.08662,35.184518],[129.086701,35.184517]]]},"properties":{}},{"type":"Feature","geometry":{"type":"Polygon","coordinates":[[[129.086775,35.184545],[129.086851,35.184545],[129.08685,35.184592],[129.086774,35.184591],[129.086775,35.184545]]]},"properties":{}},{"type":"Feature","geometry":{"type":"Polygon","coordinates":[[[129.086929,35.184591],[129.086957,35.184559],[129.086988,35.184577],[129.086961,35.184609],[129.086929,35.184591]]]},"properties":{}},{"type":"Feature","geometry":{"type":"Polygon","coordinates":[[[129.08711,35.184536],[129.087106,35.184582],[129.087068,35.18458],[129.087072,35.184533],[129.08711,35.184536]]]},"properties":{}},{"type":"Feature","geometry":{"type":"Polygon","coordinates":[[[129.087056,35.184361],[129.087063,35.184438],[129.086996,35.184442],[129.086989,35.184365],[129.087056,35.184361]]]},"properties":{}},{"type":"Feature","geometry":{"type":"Polygon","coordinates":[[[129.086837,35.183959],[129.086917,35.183958],[129.086918,35.184024],[129.086837,35.184025],[129.086837,35.183959]]]},"properties":{}},{"type":"Feature","geometry":{"type":"Polygon","coordinates":[[[129.086909,35.183856],[129.086907,35.183934],[129.08683,35.183933],[129.086833,35.183855],[129.086909,35.183856]]]},"properties":{}},{"type":"Feature","geometry":{"type":"Polygon","coordinates":[[[129.087086,35.183841],[129.087092,35.18395],[129.086996,35.183954],[129.08699,35.183845],[129.087086,35.183841]]]},"properties":{}},{"type":"Feature","geometry":{"type":"Polygon","coordinates":[[[129.08698,35.183683],[129.087056,35.183684],[129.087055,35.183762],[129.086979,35.183761],[129.08698,35.183683]]]},"properties":{}},{"type":"Feature","geometry":{"type":"Polygon","coordinates":[[[129.08698,35.183643],[129.086977,35.183565],[129.087072,35.183563],[129.087075,35.183641],[129.08698,35.183643]]]},"properties":{}},{"type":"Feature","geometry":{"type":"Polygon","coordinates":[[[129.086861,35.183644],[129.086859,35.183578],[129.086939,35.183576],[129.086942,35.183642],[129.086861,35.183644]]]},"properties":{}},{"type":"Feature","geometry":{"type":"Polygon","coordinates":[[[129.086876,35.183672],[129.086952,35.18367],[129.086956,35.183763],[129.08688,35.183765],[129.086876,35.183672]]]},"properties":{}},{"type":"Feature","geometry":{"type":"Polygon","coordinates":[[[129.086751,35.183685],[129.086847,35.183685],[129.086848,35.183763],[129.086752,35.183763],[129.086751,35.183685]]]},"properties":{}},{"type":"Feature","geometry":{"type":"Polygon","coordinates":[[[129.086598,35.183765],[129.086597,35.183688],[129.086691,35.183687],[129.086692,35.183765],[129.086598,35.183765]]]},"properties":{}},{"type":"Feature","geometry":{"type":"Polygon","coordinates":[[[129.086684,35.183483],[129.086689,35.18356],[129.086595,35.183564],[129.08659,35.183487],[129.086684,35.183483]]]},"properties":{}},{"type":"Feature","geometry":{"type":"Polygon","coordinates":[[[129.086732,35.183645],[129.086731,35.183583],[129.086845,35.183581],[129.086847,35.183643],[129.086732,35.183645]]]},"properties":{}},{"type":"Feature","geometry":{"type":"Polygon","coordinates":[[[129.086587,35.183437],[129.08658,35.18336],[129.086674,35.183354],[129.086681,35.183431],[129.086587,35.183437]]]},"properties":{}},{"type":"Feature","geometry":{"type":"Polygon","coordinates":[[[129.086569,35.183287],[129.08657,35.183209],[129.086665,35.183209],[129.086665,35.183287],[129.086569,35.183287]]]},"properties":{}},{"type":"Feature","geometry":{"type":"Polygon","coordinates":[[[129.086721,35.18321],[129.086816,35.183208],[129.086819,35.183301],[129.086724,35.183303],[129.086721,35.18321]]]},"properties":{}},{"type":"Feature","geometry":{"type":"Polygon","coordinates":[[[129.08691,35.183218],[129.086908,35.183296],[129.086851,35.183295],[129.086852,35.183217],[129.08691,35.183218]]]},"properties":{}},{"type":"Feature","geometry":{"type":"Polygon","coordinates":[[[129.086943,35.183363],[129.086939,35.18344],[129.08674,35.183434],[129.086743,35.183356],[129.086943,35.183363]]]},"properties":{}},{"type":"Feature","geometry":{"type":"Polygon","coordinates":[[[129.086744,35.183548],[129.086737,35.183482],[129.086925,35.183469],[129.086932,35.183535],[129.086744,35.183548]]]},"properties":{}},{"type":"Feature","geometry":{"type":"Polygon","coordinates":[[[129.087046,35.183428],[129.086978,35.183432],[129.086974,35.183377],[129.087041,35.183373],[129.087046,35.183428]]]},"properties":{}},{"type":"Feature","geometry":{"type":"Polygon","coordinates":[[[129.087063,35.183473],[129.087056,35.183528],[129.08698,35.183521],[129.086987,35.183467],[129.087063,35.183473]]]},"properties":{}},{"type":"Feature","geometry":{"type":"Polygon","coordinates":[[[129.087022,35.183279],[129.086976,35.18324],[129.087005,35.183217],[129.087052,35.183257],[129.087022,35.183279]]]},"properties":{}},{"type":"Feature","geometry":{"type":"Polygon","coordinates":[[[129.08706,35.183124],[129.087058,35.183178],[129.086858,35.183174],[129.086859,35.183119],[129.08706,35.183124]]]},"properties":{}},{"type":"Feature","geometry":{"type":"Polygon","coordinates":[[[129.086875,35.183068],[129.086876,35.182991],[129.086971,35.182991],[129.08697,35.183069],[129.086875,35.183068]]]},"properties":{}},{"type":"Feature","geometry":{"type":"Polygon","coordinates":[[[129.086866,35.182938],[129.086865,35.18286],[129.08698,35.18286],[129.08698,35.182938],[129.086866,35.182938]]]},"properties":{}},{"type":"Feature","geometry":{"type":"Polygon","coordinates":[[[129.087015,35.182949],[129.087015,35.18286],[129.087122,35.18286],[129.087123,35.182948],[129.087015,35.182949]]]},"properties":{}},{"type":"Feature","geometry":{"type":"Polygon","coordinates":[[[129.087031,35.182774],[129.087058,35.182752],[129.087085,35.182773],[129.087058,35.182795],[129.087031,35.182774]]]},"properties":{}},{"type":"Feature","geometry":{"type":"Polygon","coordinates":[[[129.086925,35.182505],[129.08702,35.182504],[129.087021,35.182558],[129.086926,35.18256],[129.086925,35.182505]]]},"properties":{}},{"type":"Feature","geometry":{"type":"Polygon","coordinates":[[[129.086995,35.182791],[129.0869,35.182792],[129.086899,35.182737],[129.086993,35.182736],[129.086995,35.182791]]]},"properties":{}},{"type":"Feature","geometry":{"type":"Polygon","coordinates":[[[129.08684,35.182727],[129.086843,35.182805],[129.086748,35.182808],[129.086745,35.18273],[129.08684,35.182727]]]},"properties":{}},{"type":"Feature","geometry":{"type":"Polygon","coordinates":[[[129.086734,35.182654],[129.086815,35.182649],[129.086818,35.182693],[129.086738,35.182698],[129.086734,35.182654]]]},"properties":{}},{"type":"Feature","geometry":{"type":"Polygon","coordinates":[[[129.086877,35.182572],[129.08677,35.182572],[129.086769,35.182506],[129.086877,35.182506],[129.086877,35.182572]]]},"properties":{}},{"type":"Feature","geometry":{"type":"Polygon","coordinates":[[[129.086591,35.182411],[129.086589,35.182489],[129.086475,35.182488],[129.086477,35.18241],[129.086591,35.182411]]]},"properties":{}},{"type":"Feature","geometry":{"type":"Polygon","coordinates":[[[129.086625,35.182794],[129.086609,35.182752],[129.086634,35.182746],[129.086651,35.182788],[129.086625,35.182794]]]},"properties":{}},{"type":"Feature","geometry":{"type":"Polygon","coordinates":[[[129.086581,35.182884],[129.086676,35.182881],[129.08668,35.182967],[129.086584,35.18297],[129.086581,35.182884]]]},"properties":{}},{"type":"Feature","geometry":{"type":"Polygon","coordinates":[[[129.086716,35.182861],[129.086823,35.18286],[129.086824,35.182948],[129.086716,35.182949],[129.086716,35.182861]]]},"properties":{}},{"type":"Feature","geometry":{"type":"Polygon","coordinates":[[[129.086717,35.183166],[129.086713,35.183104],[129.086808,35.1831],[129.086812,35.183162],[129.086717,35.183166]]]},"properties":{}},{"type":"Feature","geometry":{"type":"Polygon","coordinates":[[[129.086579,35.18311],[129.086674,35.183108],[129.086676,35.183171],[129.086581,35.183173],[129.086579,35.18311]]]},"properties":{}},{"type":"Feature","geometry":{"type":"Polygon","coordinates":[[[129.086682,35.183006],[129.086685,35.183068],[129.08659,35.183071],[129.086587,35.183009],[129.086682,35.183006]]]},"properties":{}},{"type":"Feature","geometry":{"type":"Polygon","coordinates":[[[129.086546,35.183017],[129.086544,35.183079],[129.086449,35.183077],[129.08645,35.183015],[129.086546,35.183017]]]},"properties":{}},{"type":"Feature","geometry":{"type":"Polygon","coordinates":[[[129.086316,35.183108],[129.08641,35.183105],[129.086414,35.183183],[129.08632,35.183185],[129.086316,35.183108]]]},"properties":{}},{"type":"Feature","geometry":{"type":"Polygon","coordinates":[[[129.08618,35.183118],[129.086274,35.183115],[129.086277,35.183192],[129.086183,35.183195],[129.08618,35.183118]]]},"properties":{}},{"type":"Feature","geometry":{"type":"Polygon","coordinates":[[[129.086169,35.183028],[129.086264,35.183025],[129.086267,35.183087],[129.086172,35.18309],[129.086169,35.183028]]]},"properties":{}},{"type":"Feature","geometry":{"type":"Polygon","coordinates":[[[129.086301,35.18302],[129.086409,35.18302],[129.086409,35.183086],[129.086301,35.183087],[129.086301,35.18302]]]},"properties":{}},{"type":"Feature","geometry":{"type":"Polygon","coordinates":[[[129.086291,35.182905],[129.086538,35.1829],[129.08654,35.182978],[129.086293,35.182983],[129.086291,35.182905]]]},"properties":{}},{"type":"Feature","geometry":{"type":"Polygon","coordinates":[[[129.086523,35.182812],[129.086446,35.182807],[129.086454,35.182729],[129.08653,35.182735],[129.086523,35.182812]]]},"properties":{}},{"type":"Feature","geometry":{"type":"Polygon","coordinates":[[[129.086344,35.18242],[129.086439,35.182419],[129.086441,35.182497],[129.086345,35.182498],[129.086344,35.18242]]]},"properties":{}},{"type":"Feature","geometry":{"type":"Polygon","coordinates":[[[129.086405,35.182569],[129.086371,35.182586],[129.08635,35.182559],[129.086384,35.182541],[129.086405,35.182569]]]},"properties":{}},{"type":"Feature","geometry":{"type":"Polygon","coordinates":[[[129.086299,35.182598],[129.086223,35.182597],[129.086224,35.182535],[129.0863,35.182535],[129.086299,35.182598]]]},"properties":{}},{"type":"Feature","geometry":{"type":"Polygon","coordinates":[[[129.08601,35.182751],[129.086182,35.182752],[129.086182,35.182829],[129.08601,35.182829],[129.08601,35.182751]]]},"properties":{}},{"type":"Feature","geometry":{"type":"Polygon","coordinates":[[[129.086055,35.182434],[129.08617,35.182433],[129.086171,35.182511],[129.086057,35.182512],[129.086055,35.182434]]]},"properties":{}},{"type":"Feature","geometry":{"type":"Polygon","coordinates":[[[129.08603,35.182561],[129.086178,35.182552],[129.086183,35.182607],[129.086035,35.182616],[129.08603,35.182561]]]},"properties":{}},{"type":"Feature","geometry":{"type":"Polygon","coordinates":[[[129.086086,35.182896],[129.086095,35.182962],[129.086135,35.182958],[129.086129,35.182914],[129.086236,35.182904],[129.086244,35.182959],[129.085963,35.182985],[129.085952,35.182908],[129.086086,35.182896]]]},"properties":{}},{"type":"Feature","geometry":{"type":"Polygon","coordinates":[[[129.086042,35.183027],[129.086118,35.183028],[129.086117,35.18309],[129.086041,35.183089],[129.086042,35.183027]]]},"properties":{}},{"type":"Feature","geometry":{"type":"Polygon","coordinates":[[[129.085999,35.183097],[129.085904,35.1831],[129.085901,35.183037],[129.085997,35.183035],[129.085999,35.183097]]]},"properties":{}},{"type":"Feature","geometry":{"type":"Polygon","coordinates":[[[129.085899,35.183131],[129.086089,35.183132],[129.086088,35.183225],[129.086117,35.183226],[129.086117,35.183304],[129.085897,35.183302],[129.085899,35.183131]]]},"properties":{}},{"type":"Feature","geometry":{"type":"Polygon","coordinates":[[[129.085859,35.183489],[129.085859,35.183368],[129.085953,35.183368],[129.085954,35.183489],[129.085859,35.183489]]]},"properties":{}},{"type":"Feature","geometry":{"type":"Polygon","coordinates":[[[129.085994,35.183357],[129.086089,35.183353],[129.086094,35.183447],[129.085999,35.18345],[129.085994,35.183357]]]},"properties":{}},{"type":"Feature","geometry":{"type":"Polygon","coordinates":[[[129.086148,35.18337],[129.086229,35.183369],[129.086231,35.183435],[129.08615,35.183436],[129.086148,35.18337]]]},"properties":{}},{"type":"Feature","geometry":{"type":"Polygon","coordinates":[[[129.086189,35.183302],[129.086189,35.183225],[129.086284,35.183224],[129.086284,35.183301],[129.086189,35.183302]]]},"properties":{}},{"type":"Feature","geometry":{"type":"Polygon","coordinates":[[[129.086492,35.183297],[129.086473,35.183233],[129.086525,35.183222],[129.086544,35.183287],[129.086492,35.183297]]]},"properties":{}},{"type":"Feature","geometry":{"type":"Polygon","coordinates":[[[129.086332,35.18322],[129.086412,35.18322],[129.086413,35.183308],[129.086332,35.183309],[129.086332,35.18322]]]},"properties":{}},{"type":"Feature","geometry":{"type":"Polygon","coordinates":[[[129.086435,35.183359],[129.086549,35.183356],[129.086552,35.183434],[129.086438,35.183437],[129.086435,35.183359]]]},"properties":{}},{"type":"Feature","geometry":{"type":"Polygon","coordinates":[[[129.086404,35.183532],[129.086297,35.18354],[129.086276,35.183365],[129.086383,35.183357],[129.086404,35.183532]]]},"properties":{}},{"type":"Feature","geometry":{"type":"Polygon","coordinates":[[[129.086554,35.183552],[129.086446,35.183557],[129.086442,35.183491],[129.08655,35.183486],[129.086554,35.183552]]]},"properties":{}},{"type":"Feature","geometry":{"type":"Polygon","coordinates":[[[129.086448,35.183646],[129.086448,35.18358],[129.086556,35.183579],[129.086556,35.183645],[129.086448,35.183646]]]},"properties":{}},{"type":"Feature","geometry":{"type":"Polygon","coordinates":[[[129.086449,35.183766],[129.08645,35.183689],[129.086565,35.18369],[129.086563,35.183768],[129.086449,35.183766]]]},"properties":{}},{"type":"Feature","geometry":{"type":"Polygon","coordinates":[[[129.086393,35.183672],[129.086396,35.18376],[129.086288,35.183763],[129.086285,35.183675],[129.086393,35.183672]]]},"properties":{}},{"type":"Feature","geometry":{"type":"Polygon","coordinates":[[[129.086186,35.183775],[129.086071,35.183778],[129.086068,35.183685],[129.086182,35.183682],[129.086186,35.183775]]]},"properties":{}},{"type":"Feature","geometry":{"type":"Polygon","coordinates":[[[129.086196,35.183491],[129.086197,35.183568],[129.086129,35.183568],[129.086129,35.183491],[129.086196,35.183491]]]},"properties":{}},{"type":"Feature","geometry":{"type":"Polygon","coordinates":[[[129.086084,35.183647],[129.086082,35.1836],[129.086158,35.183599],[129.08616,35.183645],[129.086084,35.183647]]]},"properties":{}},{"type":"Feature","geometry":{"type":"Polygon","coordinates":[[[129.086006,35.183502],[129.086086,35.183502],[129.086087,35.183568],[129.086006,35.183568],[129.086006,35.183502]]]},"properties":{}},{"type":"Feature","geometry":{"type":"Polygon","coordinates":[[[129.085866,35.183502],[129.08596,35.183501],[129.085962,35.183556],[129.085867,35.183557],[129.085866,35.183502]]]},"properties":{}},{"type":"Feature","geometry":{"type":"Polygon","coordinates":[[[129.086017,35.183656],[129.085896,35.183665],[129.085889,35.183599],[129.08601,35.18359],[129.086017,35.183656]]]},"properties":{}},{"type":"Feature","geometry":{"type":"Polygon","coordinates":[[[129.085897,35.183786],[129.085892,35.183709],[129.086013,35.183704],[129.086018,35.183781],[129.085897,35.183786]]]},"properties":{}},{"type":"Feature","geometry":{"type":"Polygon","coordinates":[[[129.085657,35.183802],[129.08565,35.183737],[129.085731,35.183731],[129.085738,35.183796],[129.085657,35.183802]]]},"properties":{}},{"type":"Feature","geometry":{"type":"Polygon","coordinates":[[[129.085718,35.183708],[129.085623,35.18371],[129.085621,35.183647],[129.085716,35.183645],[129.085718,35.183708]]]},"properties":{}},{"type":"Feature","geometry":{"type":"Polygon","coordinates":[[[129.085624,35.183572],[129.085624,35.183525],[129.085662,35.183525],[129.085662,35.183572],[129.085624,35.183572]]]},"properties":{}},{"type":"Feature","geometry":{"type":"Polygon","coordinates":[[[129.085676,35.183256],[129.085743,35.183248],[129.085753,35.183303],[129.085686,35.183311],[129.085676,35.183256]]]},"properties":{}},{"type":"Feature","geometry":{"type":"Polygon","coordinates":[[[129.085715,35.183411],[129.085709,35.18345],[129.085634,35.183442],[129.08564,35.183403],[129.085715,35.183411]]]},"properties":{}},{"type":"Feature","geometry":{"type":"Polygon","coordinates":[[[129.085476,35.18339],[129.085572,35.183388],[129.085574,35.183466],[129.085478,35.183468],[129.085476,35.18339]]]},"properties":{}},{"type":"Feature","geometry":{"type":"Polygon","coordinates":[[[129.085617,35.183309],[129.085521,35.183312],[129.085515,35.183172],[129.08561,35.183169],[129.085617,35.183309]]]},"properties":{}},{"type":"Feature","geometry":{"type":"Polygon","coordinates":[[[129.085339,35.183241],[129.085434,35.183242],[129.085433,35.183336],[129.085338,35.183335],[129.085339,35.183241]]]},"properties":{}},{"type":"Feature","geometry":{"type":"Polygon","coordinates":[[[129.085331,35.183155],[129.085427,35.183154],[129.085427,35.183216],[129.085332,35.183217],[129.085331,35.183155]]]},"properties":{}},{"type":"Feature","geometry":{"type":"Polygon","coordinates":[[[129.085304,35.183401],[129.085419,35.183401],[129.085419,35.183478],[129.085305,35.183479],[129.085304,35.183401]]]},"properties":{}},{"type":"Feature","geometry":{"type":"Polygon","coordinates":[[[129.085412,35.183511],[129.085413,35.183577],[129.085306,35.183578],[129.085305,35.183512],[129.085412,35.183511]]]},"properties":{}},{"type":"Feature","geometry":{"type":"Polygon","coordinates":[[[129.085387,35.183641],[129.085292,35.18364],[129.085292,35.183624],[129.085388,35.183625],[129.085387,35.183641]]]},"properties":{}},{"type":"Feature","geometry":{"type":"Polygon","coordinates":[[[129.085459,35.183576],[129.085462,35.183514],[129.085576,35.183517],[129.085574,35.183579],[129.085459,35.183576]]]},"properties":{}},{"type":"Feature","geometry":{"type":"Polygon","coordinates":[[[129.08543,35.183815],[129.085414,35.183661],[129.085522,35.183654],[129.085537,35.183807],[129.08543,35.183815]]]},"properties":{}},{"type":"Feature","geometry":{"type":"Polygon","coordinates":[[[129.085242,35.183525],[129.085233,35.183579],[129.085006,35.183554],[129.085015,35.1835],[129.085242,35.183525]]]},"properties":{}},{"type":"Feature","geometry":{"type":"Polygon","coordinates":[[[129.085036,35.183651],[129.085028,35.183791],[129.084962,35.183788],[129.084969,35.183648],[129.084769,35.183641],[129.084771,35.18361],[129.085209,35.183626],[129.0852,35.183797],[129.085048,35.183791],[129.085055,35.183652],[129.085036,35.183651]]]},"properties":{}},{"type":"Feature","geometry":{"type":"Polygon","coordinates":[[[129.084935,35.183806],[129.084774,35.183807],[129.084773,35.183653],[129.084935,35.183652],[129.084935,35.183806]]]},"properties":{}},{"type":"Feature","geometry":{"type":"Polygon","coordinates":[[[129.084815,35.183588],[129.084719,35.183585],[129.084722,35.183523],[129.084817,35.183525],[129.084815,35.183588]]]},"properties":{}},{"type":"Feature","geometry":{"type":"Polygon","coordinates":[[[129.084865,35.183535],[129.084945,35.18353],[129.084949,35.183574],[129.084868,35.183579],[129.084865,35.183535]]]},"properties":{}},{"type":"Feature","geometry":{"type":"Polygon","coordinates":[[[129.084707,35.183398],[129.084822,35.1834],[129.084819,35.183478],[129.084705,35.183476],[129.084707,35.183398]]]},"properties":{}},{"type":"Feature","geometry":{"type":"Polygon","coordinates":[[[129.084709,35.18325],[129.08479,35.183248],[129.084793,35.183336],[129.084712,35.183338],[129.084709,35.18325]]]},"properties":{}},{"type":"Feature","geometry":{"type":"Polygon","coordinates":[[[129.084887,35.183149],[129.08488,35.183211],[129.084804,35.183206],[129.084811,35.183144],[129.084887,35.183149]]]},"properties":{}},{"type":"Feature","geometry":{"type":"Polygon","coordinates":[[[129.084881,35.18333],[129.084814,35.18333],[129.084813,35.183253],[129.084881,35.183253],[129.084881,35.18333]]]},"properties":{}},{"type":"Feature","geometry":{"type":"Polygon","coordinates":[[[129.085114,35.183231],[129.084933,35.183227],[129.084935,35.183165],[129.085116,35.183169],[129.085114,35.183231]]]},"properties":{}},{"type":"Feature","geometry":{"type":"Polygon","coordinates":[[[129.085001,35.183244],[129.084996,35.183306],[129.085015,35.183308],[129.08502,35.183253],[129.085134,35.18326],[129.085128,35.183323],[129.084938,35.183311],[129.084944,35.183241],[129.085001,35.183244]]]},"properties":{}},{"type":"Feature","geometry":{"type":"Polygon","coordinates":[[[129.085097,35.183388],[129.085104,35.183465],[129.08501,35.183471],[129.085003,35.183394],[129.085097,35.183388]]]},"properties":{}},{"type":"Feature","geometry":{"type":"Polygon","coordinates":[[[129.085247,35.183488],[129.085139,35.183488],[129.085139,35.1834],[129.085246,35.1834],[129.085247,35.183488]]]},"properties":{}},{"type":"Feature","geometry":{"type":"Polygon","coordinates":[[[129.085311,35.183334],[129.085189,35.183336],[129.085187,35.183259],[129.085309,35.183257],[129.085311,35.183334]]]},"properties":{}},{"type":"Feature","geometry":{"type":"Polygon","coordinates":[[[129.085197,35.183155],[129.085305,35.183154],[129.085305,35.18322],[129.085198,35.183221],[129.085197,35.183155]]]},"properties":{}},{"type":"Feature","geometry":{"type":"Polygon","coordinates":[[[129.085089,35.182992],[129.085088,35.182926],[129.085169,35.182925],[129.08517,35.182991],[129.085089,35.182992]]]},"properties":{}},{"type":"Feature","geometry":{"type":"Polygon","coordinates":[[[129.085161,35.183115],[129.08508,35.183115],[129.08508,35.183049],[129.085161,35.183049],[129.085161,35.183115]]]},"properties":{}},{"type":"Feature","geometry":{"type":"Polygon","coordinates":[[[129.08495,35.183111],[129.08495,35.183049],[129.085045,35.183049],[129.085045,35.183111],[129.08495,35.183111]]]},"properties":{}},{"type":"Feature","geometry":{"type":"Polygon","coordinates":[[[129.08489,35.18304],[129.084918,35.183102],[129.084867,35.183117],[129.08484,35.183055],[129.08489,35.18304]]]},"properties":{}},{"type":"Feature","geometry":{"type":"Polygon","coordinates":[[[129.084694,35.182945],[129.084781,35.182894],[129.08486,35.182983],[129.084773,35.183035],[129.084694,35.182945]]]},"properties":{}},{"type":"Feature","geometry":{"type":"Polygon","coordinates":[[[129.084703,35.182767],[129.084835,35.18278],[129.084829,35.182827],[129.084696,35.182814],[129.084703,35.182767]]]},"properties":{}},{"type":"Feature","geometry":{"type":"Polygon","coordinates":[[[129.084883,35.182552],[129.084949,35.182561],[129.084941,35.1826],[129.084875,35.182591],[129.084883,35.182552]]]},"properties":{}},{"type":"Feature","geometry":{"type":"Polygon","coordinates":[[[129.085132,35.182614],[129.085079,35.182564],[129.08512,35.182535],[129.085173,35.182585],[129.085132,35.182614]]]},"properties":{}},{"type":"Feature","geometry":{"type":"Polygon","coordinates":[[[129.085311,35.182618],[129.085241,35.182565],[129.085293,35.182519],[129.085363,35.182572],[129.085311,35.182618]]]},"properties":{}},{"type":"Feature","geometry":{"type":"Polygon","coordinates":[[[129.085495,35.182633],[129.085571,35.182632],[129.085572,35.182695],[129.085495,35.182695],[129.085495,35.182633]]]},"properties":{}},{"type":"Feature","geometry":{"type":"Polygon","coordinates":[[[129.085445,35.182712],[129.085389,35.182701],[129.085402,35.182656],[129.085457,35.182666],[129.085445,35.182712]]]},"properties":{}},{"type":"Feature","geometry":{"type":"Polygon","coordinates":[[[129.085434,35.18307],[129.085435,35.183124],[129.085314,35.183126],[129.085313,35.183071],[129.085434,35.18307]]]},"properties":{}},{"type":"Feature","geometry":{"type":"Polygon","coordinates":[[[129.085314,35.183042],[129.08531,35.182954],[129.085418,35.182951],[129.085421,35.183039],[129.085314,35.183042]]]},"properties":{}},{"type":"Feature","geometry":{"type":"Polygon","coordinates":[[[129.085478,35.183078],[129.085593,35.183082],[129.085591,35.183113],[129.085477,35.18311],[129.085478,35.183078]]]},"properties":{}},{"type":"Feature","geometry":{"type":"Polygon","coordinates":[[[129.085429,35.182834],[129.08542,35.18279],[129.085447,35.182787],[129.085455,35.18283],[129.085429,35.182834]]]},"properties":{}},{"type":"Feature","geometry":{"type":"Polygon","coordinates":[[[129.085636,35.183103],[129.085624,35.182994],[129.085678,35.18299],[129.08569,35.183099],[129.085636,35.183103]]]},"properties":{}},{"type":"Feature","geometry":{"type":"Polygon","coordinates":[[[129.085749,35.182716],[129.085756,35.182685],[129.085831,35.182696],[129.085824,35.182727],[129.085749,35.182716]]]},"properties":{}},{"type":"Feature","geometry":{"type":"Polygon","coordinates":[[[129.085638,35.182861],[129.085623,35.182752],[129.085703,35.182744],[129.085718,35.182854],[129.085638,35.182861]]]},"properties":{}},{"type":"Feature","geometry":{"type":"Polygon","coordinates":[[[129.085636,35.18255],[129.085731,35.18255],[129.08573,35.182628],[129.085635,35.182627],[129.085636,35.18255]]]},"properties":{}},{"type":"Feature","geometry":{"type":"Polygon","coordinates":[[[129.08551,35.182424],[129.085738,35.182439],[129.08573,35.182516],[129.085502,35.182502],[129.08551,35.182424]]]},"properties":{}},{"type":"Feature","geometry":{"type":"Polygon","coordinates":[[[129.085877,35.182575],[129.08587,35.182637],[129.085775,35.182629],[129.085783,35.182567],[129.085877,35.182575]]]},"properties":{}},{"type":"Feature","geometry":{"type":"Polygon","coordinates":[[[129.085904,35.182483],[129.085893,35.182544],[129.08578,35.18253],[129.085791,35.182469],[129.085904,35.182483]]]},"properties":{}},{"type":"Feature","geometry":{"type":"Polygon","coordinates":[[[129.085911,35.182347],[129.085901,35.182394],[129.085826,35.182383],[129.085835,35.182337],[129.085911,35.182347]]]},"properties":{}},{"type":"Feature","geometry":{"type":"Polygon","coordinates":[[[129.085756,35.182359],[129.085745,35.182405],[129.085689,35.182396],[129.0857,35.18235],[129.085756,35.182359]]]},"properties":{}},{"type":"Feature","geometry":{"type":"Polygon","coordinates":[[[129.085679,35.182215],[129.085676,35.182293],[129.085514,35.182289],[129.085517,35.182211],[129.085679,35.182215]]]},"properties":{}},{"type":"Feature","geometry":{"type":"Polygon","coordinates":[[[129.085731,35.182164],[129.085664,35.182166],[129.085659,35.182089],[129.085726,35.182087],[129.085731,35.182164]]]},"properties":{}},{"type":"Feature","geometry":{"type":"Polygon","coordinates":[[[129.085772,35.182079],[129.085829,35.182084],[129.085821,35.182146],[129.085764,35.182141],[129.085772,35.182079]]]},"properties":{}},{"type":"Feature","geometry":{"type":"Polygon","coordinates":[[[129.085757,35.182217],[129.085851,35.182228],[129.085843,35.182274],[129.085748,35.182263],[129.085757,35.182217]]]},"properties":{}},{"type":"Feature","geometry":{"type":"Polygon","coordinates":[[[129.085941,35.181916],[129.08593,35.182048],[129.085778,35.18204],[129.085789,35.181908],[129.085941,35.181916]]]},"properties":{}},{"type":"Feature","geometry":{"type":"Polygon","coordinates":[[[129.085948,35.181838],[129.085936,35.181884],[129.085806,35.181861],[129.085817,35.181816],[129.085948,35.181838]]]},"properties":{}},{"type":"Feature","geometry":{"type":"Polygon","coordinates":[[[129.08585,35.181773],[129.085854,35.181727],[129.085949,35.181732],[129.085945,35.181779],[129.08585,35.181773]]]},"properties":{}},{"type":"Feature","geometry":{"type":"Polygon","coordinates":[[[129.08555,35.181947],[129.085549,35.181881],[129.085657,35.181879],[129.085658,35.181945],[129.08555,35.181947]]]},"properties":{}},{"type":"Feature","geometry":{"type":"Polygon","coordinates":[[[129.085688,35.181896],[129.085756,35.181893],[129.085759,35.181948],[129.085692,35.181951],[129.085688,35.181896]]]},"properties":{}},{"type":"Feature","geometry":{"type":"Polygon","coordinates":[[[129.085668,35.182068],[129.085668,35.181991],[129.085735,35.181991],[129.085735,35.182068],[129.085668,35.182068]]]},"properties":{}},{"type":"Feature","geometry":{"type":"Polygon","coordinates":[[[129.08553,35.182068],[129.085532,35.18199],[129.085627,35.181992],[129.085626,35.182069],[129.08553,35.182068]]]},"properties":{}},{"type":"Feature","geometry":{"type":"Polygon","coordinates":[[[129.085378,35.18212],[129.085454,35.182125],[129.085444,35.182226],[129.085368,35.182221],[129.085378,35.18212]]]},"properties":{}},{"type":"Feature","geometry":{"type":"Polygon","coordinates":[[[129.085545,35.182164],[129.085537,35.182109],[129.085604,35.182103],[129.085612,35.182157],[129.085545,35.182164]]]},"properties":{}},{"type":"Feature","geometry":{"type":"Polygon","coordinates":[[[129.08544,35.182356],[129.085429,35.182418],[129.085354,35.182409],[129.085364,35.182348],[129.08544,35.182356]]]},"properties":{}},{"type":"Feature","geometry":{"type":"Polygon","coordinates":[[[129.085358,35.182251],[129.085439,35.182247],[129.085444,35.182313],[129.085363,35.182317],[129.085358,35.182251]]]},"properties":{}},{"type":"Feature","geometry":{"type":"Polygon","coordinates":[[[129.085175,35.182372],[129.085081,35.182374],[129.085078,35.182297],[129.085172,35.182295],[129.085175,35.182372]]]},"properties":{}},{"type":"Feature","geometry":{"type":"Polygon","coordinates":[[[129.085214,35.182367],[129.085189,35.182082],[129.085297,35.182076],[129.085321,35.182361],[129.085214,35.182367]]]},"properties":{}},{"type":"Feature","geometry":{"type":"Polygon","coordinates":[[[129.085124,35.182266],[129.085029,35.182266],[129.08503,35.182188],[129.085125,35.182188],[129.085124,35.182266]]]},"properties":{}},{"type":"Feature","geometry":{"type":"Polygon","coordinates":[[[129.085051,35.182057],[129.085164,35.182075],[129.085146,35.182151],[129.085034,35.182134],[129.085051,35.182057]]]},"properties":{}},{"type":"Feature","geometry":{"type":"Polygon","coordinates":[[[129.084836,35.182253],[129.084841,35.182206],[129.084879,35.182209],[129.084874,35.182255],[129.084836,35.182253]]]},"properties":{}},{"type":"Feature","geometry":{"type":"Polygon","coordinates":[[[129.084935,35.182323],[129.084887,35.182323],[129.084887,35.182207],[129.084934,35.182206],[129.084935,35.182323]]]},"properties":{}},{"type":"Feature","geometry":{"type":"Polygon","coordinates":[[[129.084981,35.182039],[129.084867,35.182031],[129.084875,35.181953],[129.084989,35.181961],[129.084981,35.182039]]]},"properties":{}},{"type":"Feature","geometry":{"type":"Polygon","coordinates":[[[129.084588,35.18199],[129.084757,35.182013],[129.084742,35.182089],[129.084573,35.182067],[129.084588,35.18199]]]},"properties":{}},{"type":"Feature","geometry":{"type":"Polygon","coordinates":[[[129.084588,35.181935],[129.084601,35.181858],[129.084771,35.181876],[129.084758,35.181953],[129.084588,35.181935]]]},"properties":{}},{"type":"Feature","geometry":{"type":"Polygon","coordinates":[[[129.085128,35.181734],[129.085079,35.181852],[129.084935,35.181812],[129.084984,35.181694],[129.085128,35.181734]]]},"properties":{}},{"type":"Feature","geometry":{"type":"Polygon","coordinates":[[[129.085263,35.181989],[129.085241,35.182032],[129.085153,35.182003],[129.085175,35.181959],[129.085263,35.181989]]]},"properties":{}},{"type":"Feature","geometry":{"type":"Polygon","coordinates":[[[129.085262,35.181909],[129.085133,35.181881],[129.085167,35.181776],[129.085296,35.181803],[129.085262,35.181909]]]},"properties":{}},{"type":"Feature","geometry":{"type":"Polygon","coordinates":[[[129.084938,35.181622],[129.084865,35.181687],[129.084726,35.181582],[129.084799,35.181518],[129.084938,35.181622]]]},"properties":{}},{"type":"Feature","geometry":{"type":"Polygon","coordinates":[[[129.084721,35.181351],[129.084807,35.181386],[129.084781,35.181428],[129.084696,35.181393],[129.084721,35.181351]]]},"properties":{}},{"type":"Feature","geometry":{"type":"Polygon","coordinates":[[[129.084801,35.181224],[129.084927,35.181259],[129.084889,35.181348],[129.084763,35.181312],[129.084801,35.181224]]]},"properties":{}},{"type":"Feature","geometry":{"type":"Polygon","coordinates":[[[129.084707,35.181043],[129.084748,35.181062],[129.084729,35.181089],[129.084688,35.18107],[129.084707,35.181043]]]},"properties":{}},{"type":"Feature","geometry":{"type":"Polygon","coordinates":[[[129.084973,35.181119],[129.084949,35.181178],[129.084822,35.181144],[129.084846,35.181085],[129.084973,35.181119]]]},"properties":{}},{"type":"Feature","geometry":{"type":"Polygon","coordinates":[[[129.084984,35.181293],[129.085055,35.181317],[129.085011,35.181403],[129.08494,35.181379],[129.084984,35.181293]]]},"properties":{}},{"type":"Feature","geometry":{"type":"Polygon","coordinates":[[[129.085271,35.181141],[129.085288,35.181239],[129.085221,35.181247],[129.085204,35.181148],[129.085271,35.181141]]]},"properties":{}},{"type":"Feature","geometry":{"type":"Polygon","coordinates":[[[129.08542,35.181063],[129.085426,35.181129],[129.085345,35.181134],[129.085339,35.181068],[129.08542,35.181063]]]},"properties":{}},{"type":"Feature","geometry":{"type":"Polygon","coordinates":[[[129.085457,35.181116],[129.085458,35.181046],[129.085554,35.181047],[129.085552,35.181117],[129.085457,35.181116]]]},"properties":{}},{"type":"Feature","geometry":{"type":"Polygon","coordinates":[[[129.085487,35.18116],[129.085639,35.181164],[129.085637,35.181226],[129.085485,35.181222],[129.085487,35.18116]]]},"properties":{}},{"type":"Feature","geometry":{"type":"Polygon","coordinates":[[[129.085624,35.181258],[129.085615,35.181328],[129.085501,35.181318],[129.08551,35.181248],[129.085624,35.181258]]]},"properties":{}},{"type":"Feature","geometry":{"type":"Polygon","coordinates":[[[129.085358,35.181281],[129.085358,35.181173],[129.085453,35.181173],[129.085453,35.181281],[129.085358,35.181281]]]},"properties":{}},{"type":"Feature","geometry":{"type":"Polygon","coordinates":[[[129.085674,35.181421],[129.085748,35.18147],[129.0857,35.181518],[129.085626,35.181469],[129.085674,35.181421]]]},"properties":{}},{"type":"Feature","geometry":{"type":"Polygon","coordinates":[[[129.08552,35.181565],[129.085576,35.181502],[129.085676,35.181562],[129.08562,35.181625],[129.08552,35.181565]]]},"properties":{}},{"type":"Feature","geometry":{"type":"Polygon","coordinates":[[[129.085803,35.181539],[129.085887,35.181591],[129.085841,35.181641],[129.085757,35.181589],[129.085803,35.181539]]]},"properties":{}},{"type":"Feature","geometry":{"type":"Polygon","coordinates":[[[129.085742,35.181238],[129.085755,35.181176],[129.085896,35.181197],[129.085882,35.181258],[129.085742,35.181238]]]},"properties":{}},{"type":"Feature","geometry":{"type":"Polygon","coordinates":[[[129.085705,35.181087],[129.085781,35.181088],[129.085781,35.181135],[129.085704,35.181134],[129.085705,35.181087]]]},"properties":{}},{"type":"Feature","geometry":{"type":"Polygon","coordinates":[[[129.085835,35.18113],[129.085854,35.181086],[129.085908,35.181101],[129.085889,35.181145],[129.085835,35.18113]]]},"properties":{}},{"type":"Feature","geometry":{"type":"Polygon","coordinates":[[[129.085969,35.181127],[129.085973,35.181065],[129.086049,35.181068],[129.086045,35.18113],[129.085969,35.181127]]]},"properties":{}},{"type":"Feature","geometry":{"type":"Polygon","coordinates":[[[129.086052,35.18117],[129.086042,35.181232],[129.085947,35.181222],[129.085957,35.18116],[129.086052,35.18117]]]},"properties":{}},{"type":"Feature","geometry":{"type":"Polygon","coordinates":[[[129.085895,35.181386],[129.085904,35.181324],[129.085979,35.181332],[129.085971,35.181393],[129.085895,35.181386]]]},"properties":{}},{"type":"Feature","geometry":{"type":"Polygon","coordinates":[[[129.085944,35.181303],[129.085948,35.181256],[129.086024,35.181261],[129.08602,35.181307],[129.085944,35.181303]]]},"properties":{}},{"type":"Feature","geometry":{"type":"Polygon","coordinates":[[[129.086114,35.181065],[129.086209,35.181066],[129.086208,35.181112],[129.086113,35.181112],[129.086114,35.181065]]]},"properties":{}},{"type":"Feature","geometry":{"type":"Polygon","coordinates":[[[129.086384,35.181004],[129.086478,35.181004],[129.086479,35.181059],[129.086384,35.181059],[129.086384,35.181004]]]},"properties":{}},{"type":"Feature","geometry":{"type":"Polygon","coordinates":[[[129.086471,35.181117],[129.08647,35.181179],[129.086346,35.181178],[129.086347,35.181116],[129.086471,35.181117]]]},"properties":{}},{"type":"Feature","geometry":{"type":"Polygon","coordinates":[[[129.086507,35.18128],[129.086431,35.181279],[129.086433,35.181201],[129.086509,35.181202],[129.086507,35.18128]]]},"properties":{}},{"type":"Feature","geometry":{"type":"Polygon","coordinates":[[[129.086408,35.181395],[129.086351,35.181393],[129.086354,35.181339],[129.086411,35.181341],[129.086408,35.181395]]]},"properties":{}},{"type":"Feature","geometry":{"type":"Polygon","coordinates":[[[129.086332,35.181303],[129.086331,35.18121],[129.086408,35.18121],[129.086408,35.181303],[129.086332,35.181303]]]},"properties":{}},{"type":"Feature","geometry":{"type":"Polygon","coordinates":[[[129.086385,35.181556],[129.086271,35.181551],[129.086275,35.181489],[129.086389,35.181494],[129.086385,35.181556]]]},"properties":{}},{"type":"Feature","geometry":{"type":"Polygon","coordinates":[[[129.086452,35.181456],[129.086567,35.181455],[129.086568,35.181532],[129.086454,35.181534],[129.086452,35.181456]]]},"properties":{}},{"type":"Feature","geometry":{"type":"Polygon","coordinates":[[[129.086472,35.181637],[129.086468,35.181574],[129.086564,35.181571],[129.086567,35.181633],[129.086472,35.181637]]]},"properties":{}},{"type":"Feature","geometry":{"type":"Polygon","coordinates":[[[129.086486,35.181699],[129.086534,35.181698],[129.086535,35.181729],[129.086487,35.181731],[129.086486,35.181699]]]},"properties":{}},{"type":"Feature","geometry":{"type":"Polygon","coordinates":[[[129.086385,35.181759],[129.086368,35.181705],[129.086434,35.181692],[129.08645,35.181745],[129.086385,35.181759]]]},"properties":{}},{"type":"Feature","geometry":{"type":"Polygon","coordinates":[[[129.086446,35.181652],[129.086256,35.181651],[129.086256,35.181588],[129.086447,35.181589],[129.086446,35.181652]]]},"properties":{}},{"type":"Feature","geometry":{"type":"Polygon","coordinates":[[[129.086123,35.181579],[129.086108,35.181672],[129.086033,35.181664],[129.086047,35.181571],[129.086123,35.181579]]]},"properties":{}},{"type":"Feature","geometry":{"type":"Polygon","coordinates":[[[129.08616,35.181413],[129.086066,35.181413],[129.086066,35.181402],[129.08616,35.181402],[129.08616,35.181413]]]},"properties":{}},{"type":"Feature","geometry":{"type":"Polygon","coordinates":[[[129.086141,35.181534],[129.086065,35.18153],[129.086071,35.181467],[129.086147,35.181472],[129.086141,35.181534]]]},"properties":{}},{"type":"Feature","geometry":{"type":"Polygon","coordinates":[[[129.086016,35.181504],[129.086007,35.181582],[129.085912,35.181574],[129.085921,35.181497],[129.086016,35.181504]]]},"properties":{}},{"type":"Feature","geometry":{"type":"Polygon","coordinates":[[[129.08597,35.181675],[129.085894,35.181665],[129.085906,35.181604],[129.085981,35.181613],[129.08597,35.181675]]]},"properties":{}},{"type":"Feature","geometry":{"type":"Polygon","coordinates":[[[129.085966,35.181897],[129.085976,35.181819],[129.086052,35.181826],[129.086042,35.181903],[129.085966,35.181897]]]},"properties":{}},{"type":"Feature","geometry":{"type":"Polygon","coordinates":[[[129.085883,35.182149],[129.085893,35.182088],[129.086006,35.1821],[129.085996,35.182162],[129.085883,35.182149]]]},"properties":{}},{"type":"Feature","geometry":{"type":"Polygon","coordinates":[[[129.086235,35.182279],[129.086235,35.182357],[129.086102,35.182356],[129.086102,35.182278],[129.086235,35.182279]]]},"properties":{}},{"type":"Feature","geometry":{"type":"Polygon","coordinates":[[[129.086242,35.182242],[129.086127,35.182246],[129.086124,35.182183],[129.086239,35.18218],[129.086242,35.182242]]]},"properties":{}},{"type":"Feature","geometry":{"type":"Polygon","coordinates":[[[129.086341,35.182234],[129.086284,35.182234],[129.086283,35.182172],[129.08634,35.182171],[129.086341,35.182234]]]},"properties":{}},{"type":"Feature","geometry":{"type":"Polygon","coordinates":[[[129.086215,35.182475],[129.086215,35.182413],[129.086291,35.182413],[129.086291,35.182475],[129.086215,35.182475]]]},"properties":{}},{"type":"Feature","geometry":{"type":"Polygon","coordinates":[[[129.086479,35.182335],[129.086289,35.182336],[129.086288,35.182258],[129.086479,35.182257],[129.086479,35.182335]]]},"properties":{}},{"type":"Feature","geometry":{"type":"Polygon","coordinates":[[[129.086468,35.182226],[129.08636,35.182228],[129.086358,35.182162],[129.086466,35.18216],[129.086468,35.182226]]]},"properties":{}},{"type":"Feature","geometry":{"type":"Polygon","coordinates":[[[129.086425,35.182115],[129.086359,35.182124],[129.086348,35.182069],[129.086415,35.182061],[129.086425,35.182115]]]},"properties":{}},{"type":"Feature","geometry":{"type":"Polygon","coordinates":[[[129.086427,35.181947],[129.086433,35.182024],[129.086312,35.182031],[129.086306,35.181954],[129.086427,35.181947]]]},"properties":{}},{"type":"Feature","geometry":{"type":"Polygon","coordinates":[[[129.08622,35.182056],[129.086218,35.182045],[129.086165,35.18205],[129.086154,35.181973],[129.086261,35.181963],[129.086284,35.182127],[129.086164,35.182139],[129.086153,35.182062],[129.08622,35.182056]]]},"properties":{}},{"type":"Feature","geometry":{"type":"Polygon","coordinates":[[[129.086211,35.181864],[129.086208,35.181798],[129.086343,35.181794],[129.086345,35.18186],[129.086211,35.181864]]]},"properties":{}},{"type":"Feature","geometry":{"type":"Polygon","coordinates":[[[129.086322,35.181775],[129.086227,35.181773],[129.086229,35.181695],[129.086324,35.181697],[129.086322,35.181775]]]},"properties":{}},{"type":"Feature","geometry":{"type":"Polygon","coordinates":[[[129.086744,35.181697],[129.086809,35.181684],[129.086848,35.181813],[129.086861,35.18181],[129.086867,35.181831],[129.086789,35.181847],[129.086744,35.181697]]]},"properties":{}},{"type":"Feature","geometry":{"type":"Polygon","coordinates":[[[129.086643,35.181887],[129.086637,35.181793],[129.086733,35.18179],[129.086738,35.181883],[129.086643,35.181887]]]},"properties":{}},{"type":"Feature","geometry":{"type":"Polygon","coordinates":[[[129.08665,35.182018],[129.086651,35.181948],[129.086746,35.181949],[129.086745,35.182019],[129.08665,35.182018]]]},"properties":{}},{"type":"Feature","geometry":{"type":"Polygon","coordinates":[[[129.086785,35.181929],[129.08688,35.181932],[129.086877,35.182009],[129.086782,35.182007],[129.086785,35.181929]]]},"properties":{}},{"type":"Feature","geometry":{"type":"Polygon","coordinates":[[[129.08666,35.182111],[129.08666,35.182045],[129.086741,35.182045],[129.086741,35.182111],[129.08666,35.182111]]]},"properties":{}},{"type":"Feature","geometry":{"type":"Polygon","coordinates":[[[129.086509,35.181932],[129.086604,35.181928],[129.086614,35.182093],[129.086519,35.182097],[129.086509,35.181932]]]},"properties":{}},{"type":"Feature","geometry":{"type":"Polygon","coordinates":[[[129.08652,35.182153],[129.086628,35.182151],[129.086629,35.182217],[129.086522,35.182219],[129.08652,35.182153]]]},"properties":{}},{"type":"Feature","geometry":{"type":"Polygon","coordinates":[[[129.086529,35.182339],[129.086528,35.182261],[129.086624,35.18226],[129.086624,35.182338],[129.086529,35.182339]]]},"properties":{}},{"type":"Feature","geometry":{"type":"Polygon","coordinates":[[[129.086773,35.182249],[129.086768,35.182342],[129.086673,35.182339],[129.086678,35.182246],[129.086773,35.182249]]]},"properties":{}},{"type":"Feature","geometry":{"type":"Polygon","coordinates":[[[129.086876,35.182397],[129.086874,35.182475],[129.08676,35.182473],[129.086761,35.182395],[129.086876,35.182397]]]},"properties":{}},{"type":"Feature","geometry":{"type":"Polygon","coordinates":[[[129.086668,35.182211],[129.086665,35.182149],[129.08676,35.182145],[129.086763,35.182207],[129.086668,35.182211]]]},"properties":{}},{"type":"Feature","geometry":{"type":"Polygon","coordinates":[[[129.086806,35.182139],[129.086927,35.182137],[129.086929,35.182214],[129.086808,35.182216],[129.086806,35.182139]]]},"properties":{}},{"type":"Feature","geometry":{"type":"Polygon","coordinates":[[[129.086821,35.182246],[129.086928,35.182245],[129.086929,35.182333],[129.086821,35.182334],[129.086821,35.182246]]]},"properties":{}},{"type":"Feature","geometry":{"type":"Polygon","coordinates":[[[129.086928,35.182387],[129.087023,35.18239],[129.08702,35.182453],[129.086925,35.182449],[129.086928,35.182387]]]},"properties":{}},{"type":"Feature","geometry":{"type":"Polygon","coordinates":[[[129.087089,35.182245],[129.087094,35.182322],[129.087,35.182325],[129.086995,35.182249],[129.087089,35.182245]]]},"properties":{}},{"type":"Feature","geometry":{"type":"Polygon","coordinates":[[[129.08716,35.182448],[129.087065,35.18245],[129.087062,35.182372],[129.087158,35.182371],[129.08716,35.182448]]]},"properties":{}},{"type":"Feature","geometry":{"type":"Polygon","coordinates":[[[129.08699,35.182127],[129.087084,35.182125],[129.087087,35.182202],[129.086992,35.182204],[129.08699,35.182127]]]},"properties":{}},{"type":"Feature","geometry":{"type":"Polygon","coordinates":[[[129.087145,35.182083],[129.08705,35.182088],[129.087047,35.182033],[129.087141,35.182028],[129.087145,35.182083]]]},"properties":{}},{"type":"Feature","geometry":{"type":"Polygon","coordinates":[[[129.087081,35.181988],[129.087081,35.181894],[129.087176,35.181894],[129.087176,35.181988],[129.087081,35.181988]]]},"properties":{}},{"type":"Feature","geometry":{"type":"Polygon","coordinates":[[[129.086945,35.181983],[129.086947,35.181905],[129.087023,35.181907],[129.087021,35.181985],[129.086945,35.181983]]]},"properties":{}},{"type":"Feature","geometry":{"type":"Polygon","coordinates":[[[129.086796,35.182117],[129.086788,35.18204],[129.086882,35.182034],[129.08689,35.182111],[129.086796,35.182117]]]},"properties":{}},{"type":"Feature","geometry":{"type":"Polygon","coordinates":[[[129.086958,35.181841],[129.086951,35.181676],[129.087019,35.181674],[129.087026,35.18184],[129.086958,35.181841]]]},"properties":{}},{"type":"Feature","geometry":{"type":"Polygon","coordinates":[[[129.087084,35.181712],[129.087083,35.181665],[129.087159,35.181664],[129.08716,35.181711],[129.087084,35.181712]]]},"properties":{}},{"type":"Feature","geometry":{"type":"Polygon","coordinates":[[[129.087016,35.181563],[129.087205,35.181556],[129.087208,35.181622],[129.08702,35.181629],[129.087016,35.181563]]]},"properties":{}},{"type":"Feature","geometry":{"type":"Polygon","coordinates":[[[129.087033,35.181514],[129.087034,35.181436],[129.08713,35.181437],[129.087129,35.181515],[129.087033,35.181514]]]},"properties":{}},{"type":"Feature","geometry":{"type":"Polygon","coordinates":[[[129.08689,35.181446],[129.08697,35.181442],[129.086974,35.181508],[129.086893,35.181511],[129.08689,35.181446]]]},"properties":{}},{"type":"Feature","geometry":{"type":"Polygon","coordinates":[[[129.086877,35.181563],[129.086973,35.181562],[129.086973,35.181624],[129.086878,35.181625],[129.086877,35.181563]]]},"properties":{}},{"type":"Feature","geometry":{"type":"Polygon","coordinates":[[[129.086878,35.181758],[129.086863,35.181693],[129.08689,35.181689],[129.086904,35.181754],[129.086878,35.181758]]]},"properties":{}},{"type":"Feature","geometry":{"type":"Polygon","coordinates":[[[129.086743,35.181644],[129.086739,35.181582],[129.086835,35.181578],[129.086838,35.18164],[129.086743,35.181644]]]},"properties":{}},{"type":"Feature","geometry":{"type":"Polygon","coordinates":[[[129.086624,35.181671],[129.0867,35.18167],[129.086702,35.181732],[129.086626,35.181733],[129.086624,35.181671]]]},"properties":{}},{"type":"Feature","geometry":{"type":"Polygon","coordinates":[[[129.086685,35.181633],[129.086618,35.181634],[129.086616,35.181579],[129.086684,35.181578],[129.086685,35.181633]]]},"properties":{}},{"type":"Feature","geometry":{"type":"Polygon","coordinates":[[[129.086609,35.181545],[129.086607,35.181451],[129.086683,35.18145],[129.086686,35.181544],[129.086609,35.181545]]]},"properties":{}},{"type":"Feature","geometry":{"type":"Polygon","coordinates":[[[129.086729,35.181448],[129.086844,35.181449],[129.086842,35.181542],[129.086728,35.181541],[129.086729,35.181448]]]},"properties":{}},{"type":"Feature","geometry":{"type":"Polygon","coordinates":[[[129.086835,35.181359],[129.086782,35.181362],[129.086776,35.181296],[129.08683,35.181293],[129.086835,35.181359]]]},"properties":{}},{"type":"Feature","geometry":{"type":"Polygon","coordinates":[[[129.086632,35.181386],[129.086635,35.181277],[129.086711,35.181278],[129.086708,35.181387],[129.086632,35.181386]]]},"properties":{}},{"type":"Feature","geometry":{"type":"Polygon","coordinates":[[[129.086568,35.181371],[129.086559,35.181327],[129.086585,35.181323],[129.086595,35.181367],[129.086568,35.181371]]]},"properties":{}},{"type":"Feature","geometry":{"type":"Polygon","coordinates":[[[129.086608,35.18127],[129.086527,35.181275],[129.086522,35.181209],[129.086602,35.181204],[129.086608,35.18127]]]},"properties":{}},{"type":"Feature","geometry":{"type":"Polygon","coordinates":[[[129.086682,35.181107],[129.086685,35.181173],[129.086497,35.18118],[129.086493,35.181114],[129.086682,35.181107]]]},"properties":{}},{"type":"Feature","geometry":{"type":"Polygon","coordinates":[[[129.086601,35.180994],[129.086697,35.180994],[129.086696,35.181072],[129.086601,35.181072],[129.086601,35.180994]]]},"properties":{}},{"type":"Feature","geometry":{"type":"Polygon","coordinates":[[[129.086755,35.181143],[129.086754,35.180989],[129.086916,35.180988],[129.086917,35.181142],[129.086755,35.181143]]]},"properties":{}},{"type":"Feature","geometry":{"type":"Polygon","coordinates":[[[129.086891,35.181359],[129.086879,35.181216],[129.086973,35.181211],[129.086985,35.181354],[129.086891,35.181359]]]},"properties":{}},{"type":"Feature","geometry":{"type":"Polygon","coordinates":[[[129.087091,35.181193],[129.087123,35.181356],[129.087044,35.181367],[129.087012,35.181203],[129.087091,35.181193]]]},"properties":{}},{"type":"Feature","geometry":{"type":"Polygon","coordinates":[[[129.086966,35.180974],[129.087119,35.180968],[129.087128,35.181131],[129.086975,35.181137],[129.086966,35.180974]]]},"properties":{}},{"type":"Feature","geometry":{"type":"Polygon","coordinates":[[[129.087271,35.181241],[129.087211,35.181347],[129.087159,35.181328],[129.087219,35.181222],[129.087271,35.181241]]]},"properties":{}},{"type":"Feature","geometry":{"type":"Polygon","coordinates":[[[129.087325,35.181265],[129.08742,35.181268],[129.087416,35.181353],[129.087321,35.18135],[129.087325,35.181265]]]},"properties":{}},{"type":"Feature","geometry":{"type":"Polygon","coordinates":[[[129.087437,35.181237],[129.087322,35.181237],[129.087323,35.181174],[129.087437,35.181175],[129.087437,35.181237]]]},"properties":{}},{"type":"Feature","geometry":{"type":"Polygon","coordinates":[[[129.087318,35.181092],[129.08747,35.181092],[129.08747,35.181139],[129.087318,35.181139],[129.087318,35.181092]]]},"properties":{}},{"type":"Feature","geometry":{"type":"Polygon","coordinates":[[[129.08776,35.181224],[129.087711,35.181359],[129.087619,35.181336],[129.087669,35.181202],[129.08776,35.181224]]]},"properties":{}},{"type":"Feature","geometry":{"type":"Polygon","coordinates":[[[129.087272,35.181557],[129.087348,35.181558],[129.087348,35.181604],[129.087272,35.181604],[129.087272,35.181557]]]},"properties":{}},{"type":"Feature","geometry":{"type":"Polygon","coordinates":[[[129.087219,35.181811],[129.087098,35.181824],[129.087086,35.181748],[129.087207,35.181735],[129.087219,35.181811]]]},"properties":{}},{"type":"Feature","geometry":{"type":"Polygon","coordinates":[[[129.08712,35.182196],[129.087119,35.182119],[129.087213,35.182117],[129.087215,35.182194],[129.08712,35.182196]]]},"properties":{}},{"type":"Feature","geometry":{"type":"Polygon","coordinates":[[[129.087457,35.18216],[129.08747,35.182067],[129.087546,35.182074],[129.087533,35.182167],[129.087457,35.18216]]]},"properties":{}},{"type":"Feature","geometry":{"type":"Polygon","coordinates":[[[129.087496,35.182236],[129.087441,35.182224],[129.087455,35.182179],[129.087511,35.18219],[129.087496,35.182236]]]},"properties":{}},{"type":"Feature","geometry":{"type":"Polygon","coordinates":[[[129.087707,35.181985],[129.087782,35.181994],[129.087768,35.182071],[129.087692,35.182062],[129.087707,35.181985]]]},"properties":{}},{"type":"Feature","geometry":{"type":"Polygon","coordinates":[[[129.087708,35.181949],[129.087713,35.181887],[129.087798,35.181891],[129.087794,35.181953],[129.087708,35.181949]]]},"properties":{}},{"type":"Feature","geometry":{"type":"Polygon","coordinates":[[[129.08761,35.18192],[129.087584,35.182011],[129.08751,35.181997],[129.087535,35.181906],[129.08761,35.18192]]]},"properties":{}},{"type":"Feature","geometry":{"type":"Polygon","coordinates":[[[129.087575,35.181742],[129.08767,35.181743],[129.087668,35.181821],[129.087573,35.18182],[129.087575,35.181742]]]},"properties":{}},{"type":"Feature","geometry":{"type":"Polygon","coordinates":[[[129.087777,35.181736],[129.087788,35.181767],[129.087866,35.18175],[129.08788,35.181793],[129.087723,35.181827],[129.087699,35.181753],[129.087777,35.181736]]]},"properties":{}},{"type":"Feature","geometry":{"type":"Polygon","coordinates":[[[129.087921,35.182397],[129.08794,35.182294],[129.088356,35.182346],[129.08835,35.182378],[129.088554,35.182404],[129.088543,35.182466],[129.088751,35.182492],[129.08873,35.1826],[129.088503,35.182572],[129.088515,35.182507],[129.088328,35.182484],[129.088335,35.182449],[129.087921,35.182397]]]},"properties":{"class":"apartments","subtype":"residential","num_floors":21}},{"type":"Feature","geometry":{"type":"Polygon","coordinates":[[[129.088219,35.181831],[129.088193,35.18197],[129.08808,35.181956],[129.088106,35.181817],[129.088219,35.181831]]]},"properties":{}},{"type":"Feature","geometry":{"type":"Polygon","coordinates":[[[129.088133,35.18161],[129.088039,35.181602],[129.088049,35.181525],[129.088143,35.181533],[129.088133,35.18161]]]},"properties":{}},{"type":"Feature","geometry":{"type":"Polygon","coordinates":[[[129.08797,35.181394],[129.087827,35.181389],[129.087835,35.181249],[129.087978,35.181254],[129.08797,35.181394]]]},"properties":{}},{"type":"Feature","geometry":{"type":"Polygon","coordinates":[[[129.087818,35.181123],[129.087831,35.181077],[129.087971,35.181104],[129.087958,35.181149],[129.087818,35.181123]]]},"properties":{}},{"type":"Feature","geometry":{"type":"Polygon","coordinates":[[[129.088193,35.181097],[129.088098,35.181093],[129.088101,35.181046],[129.088196,35.181051],[129.088193,35.181097]]]},"properties":{}},{"type":"Feature","geometry":{"type":"Polygon","coordinates":[[[129.08816,35.181159],[129.088154,35.181221],[129.088059,35.181215],[129.088065,35.181153],[129.08816,35.181159]]]},"properties":{}},{"type":"Feature","geometry":{"type":"Polygon","coordinates":[[[129.088155,35.181302],[129.088069,35.1813],[129.08807,35.181254],[129.088156,35.181255],[129.088155,35.181302]]]},"properties":{}},{"type":"Feature","geometry":{"type":"Polygon","coordinates":[[[129.088103,35.183724],[129.088103,35.183802],[129.088027,35.183802],[129.088027,35.183724],[129.088103,35.183724]]]},"properties":{}},{"type":"Feature","geometry":{"type":"Polygon","coordinates":[[[129.087924,35.183803],[129.087925,35.183725],[129.088001,35.183725],[129.088,35.183803],[129.087924,35.183803]]]},"properties":{}},{"type":"Feature","geometry":{"type":"Polygon","coordinates":[[[129.087906,35.183807],[129.08781,35.18381],[129.087807,35.183732],[129.087903,35.183729],[129.087906,35.183807]]]},"properties":{}},{"type":"Feature","geometry":{"type":"Polygon","coordinates":[[[129.087828,35.183597],[129.087824,35.183553],[129.087905,35.183548],[129.087909,35.183592],[129.087828,35.183597]]]},"properties":{}},{"type":"Feature","geometry":{"type":"Polygon","coordinates":[[[129.088029,35.18354],[129.088032,35.183595],[129.087938,35.183599],[129.087935,35.183544],[129.088029,35.18354]]]},"properties":{}},{"type":"Feature","geometry":{"type":"Polygon","coordinates":[[[129.088042,35.183636],[129.088044,35.183669],[129.087829,35.18368],[129.087826,35.183647],[129.088042,35.183636]]]},"properties":{}},{"type":"Feature","geometry":{"type":"Polygon","coordinates":[[[129.088006,35.183284],[129.088029,35.183297],[129.087985,35.183348],[129.087961,35.183334],[129.088006,35.183284]]]},"properties":{}},{"type":"Feature","geometry":{"type":"Polygon","coordinates":[[[129.088294,35.183084],[129.087916,35.183045],[129.087932,35.182944],[129.08831,35.182983],[129.088294,35.183084]]]},"properties":{}},{"type":"Feature","geometry":{"type":"Polygon","coordinates":[[[129.088275,35.182814],[129.088327,35.182593],[129.088454,35.182612],[129.088365,35.18299],[129.088223,35.182968],[129.088237,35.182911],[129.087762,35.182837],[129.087786,35.182737],[129.088275,35.182814]]]},"properties":{"class":"apartments","subtype":"residential","num_floors":23}},{"type":"Feature","geometry":{"type":"Polygon","coordinates":[[[129.088034,35.182446],[129.088088,35.182462],[129.088061,35.182521],[129.088007,35.182504],[129.088034,35.182446]]]},"properties":{}},{"type":"Feature","geometry":{"type":"Polygon","coordinates":[[[129.08786,35.182582],[129.087914,35.182577],[129.087923,35.182642],[129.087869,35.182647],[129.08786,35.182582]]]},"properties":{}},{"type":"Feature","geometry":{"type":"Polygon","coordinates":[[[129.087575,35.182347],[129.087602,35.182234],[129.087855,35.182274],[129.087829,35.182381],[129.087766,35.182371],[129.087667,35.182786],[129.087541,35.182766],[129.087639,35.182358],[129.087575,35.182347]]]},"properties":{"class":"apartments","subtype":"residential","num_floors":22}},{"type":"Feature","geometry":{"type":"Polygon","coordinates":[[[129.087322,35.183412],[129.087283,35.183391],[129.087303,35.183365],[129.087343,35.183386],[129.087322,35.183412]]]},"properties":{}},{"type":"Feature","geometry":{"type":"Polygon","coordinates":[[[129.087605,35.183492],[129.08766,35.18346],[129.087683,35.183487],[129.087629,35.183519],[129.087605,35.183492]]]},"properties":{}},{"type":"Feature","geometry":{"type":"Polygon","coordinates":[[[129.087526,35.183649],[129.087525,35.183727],[129.08743,35.183726],[129.087431,35.183648],[129.087526,35.183649]]]},"properties":{}},{"type":"Feature","geometry":{"type":"Polygon","coordinates":[[[129.087709,35.183553],[129.087721,35.183607],[129.087655,35.183617],[129.087643,35.183562],[129.087709,35.183553]]]},"properties":{}},{"type":"Feature","geometry":{"type":"Polygon","coordinates":[[[129.087573,35.183686],[129.087595,35.183643],[129.087639,35.183658],[129.087617,35.183701],[129.087573,35.183686]]]},"properties":{}},{"type":"Feature","geometry":{"type":"Polygon","coordinates":[[[129.087694,35.183726],[129.087775,35.183726],[129.087776,35.183814],[129.087695,35.183814],[129.087694,35.183726]]]},"properties":{}},{"type":"Feature","geometry":{"type":"Polygon","coordinates":[[[129.087432,35.183782],[129.087502,35.183749],[129.087522,35.183777],[129.087452,35.18381],[129.087432,35.183782]]]},"properties":{}},{"type":"Feature","geometry":{"type":"Polygon","coordinates":[[[129.08737,35.18374],[129.087369,35.183818],[129.087255,35.183817],[129.087255,35.18374],[129.08737,35.18374]]]},"properties":{}},{"type":"Feature","geometry":{"type":"Polygon","coordinates":[[[129.087351,35.183577],[129.087257,35.183584],[129.087251,35.183529],[129.087345,35.183522],[129.087351,35.183577]]]},"properties":{}},{"type":"Feature","geometry":{"type":"Polygon","coordinates":[[[129.08737,35.183636],[129.087368,35.183699],[129.087253,35.183696],[129.087256,35.183634],[129.08737,35.183636]]]},"properties":{}},{"type":"Feature","geometry":{"type":"Polygon","coordinates":[[[129.087626,35.184484],[129.087324,35.184491],[129.087311,35.184157],[129.087614,35.18415],[129.087626,35.184484]]]},"properties":{}},{"type":"Feature","geometry":{"type":"Polygon","coordinates":[[[129.087449,35.183978],[129.087456,35.18394],[129.087616,35.18396],[129.087591,35.184098],[129.087327,35.184066],[129.087345,35.183965],[129.087449,35.183978]]]},"properties":{}},{"type":"Feature","geometry":{"type":"Polygon","coordinates":[[[129.087671,35.184816],[129.087539,35.184817],[129.087538,35.184746],[129.087508,35.184746],[129.087507,35.184643],[129.088033,35.18464],[129.088033,35.184603],[129.088147,35.184602],[129.088147,35.184643],[129.088652,35.18464],[129.088646,35.184036],[129.088772,35.184035],[129.088779,35.184795],[129.088654,35.184796],[129.088653,35.184732],[129.088634,35.184732],[129.088635,35.184787],[129.088503,35.184788],[129.088502,35.184734],[129.088365,35.184735],[129.088365,35.184762],[129.088324,35.184762],[129.088323,35.184732],[129.088125,35.184733],[129.088126,35.184799],[129.088038,35.184799],[129.088038,35.18475],[129.087671,35.184752],[129.087671,35.184816]]]},"properties":{"class":"school","subtype":"education"}},{"type":"Feature","geometry":{"type":"Polygon","coordinates":[[[129.088158,35.185278],[129.088064,35.185278],[129.088063,35.185223],[129.088158,35.185223],[129.088158,35.185278]]]},"properties":{}},{"type":"Feature","geometry":{"type":"Polygon","coordinates":[[[129.087937,35.185276],[129.087936,35.18521],[129.088017,35.185209],[129.088018,35.185275],[129.087937,35.185276]]]},"properties":{}},{"type":"Feature","geometry":{"type":"Polygon","coordinates":[[[129.088089,35.185072],[129.088091,35.18515],[129.087997,35.185151],[129.087995,35.185074],[129.088089,35.185072]]]},"properties":{}},{"type":"Feature","geometry":{"type":"Polygon","coordinates":[[[129.088076,35.185031],[129.087982,35.185033],[129.08798,35.184956],[129.088075,35.184954],[129.088076,35.185031]]]},"properties":{}},{"type":"Feature","geometry":{"type":"Polygon","coordinates":[[[129.087966,35.185155],[129.087833,35.185156],[129.087832,35.185078],[129.087965,35.185077],[129.087966,35.185155]]]},"properties":{}},{"type":"Feature","geometry":{"type":"Polygon","coordinates":[[[129.087838,35.184937],[129.087959,35.184936],[129.087959,35.185035],[129.087838,35.185036],[129.087838,35.184937]]]},"properties":{}},{"type":"Feature","geometry":{"type":"Polygon","coordinates":[[[129.087834,35.185221],[129.087873,35.185215],[129.087888,35.185268],[129.087848,35.185275],[129.087834,35.185221]]]},"properties":{}},{"type":"Feature","geometry":{"type":"Polygon","coordinates":[[[129.087692,35.1853],[129.087689,35.185212],[129.08777,35.18521],[129.087773,35.185298],[129.087692,35.1853]]]},"properties":{}},{"type":"Feature","geometry":{"type":"Polygon","coordinates":[[[129.087625,35.185308],[129.087531,35.185315],[129.087525,35.18526],[129.087619,35.185254],[129.087625,35.185308]]]},"properties":{}},{"type":"Feature","geometry":{"type":"Polygon","coordinates":[[[129.087639,35.185135],[129.087544,35.185138],[129.087539,35.185045],[129.087635,35.185041],[129.087639,35.185135]]]},"properties":{}},{"type":"Feature","geometry":{"type":"Polygon","coordinates":[[[129.087773,35.185132],[129.087706,35.185137],[129.08769,35.184983],[129.087757,35.184978],[129.087773,35.185132]]]},"properties":{}},{"type":"Feature","geometry":{"type":"Polygon","coordinates":[[[129.087332,35.184947],[129.087453,35.184945],[129.087455,35.185022],[129.087333,35.185024],[129.087332,35.184947]]]},"properties":{}},{"type":"Feature","geometry":{"type":"Polygon","coordinates":[[[129.087344,35.185291],[129.087342,35.185229],[129.087475,35.185226],[129.087477,35.185288],[129.087344,35.185291]]]},"properties":{}},{"type":"Feature","geometry":{"type":"Polygon","coordinates":[[[129.087528,35.185405],[129.087596,35.185405],[129.087596,35.185526],[129.087529,35.185527],[129.087528,35.185405]]]},"properties":{}},{"type":"Feature","geometry":{"type":"Polygon","coordinates":[[[129.08763,35.185415],[129.087763,35.185418],[129.087759,35.185558],[129.087626,35.185555],[129.08763,35.185415]]]},"properties":{}},{"type":"Feature","geometry":{"type":"Polygon","coordinates":[[[129.087617,35.185746],[129.087557,35.185772],[129.087532,35.185732],[129.087592,35.185707],[129.087617,35.185746]]]},"properties":{}},{"type":"Feature","geometry":{"type":"Polygon","coordinates":[[[129.087724,35.185891],[129.087738,35.185901],[129.087719,35.185919],[129.087641,35.185861],[129.087718,35.185792],[129.087781,35.185839],[129.087724,35.185891]]]},"properties":{}},{"type":"Feature","geometry":{"type":"Polygon","coordinates":[[[129.087534,35.18594],[129.087628,35.185937],[129.087636,35.18608],[129.087542,35.186083],[129.087534,35.18594]]]},"properties":{}},{"type":"Feature","geometry":{"type":"Polygon","coordinates":[[[129.087452,35.185743],[129.087455,35.185909],[129.087347,35.18591],[129.087344,35.185744],[129.087452,35.185743]]]},"properties":{}},{"type":"Feature","geometry":{"type":"Polygon","coordinates":[[[129.087125,35.185813],[129.087151,35.18579],[129.087192,35.185822],[129.087166,35.185845],[129.087125,35.185813]]]},"properties":{}},{"type":"Feature","geometry":{"type":"Polygon","coordinates":[[[129.087373,35.186078],[129.087372,35.185984],[129.087486,35.185984],[129.087487,35.186077],[129.087373,35.186078]]]},"properties":{}},{"type":"Feature","geometry":{"type":"Polygon","coordinates":[[[129.087449,35.186151],[129.08745,35.186217],[129.087369,35.186218],[129.087368,35.186152],[129.087449,35.186151]]]},"properties":{}},{"type":"Feature","geometry":{"type":"Polygon","coordinates":[[[129.087411,35.186265],[129.087478,35.186263],[129.087483,35.186362],[129.087416,35.186364],[129.087411,35.186265]]]},"properties":{}},{"type":"Feature","geometry":{"type":"Polygon","coordinates":[[[129.087394,35.186661],[129.087501,35.186656],[129.087507,35.186744],[129.087399,35.186749],[129.087394,35.186661]]]},"properties":{}},{"type":"Feature","geometry":{"type":"Polygon","coordinates":[[[129.087512,35.186434],[129.087416,35.186433],[129.087417,35.186386],[129.087513,35.186387],[129.087512,35.186434]]]},"properties":{}},{"type":"Feature","geometry":{"type":"Polygon","coordinates":[[[129.087392,35.18647],[129.087526,35.186467],[129.087529,35.186544],[129.087396,35.186548],[129.087392,35.18647]]]},"properties":{}},{"type":"Feature","geometry":{"type":"Polygon","coordinates":[[[129.087535,35.186655],[129.087611,35.186654],[129.087611,35.186717],[129.087535,35.186717],[129.087535,35.186655]]]},"properties":{}},{"type":"Feature","geometry":{"type":"Polygon","coordinates":[[[129.08765,35.186633],[129.087744,35.186632],[129.087745,35.186709],[129.08765,35.18671],[129.08765,35.186633]]]},"properties":{}},{"type":"Feature","geometry":{"type":"Polygon","coordinates":[[[129.087726,35.186392],[129.087727,35.186459],[129.087646,35.186459],[129.087646,35.186481],[129.087727,35.186481],[129.087728,35.186535],[129.087634,35.186537],[129.087631,35.186393],[129.087726,35.186392]]]},"properties":{}},{"type":"Feature","geometry":{"type":"Polygon","coordinates":[[[129.087535,35.186355],[129.087519,35.186268],[129.087625,35.186254],[129.087632,35.186287],[129.087725,35.186275],[129.087735,35.186329],[129.087535,35.186355]]]},"properties":{}},{"type":"Feature","geometry":{"type":"Polygon","coordinates":[[[129.087503,35.186142],[129.087597,35.18614],[129.087601,35.186217],[129.087506,35.186219],[129.087503,35.186142]]]},"properties":{}},{"type":"Feature","geometry":{"type":"Polygon","coordinates":[[[129.08768,35.18615],[129.087736,35.18616],[129.087723,35.186205],[129.087668,35.186195],[129.08768,35.18615]]]},"properties":{}},{"type":"Feature","geometry":{"type":"Polygon","coordinates":[[[129.088107,35.185991],[129.08811,35.186069],[129.087919,35.186073],[129.087917,35.185995],[129.088107,35.185991]]]},"properties":{}},{"type":"Feature","geometry":{"type":"Polygon","coordinates":[[[129.087979,35.186135],[129.087989,35.1863],[129.087814,35.186308],[129.087804,35.186143],[129.087979,35.186135]]]},"properties":{}},{"type":"Feature","geometry":{"type":"Polygon","coordinates":[[[129.087903,35.186538],[129.087789,35.186541],[129.087782,35.186369],[129.087896,35.186366],[129.087903,35.186538]]]},"properties":{}},{"type":"Feature","geometry":{"type":"Polygon","coordinates":[[[129.087793,35.18664],[129.087888,35.186637],[129.087891,35.186699],[129.087796,35.186703],[129.087793,35.18664]]]},"properties":{}},{"type":"Feature","geometry":{"type":"Polygon","coordinates":[[[129.088022,35.186361],[129.088028,35.186532],[129.087952,35.186534],[129.087946,35.186363],[129.088022,35.186361]]]},"properties":{}},{"type":"Feature","geometry":{"type":"Polygon","coordinates":[[[129.088159,35.186371],[129.088161,35.186433],[129.088065,35.186435],[129.088064,35.186373],[129.088159,35.186371]]]},"properties":{}},{"type":"Feature","geometry":{"type":"Polygon","coordinates":[[[129.088162,35.186534],[129.088066,35.186534],[129.088066,35.186456],[129.088162,35.186456],[129.088162,35.186534]]]},"properties":{}},{"type":"Feature","geometry":{"type":"Polygon","coordinates":[[[129.088128,35.186618],[129.088128,35.186696],[129.088052,35.186696],[129.088052,35.186618],[129.088128,35.186618]]]},"properties":{}},{"type":"Feature","geometry":{"type":"Polygon","coordinates":[[[129.088031,35.186144],[129.088139,35.186137],[129.088154,35.186291],[129.088046,35.186298],[129.088031,35.186144]]]},"properties":{}},{"type":"Feature","geometry":{"type":"Polygon","coordinates":[[[129.088093,35.185779],[129.088093,35.185716],[129.088188,35.185716],[129.088188,35.185779],[129.088093,35.185779]]]},"properties":{}},{"type":"Feature","geometry":{"type":"Polygon","coordinates":[[[129.088193,35.185891],[129.088194,35.185946],[129.088099,35.185946],[129.088099,35.185891],[129.088193,35.185891]]]},"properties":{}},{"type":"Feature","geometry":{"type":"Polygon","coordinates":[[[129.088198,35.185808],[129.088198,35.185874],[129.08809,35.185875],[129.08809,35.185809],[129.088198,35.185808]]]},"properties":{}},{"type":"Feature","geometry":{"type":"Polygon","coordinates":[[[129.08804,35.185876],[129.088049,35.185919],[129.087969,35.18593],[129.08796,35.185886],[129.08804,35.185876]]]},"properties":{}},{"type":"Feature","geometry":{"type":"Polygon","coordinates":[[[129.087826,35.185948],[129.087826,35.186057],[129.087692,35.186057],[129.087692,35.185948],[129.087826,35.185948]]]},"properties":{}},{"type":"Feature","geometry":{"type":"Polygon","coordinates":[[[129.087911,35.185764],[129.087921,35.185851],[129.087841,35.185858],[129.08783,35.18577],[129.087911,35.185764]]]},"properties":{}},{"type":"Feature","geometry":{"type":"Polygon","coordinates":[[[129.087991,35.185816],[129.087988,35.185772],[129.088015,35.18577],[129.088018,35.185814],[129.087991,35.185816]]]},"properties":{}},{"type":"Feature","geometry":{"type":"Polygon","coordinates":[[[129.087872,35.185472],[129.087863,35.185406],[129.087917,35.185401],[129.087926,35.185467],[129.087872,35.185472]]]},"properties":{}},{"type":"Feature","geometry":{"type":"Polygon","coordinates":[[[129.087831,35.185318],[129.087907,35.185323],[129.087903,35.185354],[129.087827,35.185349],[129.087831,35.185318]]]},"properties":{}},{"type":"Feature","geometry":{"type":"Polygon","coordinates":[[[129.088061,35.185419],[129.088062,35.185357],[129.088157,35.185358],[129.088156,35.18542],[129.088061,35.185419]]]},"properties":{}},{"type":"Feature","geometry":{"type":"Polygon","coordinates":[[[129.088051,35.185469],[129.088165,35.185468],[129.088167,35.185546],[129.088052,35.185547],[129.088051,35.185469]]]},"properties":{}},{"type":"Feature","geometry":{"type":"Polygon","coordinates":[[[129.0878,35.180421],[129.087733,35.180425],[129.087721,35.180271],[129.087788,35.180268],[129.0878,35.180421]]]},"properties":{}},{"type":"Feature","geometry":{"type":"Polygon","coordinates":[[[129.08796,35.180706],[129.088069,35.180733],[129.088002,35.180912],[129.087893,35.180884],[129.08796,35.180706]]]},"properties":{}},{"type":"Feature","geometry":{"type":"Polygon","coordinates":[[[129.087347,35.181053],[129.087343,35.180965],[129.087477,35.18096],[129.087481,35.181048],[129.087347,35.181053]]]},"properties":{}},{"type":"Feature","geometry":{"type":"Polygon","coordinates":[[[129.087298,35.180898],[129.087297,35.18081],[129.087459,35.180809],[129.087459,35.180897],[129.087298,35.180898]]]},"properties":{}},{"type":"Feature","geometry":{"type":"Polygon","coordinates":[[[129.087259,35.180971],[129.087247,35.181016],[129.087164,35.181002],[129.087176,35.180956],[129.087259,35.180971]]]},"properties":{}},{"type":"Feature","geometry":{"type":"Polygon","coordinates":[[[129.087158,35.180905],[129.087156,35.180817],[129.087237,35.180815],[129.087239,35.180903],[129.087158,35.180905]]]},"properties":{}},{"type":"Feature","geometry":{"type":"Polygon","coordinates":[[[129.087181,35.180759],[129.087234,35.180752],[129.087239,35.180773],[129.087186,35.180781],[129.087181,35.180759]]]},"properties":{}},{"type":"Feature","geometry":{"type":"Polygon","coordinates":[[[129.087331,35.180612],[129.087412,35.180612],[129.087412,35.180678],[129.087331,35.180678],[129.087331,35.180612]]]},"properties":{}},{"type":"Feature","geometry":{"type":"Polygon","coordinates":[[[129.087282,35.180658],[129.087206,35.18066],[129.087201,35.18052],[129.087277,35.180518],[129.087282,35.180658]]]},"properties":{}},{"type":"Feature","geometry":{"type":"Polygon","coordinates":[[[129.087239,35.180368],[129.087242,35.180422],[129.087223,35.180423],[129.08722,35.180369],[129.087239,35.180368]]]},"properties":{}},{"type":"Feature","geometry":{"type":"Polygon","coordinates":[[[129.087347,35.180409],[129.08728,35.180409],[129.08728,35.180288],[129.087347,35.180288],[129.087347,35.180409]]]},"properties":{}},{"type":"Feature","geometry":{"type":"Polygon","coordinates":[[[129.087432,35.180454],[129.087423,35.180283],[129.087499,35.18028],[129.087508,35.180451],[129.087432,35.180454]]]},"properties":{}},{"type":"Feature","geometry":{"type":"Polygon","coordinates":[[[129.087658,35.180426],[129.087551,35.180427],[129.087549,35.180361],[129.087657,35.18036],[129.087658,35.180426]]]},"properties":{}},{"type":"Feature","geometry":{"type":"Polygon","coordinates":[[[129.08747,35.180557],[129.087469,35.180491],[129.08755,35.18049],[129.087551,35.180556],[129.08747,35.180557]]]},"properties":{}},{"type":"Feature","geometry":{"type":"Polygon","coordinates":[[[129.087459,35.180603],[129.087567,35.180602],[129.087567,35.180668],[129.08746,35.180669],[129.087459,35.180603]]]},"properties":{}},{"type":"Feature","geometry":{"type":"Polygon","coordinates":[[[129.087591,35.180558],[129.087591,35.180496],[129.087687,35.180496],[129.087686,35.180558],[129.087591,35.180558]]]},"properties":{}},{"type":"Feature","geometry":{"type":"Polygon","coordinates":[[[129.087749,35.180596],[129.087751,35.180642],[129.087617,35.180646],[129.087616,35.180599],[129.087749,35.180596]]]},"properties":{}},{"type":"Feature","geometry":{"type":"Polygon","coordinates":[[[129.087715,35.18048],[129.087783,35.180478],[129.087786,35.180555],[129.087719,35.180557],[129.087715,35.18048]]]},"properties":{}},{"type":"Feature","geometry":{"type":"Polygon","coordinates":[[[129.087577,35.180133],[129.087483,35.180134],[129.087482,35.180056],[129.087577,35.180056],[129.087577,35.180133]]]},"properties":{}},{"type":"Feature","geometry":{"type":"Polygon","coordinates":[[[129.087594,35.179992],[129.087499,35.179992],[129.087498,35.179915],[129.087594,35.179914],[129.087594,35.179992]]]},"properties":{}},{"type":"Feature","geometry":{"type":"Polygon","coordinates":[[[129.087645,35.180276],[129.087648,35.180323],[129.087552,35.180327],[129.08755,35.18028],[129.087645,35.180276]]]},"properties":{}},{"type":"Feature","geometry":{"type":"Polygon","coordinates":[[[129.087392,35.180246],[129.087382,35.180192],[129.087448,35.180183],[129.087459,35.180237],[129.087392,35.180246]]]},"properties":{}},{"type":"Feature","geometry":{"type":"Polygon","coordinates":[[[129.087303,35.180193],[129.087319,35.180246],[129.087293,35.180252],[129.087277,35.180198],[129.087303,35.180193]]]},"properties":{}},{"type":"Feature","geometry":{"type":"Polygon","coordinates":[[[129.08716,35.180336],[129.087161,35.180258],[129.087218,35.180259],[129.087217,35.180337],[129.08716,35.180336]]]},"properties":{}},{"type":"Feature","geometry":{"type":"Polygon","coordinates":[[[129.087341,35.180136],[129.087339,35.180059],[129.087434,35.180058],[129.087435,35.180135],[129.087341,35.180136]]]},"properties":{}},{"type":"Feature","geometry":{"type":"Polygon","coordinates":[[[129.087326,35.179989],[129.087324,35.179911],[129.087438,35.17991],[129.08744,35.179988],[129.087326,35.179989]]]},"properties":{}},{"type":"Feature","geometry":{"type":"Polygon","coordinates":[[[129.08715,35.179888],[129.087284,35.179876],[129.087297,35.179975],[129.087163,35.179986],[129.08715,35.179888]]]},"properties":{}},{"type":"Feature","geometry":{"type":"Polygon","coordinates":[[[129.087244,35.179673],[129.087339,35.179672],[129.087341,35.179734],[129.087245,35.179736],[129.087244,35.179673]]]},"properties":{}},{"type":"Feature","geometry":{"type":"Polygon","coordinates":[[[129.08738,35.179786],[129.08738,35.179723],[129.087418,35.179723],[129.087418,35.179786],[129.08738,35.179786]]]},"properties":{}},{"type":"Feature","geometry":{"type":"Polygon","coordinates":[[[129.087647,35.179583],[129.087655,35.17966],[129.08756,35.179666],[129.087553,35.179589],[129.087647,35.179583]]]},"properties":{}},{"type":"Feature","geometry":{"type":"Polygon","coordinates":[[[129.087466,35.179799],[129.087465,35.1797],[129.087532,35.179699],[129.087533,35.179798],[129.087466,35.179799]]]},"properties":{}},{"type":"Feature","geometry":{"type":"Polygon","coordinates":[[[129.087656,35.179707],[129.087655,35.179809],[129.087579,35.179808],[129.08758,35.179707],[129.087656,35.179707]]]},"properties":{}},{"type":"Feature","geometry":{"type":"Polygon","coordinates":[[[129.0877,35.179656],[129.0877,35.17959],[129.087781,35.17959],[129.087781,35.179656],[129.0877,35.179656]]]},"properties":{}},{"type":"Feature","geometry":{"type":"Polygon","coordinates":[[[129.08794,35.179753],[129.087884,35.1798],[129.087826,35.179754],[129.087882,35.179706],[129.08794,35.179753]]]},"properties":{}},{"type":"Feature","geometry":{"type":"Polygon","coordinates":[[[129.087905,35.179674],[129.087824,35.179674],[129.087824,35.179608],[129.087905,35.179608],[129.087905,35.179674]]]},"properties":{}},{"type":"Feature","geometry":{"type":"Polygon","coordinates":[[[129.088065,35.179733],[129.088065,35.179795],[129.087989,35.179795],[129.087989,35.179733],[129.088065,35.179733]]]},"properties":{}},{"type":"Feature","geometry":{"type":"Polygon","coordinates":[[[129.087743,35.180113],[129.087749,35.180051],[129.087882,35.18006],[129.087876,35.180122],[129.087743,35.180113]]]},"properties":{}},{"type":"Feature","geometry":{"type":"Polygon","coordinates":[[[129.087829,35.180251],[129.08791,35.180246],[129.087917,35.180312],[129.087836,35.180317],[129.087829,35.180251]]]},"properties":{}},{"type":"Feature","geometry":{"type":"Polygon","coordinates":[[[129.088087,35.179908],[129.08811,35.180028],[129.08803,35.180038],[129.088007,35.179919],[129.088087,35.179908]]]},"properties":{}},{"type":"Feature","geometry":{"type":"Polygon","coordinates":[[[129.088093,35.179677],[129.088088,35.179592],[129.088165,35.179589],[129.088169,35.179675],[129.088093,35.179677]]]},"properties":{}},{"type":"Feature","geometry":{"type":"Polygon","coordinates":[[[129.088116,35.17913],[129.088059,35.179128],[129.088062,35.179066],[129.088119,35.179068],[129.088116,35.17913]]]},"properties":{}},{"type":"Feature","geometry":{"type":"Polygon","coordinates":[[[129.088027,35.179243],[129.088031,35.179188],[129.088088,35.179192],[129.088084,35.179246],[129.088027,35.179243]]]},"properties":{}},{"type":"Feature","geometry":{"type":"Polygon","coordinates":[[[129.087997,35.179258],[129.08793,35.179264],[129.087917,35.179166],[129.087984,35.17916],[129.087997,35.179258]]]},"properties":{}},{"type":"Feature","geometry":{"type":"Polygon","coordinates":[[[129.087909,35.179059],[129.088005,35.179058],[129.088005,35.179152],[129.08791,35.179153],[129.087909,35.179059]]]},"properties":{}},{"type":"Feature","geometry":{"type":"Polygon","coordinates":[[[129.087894,35.178922],[129.087892,35.178845],[129.088025,35.178841],[129.088028,35.178919],[129.087894,35.178922]]]},"properties":{}},{"type":"Feature","geometry":{"type":"Polygon","coordinates":[[[129.087806,35.178907],[129.087807,35.178954],[129.087712,35.178956],[129.08771,35.178909],[129.087806,35.178907]]]},"properties":{}},{"type":"Feature","geometry":{"type":"Polygon","coordinates":[[[129.087774,35.17906],[129.087855,35.179058],[129.087858,35.179146],[129.087777,35.179148],[129.087774,35.17906]]]},"properties":{}},{"type":"Feature","geometry":{"type":"Polygon","coordinates":[[[129.087856,35.179257],[129.08778,35.179257],[129.087782,35.179163],[129.087858,35.179164],[129.087856,35.179257]]]},"properties":{}},{"type":"Feature","geometry":{"type":"Polygon","coordinates":[[[129.087859,35.179451],[129.087858,35.179374],[129.087953,35.179374],[129.087953,35.179451],[129.087859,35.179451]]]},"properties":{}},{"type":"Feature","geometry":{"type":"Polygon","coordinates":[[[129.087856,35.179495],[129.087937,35.179492],[129.087941,35.179558],[129.08786,35.179561],[129.087856,35.179495]]]},"properties":{}},{"type":"Feature","geometry":{"type":"Polygon","coordinates":[[[129.087836,35.179462],[129.087722,35.179462],[129.087722,35.179384],[129.087836,35.179384],[129.087836,35.179462]]]},"properties":{}},{"type":"Feature","geometry":{"type":"Polygon","coordinates":[[[129.087555,35.179462],[129.087547,35.179374],[129.087655,35.179367],[129.087662,35.179455],[129.087555,35.179462]]]},"properties":{}},{"type":"Feature","geometry":{"type":"Polygon","coordinates":[[[129.087635,35.179285],[129.08754,35.179285],[129.08754,35.179207],[129.087635,35.179207],[129.087635,35.179285]]]},"properties":{}},{"type":"Feature","geometry":{"type":"Polygon","coordinates":[[[129.087541,35.179561],[129.087543,35.179499],[129.087639,35.179501],[129.087637,35.179563],[129.087541,35.179561]]]},"properties":{}},{"type":"Feature","geometry":{"type":"Polygon","coordinates":[[[129.087374,35.179493],[129.087378,35.179548],[129.087298,35.179552],[129.087293,35.179497],[129.087374,35.179493]]]},"properties":{}},{"type":"Feature","geometry":{"type":"Polygon","coordinates":[[[129.087366,35.179383],[129.087364,35.179446],[129.087288,35.179445],[129.087289,35.179383],[129.087366,35.179383]]]},"properties":{}},{"type":"Feature","geometry":{"type":"Polygon","coordinates":[[[129.087412,35.179447],[129.08741,35.179384],[129.087486,35.179382],[129.087488,35.179445],[129.087412,35.179447]]]},"properties":{}},{"type":"Feature","geometry":{"type":"Polygon","coordinates":[[[129.087487,35.17918],[129.087493,35.17929],[129.087412,35.179293],[129.087406,35.179183],[129.087487,35.17918]]]},"properties":{}},{"type":"Feature","geometry":{"type":"Polygon","coordinates":[[[129.08741,35.179043],[129.087486,35.179052],[129.087468,35.17916],[129.087393,35.179152],[129.08741,35.179043]]]},"properties":{}},{"type":"Feature","geometry":{"type":"Polygon","coordinates":[[[129.087356,35.179124],[129.087244,35.179105],[129.087264,35.179028],[129.087376,35.179047],[129.087356,35.179124]]]},"properties":{}},{"type":"Feature","geometry":{"type":"Polygon","coordinates":[[[129.087283,35.179175],[129.08736,35.179175],[129.08736,35.179284],[129.087283,35.179284],[129.087283,35.179175]]]},"properties":{}},{"type":"Feature","geometry":{"type":"Polygon","coordinates":[[[129.087192,35.17914],[129.087106,35.179105],[129.087141,35.179049],[129.087226,35.179084],[129.087192,35.17914]]]},"properties":{}},{"type":"Feature","geometry":{"type":"Polygon","coordinates":[[[129.087231,35.17892],[129.087278,35.178947],[129.087245,35.178986],[129.087198,35.178959],[129.087231,35.17892]]]},"properties":{}},{"type":"Feature","geometry":{"type":"Polygon","coordinates":[[[129.08742,35.178998],[129.08742,35.178931],[129.087501,35.178931],[129.087501,35.178997],[129.08742,35.178998]]]},"properties":{}},{"type":"Feature","geometry":{"type":"Polygon","coordinates":[[[129.087544,35.178921],[129.08764,35.178922],[129.087638,35.179],[129.087543,35.178999],[129.087544,35.178921]]]},"properties":{}},{"type":"Feature","geometry":{"type":"Polygon","coordinates":[[[129.087623,35.179178],[129.087511,35.179159],[129.087523,35.179113],[129.087635,35.179132],[129.087623,35.179178]]]},"properties":{}},{"type":"Feature","geometry":{"type":"Polygon","coordinates":[[[129.087517,35.179094],[129.087518,35.179047],[129.087632,35.179048],[129.087632,35.179095],[129.087517,35.179094]]]},"properties":{}},{"type":"Feature","geometry":{"type":"Polygon","coordinates":[[[129.087742,35.179228],[129.087666,35.179231],[129.087662,35.179169],[129.087738,35.179166],[129.087742,35.179228]]]},"properties":{}},{"type":"Feature","geometry":{"type":"Polygon","coordinates":[[[129.087671,35.179084],[129.087728,35.179085],[129.087726,35.179147],[129.087669,35.179146],[129.087671,35.179084]]]},"properties":{}},{"type":"Feature","geometry":{"type":"Polygon","coordinates":[[[129.087701,35.178867],[129.0877,35.178804],[129.087795,35.178804],[129.087796,35.178866],[129.087701,35.178867]]]},"properties":{}},{"type":"Feature","geometry":{"type":"Polygon","coordinates":[[[129.087753,35.178709],[129.087659,35.178715],[129.087646,35.17855],[129.08774,35.178545],[129.087753,35.178709]]]},"properties":{}},{"type":"Feature","geometry":{"type":"Polygon","coordinates":[[[129.087536,35.178807],[129.08765,35.178812],[129.087645,35.17889],[129.087531,35.178885],[129.087536,35.178807]]]},"properties":{}},{"type":"Feature","geometry":{"type":"Polygon","coordinates":[[[129.087476,35.178845],[129.08741,35.178838],[129.087402,35.178893],[129.087327,35.178886],[129.087338,35.178808],[129.087499,35.178823],[129.08749,35.178885],[129.087471,35.178883],[129.087476,35.178845]]]},"properties":{}},{"type":"Feature","geometry":{"type":"Polygon","coordinates":[[[129.087136,35.17884],[129.087148,35.178794],[129.087222,35.178807],[129.08721,35.178853],[129.087136,35.17884]]]},"properties":{}},{"type":"Feature","geometry":{"type":"Polygon","coordinates":[[[129.087545,35.17864],[129.087552,35.178717],[129.08735,35.178729],[129.087343,35.178652],[129.087545,35.17864]]]},"properties":{}},{"type":"Feature","geometry":{"type":"Polygon","coordinates":[[[129.087377,35.178346],[129.087452,35.178356],[129.08744,35.178418],[129.087365,35.178408],[129.087377,35.178346]]]},"properties":{}},{"type":"Feature","geometry":{"type":"Polygon","coordinates":[[[129.087415,35.17853],[129.08732,35.178531],[129.087319,35.178469],[129.087414,35.178467],[129.087415,35.17853]]]},"properties":{}},{"type":"Feature","geometry":{"type":"Polygon","coordinates":[[[129.087188,35.178309],[129.087182,35.178177],[129.087209,35.178176],[129.087215,35.178308],[129.087188,35.178309]]]},"properties":{}},{"type":"Feature","geometry":{"type":"Polygon","coordinates":[[[129.087325,35.178186],[129.087317,35.178295],[129.08726,35.178292],[129.087268,35.178183],[129.087325,35.178186]]]},"properties":{}},{"type":"Feature","geometry":{"type":"Polygon","coordinates":[[[129.087472,35.178279],[129.087478,35.17817],[129.087592,35.178175],[129.087586,35.178283],[129.087472,35.178279]]]},"properties":{}},{"type":"Feature","geometry":{"type":"Polygon","coordinates":[[[129.087457,35.178529],[129.087458,35.178467],[129.087553,35.178468],[129.087552,35.17853],[129.087457,35.178529]]]},"properties":{}},{"type":"Feature","geometry":{"type":"Polygon","coordinates":[[[129.087631,35.178458],[129.087727,35.178458],[129.087727,35.17852],[129.087631,35.17852],[129.087631,35.178458]]]},"properties":{}},{"type":"Feature","geometry":{"type":"Polygon","coordinates":[[[129.087743,35.17837],[129.087743,35.178432],[129.087628,35.178432],[129.087629,35.178369],[129.087743,35.17837]]]},"properties":{}},{"type":"Feature","geometry":{"type":"Polygon","coordinates":[[[129.087651,35.178342],[129.087653,35.178279],[129.087767,35.178281],[129.087766,35.178343],[129.087651,35.178342]]]},"properties":{}},{"type":"Feature","geometry":{"type":"Polygon","coordinates":[[[129.087653,35.178249],[129.087653,35.178172],[129.087774,35.178172],[129.087774,35.178249],[129.087653,35.178249]]]},"properties":{}},{"type":"Feature","geometry":{"type":"Polygon","coordinates":[[[129.087801,35.1783],[129.087909,35.1783],[129.087909,35.178366],[129.087801,35.178366],[129.087801,35.1783]]]},"properties":{}},{"type":"Feature","geometry":{"type":"Polygon","coordinates":[[[129.087906,35.178255],[129.087811,35.178254],[129.087812,35.178168],[129.087907,35.178169],[129.087906,35.178255]]]},"properties":{}},{"type":"Feature","geometry":{"type":"Polygon","coordinates":[[[129.088053,35.178161],[129.088053,35.178271],[129.087945,35.178272],[129.087945,35.178161],[129.088053,35.178161]]]},"properties":{}},{"type":"Feature","geometry":{"type":"Polygon","coordinates":[[[129.087918,35.178413],[129.088013,35.178413],[129.088013,35.178475],[129.087918,35.178475],[129.087918,35.178413]]]},"properties":{}},{"type":"Feature","geometry":{"type":"Polygon","coordinates":[[[129.08777,35.178469],[129.087769,35.178403],[129.08785,35.178402],[129.087851,35.178468],[129.08777,35.178469]]]},"properties":{}},{"type":"Feature","geometry":{"type":"Polygon","coordinates":[[[129.087856,35.1785],[129.08787,35.178709],[129.087803,35.178712],[129.087789,35.178503],[129.087856,35.1785]]]},"properties":{}},{"type":"Feature","geometry":{"type":"Polygon","coordinates":[[[129.088004,35.178718],[129.087908,35.178719],[129.087907,35.178641],[129.088002,35.17864],[129.088004,35.178718]]]},"properties":{}},{"type":"Feature","geometry":{"type":"Polygon","coordinates":[[[129.087922,35.17859],[129.087922,35.178524],[129.088003,35.178524],[129.088003,35.17859],[129.087922,35.17859]]]},"properties":{}},{"type":"Feature","geometry":{"type":"Polygon","coordinates":[[[129.088051,35.178596],[129.088051,35.178533],[129.088108,35.178533],[129.088108,35.178595],[129.088051,35.178596]]]},"properties":{}},{"type":"Feature","geometry":{"type":"Polygon","coordinates":[[[129.088033,35.178726],[129.088029,35.178649],[129.088124,35.178646],[129.088128,35.178722],[129.088033,35.178726]]]},"properties":{}},{"type":"Feature","geometry":{"type":"Polygon","coordinates":[[[129.088046,35.178401],[129.088123,35.178403],[129.088121,35.17848],[129.088045,35.178479],[129.088046,35.178401]]]},"properties":{}},{"type":"Feature","geometry":{"type":"Polygon","coordinates":[[[129.0881,35.17831],[129.088196,35.178311],[129.088194,35.178374],[129.088099,35.178372],[129.0881,35.17831]]]},"properties":{}},{"type":"Feature","geometry":{"type":"Polygon","coordinates":[[[129.088176,35.177449],[129.088179,35.177542],[129.088007,35.177545],[129.088005,35.177452],[129.088176,35.177449]]]},"properties":{}},{"type":"Feature","geometry":{"type":"Polygon","coordinates":[[[129.088169,35.1776],[129.088171,35.177689],[129.088091,35.17769],[129.088089,35.177602],[129.088169,35.1776]]]},"properties":{}},{"type":"Feature","geometry":{"type":"Polygon","coordinates":[[[129.088174,35.177842],[129.088098,35.177845],[129.088091,35.177721],[129.088167,35.177718],[129.088174,35.177842]]]},"properties":{}},{"type":"Feature","geometry":{"type":"MultiPolygon","coordinates":[[[[129.087961,35.177777],[129.087955,35.177722],[129.088022,35.177717],[129.088028,35.177772],[129.087961,35.177777]]],[[[129.088035,35.177838],[129.087968,35.177843],[129.087962,35.177788],[129.088029,35.177783],[129.088035,35.177838]]]]},"properties":{}},{"type":"Feature","geometry":{"type":"Polygon","coordinates":[[[129.087939,35.177688],[129.087941,35.17761],[129.088055,35.177612],[129.088054,35.17769],[129.087939,35.177688]]]},"properties":{}},{"type":"Feature","geometry":{"type":"Polygon","coordinates":[[[129.087977,35.177447],[129.087975,35.17754],[129.087899,35.177539],[129.087901,35.177446],[129.087977,35.177447]]]},"properties":{}},{"type":"Feature","geometry":{"type":"Polygon","coordinates":[[[129.087873,35.177553],[129.087778,35.177549],[129.087784,35.17744],[129.087879,35.177444],[129.087873,35.177553]]]},"properties":{}},{"type":"Feature","geometry":{"type":"Polygon","coordinates":[[[129.087747,35.177694],[129.087868,35.177694],[129.087869,35.177749],[129.087747,35.177749],[129.087747,35.177694]]]},"properties":{}},{"type":"Feature","geometry":{"type":"Polygon","coordinates":[[[129.087737,35.177607],[129.08787,35.177607],[129.08787,35.177669],[129.087737,35.177669],[129.087737,35.177607]]]},"properties":{}},{"type":"Feature","geometry":{"type":"Polygon","coordinates":[[[129.087883,35.177844],[129.08785,35.177796],[129.087885,35.177779],[129.087918,35.177827],[129.087883,35.177844]]]},"properties":{}},{"type":"Feature","geometry":{"type":"Polygon","coordinates":[[[129.087813,35.177943],[129.087719,35.177943],[129.087719,35.177888],[129.087813,35.177888],[129.087813,35.177943]]]},"properties":{}},{"type":"Feature","geometry":{"type":"Polygon","coordinates":[[[129.087855,35.177945],[129.087855,35.177879],[129.087936,35.177879],[129.087936,35.177945],[129.087855,35.177945]]]},"properties":{}},{"type":"Feature","geometry":{"type":"Polygon","coordinates":[[[129.088042,35.177875],[129.088046,35.177953],[129.08797,35.177956],[129.087966,35.177878],[129.088042,35.177875]]]},"properties":{}},{"type":"Feature","geometry":{"type":"Polygon","coordinates":[[[129.08803,35.178095],[129.087954,35.17809],[129.087959,35.178036],[129.08795,35.178035],[129.087943,35.178105],[129.087867,35.178101],[129.087877,35.177992],[129.088039,35.178002],[129.08803,35.178095]]]},"properties":{}},{"type":"Feature","geometry":{"type":"Polygon","coordinates":[[[129.087812,35.178042],[129.087807,35.17812],[129.087712,35.178116],[129.087717,35.178038],[129.087812,35.178042]]]},"properties":{}},{"type":"Feature","geometry":{"type":"Polygon","coordinates":[[[129.087556,35.177967],[129.087632,35.177966],[129.087633,35.177997],[129.087556,35.177999],[129.087556,35.177967]]]},"properties":{}},{"type":"Feature","geometry":{"type":"Polygon","coordinates":[[[129.087684,35.177943],[129.087522,35.177945],[129.087521,35.177879],[129.087682,35.177877],[129.087684,35.177943]]]},"properties":{}},{"type":"Feature","geometry":{"type":"Polygon","coordinates":[[[129.087599,35.177782],[129.087599,35.177848],[129.087519,35.177848],[129.087518,35.177782],[129.087599,35.177782]]]},"properties":{}},{"type":"Feature","geometry":{"type":"Polygon","coordinates":[[[129.087524,35.178117],[129.087524,35.178054],[129.087686,35.178053],[129.087686,35.178115],[129.087524,35.178117]]]},"properties":{}},{"type":"Feature","geometry":{"type":"Polygon","coordinates":[[[129.087259,35.177983],[129.087326,35.177977],[129.087333,35.178032],[129.087267,35.178038],[129.087259,35.177983]]]},"properties":{}},{"type":"Feature","geometry":{"type":"Polygon","coordinates":[[[129.087351,35.17811],[129.087257,35.17811],[129.087256,35.178055],[129.087351,35.178055],[129.087351,35.17811]]]},"properties":{}},{"type":"Feature","geometry":{"type":"Polygon","coordinates":[[[129.087112,35.178023],[129.087193,35.178022],[129.087195,35.17811],[129.087114,35.178111],[129.087112,35.178023]]]},"properties":{}},{"type":"Feature","geometry":{"type":"Polygon","coordinates":[[[129.087264,35.177939],[129.087269,35.177877],[129.087326,35.17788],[129.087321,35.177943],[129.087264,35.177939]]]},"properties":{}},{"type":"Feature","geometry":{"type":"Polygon","coordinates":[[[129.087214,35.177975],[129.08715,35.177993],[129.087137,35.177961],[129.087201,35.177944],[129.087214,35.177975]]]},"properties":{}},{"type":"Feature","geometry":{"type":"Polygon","coordinates":[[[129.087199,35.177798],[129.087217,35.177885],[129.087137,35.177895],[129.087119,35.177808],[129.087199,35.177798]]]},"properties":{}},{"type":"Feature","geometry":{"type":"Polygon","coordinates":[[[129.08728,35.177811],[129.087334,35.177826],[129.087316,35.17787],[129.087262,35.177855],[129.08728,35.177811]]]},"properties":{}},{"type":"Feature","geometry":{"type":"Polygon","coordinates":[[[129.087436,35.178006],[129.087383,35.178015],[129.087369,35.177961],[129.087422,35.177952],[129.087436,35.178006]]]},"properties":{}},{"type":"Feature","geometry":{"type":"Polygon","coordinates":[[[129.087428,35.177809],[129.087421,35.177934],[129.087364,35.177931],[129.087371,35.177807],[129.087428,35.177809]]]},"properties":{}},{"type":"Feature","geometry":{"type":"Polygon","coordinates":[[[129.087316,35.177613],[129.087423,35.177611],[129.087425,35.1777],[129.087317,35.177701],[129.087316,35.177613]]]},"properties":{}},{"type":"Feature","geometry":{"type":"Polygon","coordinates":[[[129.087416,35.177787],[129.087322,35.177788],[129.087322,35.177732],[129.087416,35.177732],[129.087416,35.177787]]]},"properties":{}},{"type":"Feature","geometry":{"type":"Polygon","coordinates":[[[129.087099,35.177612],[129.087195,35.177609],[129.087198,35.177711],[129.087103,35.177713],[129.087099,35.177612]]]},"properties":{}},{"type":"Feature","geometry":{"type":"Polygon","coordinates":[[[129.087218,35.177611],[129.087275,35.177611],[129.087276,35.177704],[129.087219,35.177704],[129.087218,35.177611]]]},"properties":{}},{"type":"Feature","geometry":{"type":"Polygon","coordinates":[[[129.087256,35.177549],[129.087085,35.177548],[129.087086,35.177454],[129.087257,35.177455],[129.087256,35.177549]]]},"properties":{}},{"type":"Feature","geometry":{"type":"Polygon","coordinates":[[[129.08732,35.177465],[129.087434,35.177463],[129.087436,35.177557],[129.087322,35.177558],[129.08732,35.177465]]]},"properties":{}},{"type":"Feature","geometry":{"type":"Polygon","coordinates":[[[129.087532,35.177451],[129.087646,35.177453],[129.087644,35.177546],[129.08753,35.177544],[129.087532,35.177451]]]},"properties":{}},{"type":"Feature","geometry":{"type":"Polygon","coordinates":[[[129.087644,35.177756],[129.087644,35.177693],[129.08772,35.177693],[129.08772,35.177755],[129.087644,35.177756]]]},"properties":{}},{"type":"Feature","geometry":{"type":"Polygon","coordinates":[[[129.087683,35.177197],[129.087779,35.177197],[129.087779,35.177314],[129.087684,35.177314],[129.087683,35.177197]]]},"properties":{}},{"type":"Feature","geometry":{"type":"Polygon","coordinates":[[[129.087782,35.17711],[129.087782,35.177173],[129.087686,35.177173],[129.087686,35.17711],[129.087782,35.17711]]]},"properties":{}},{"type":"Feature","geometry":{"type":"Polygon","coordinates":[[[129.087523,35.177297],[129.087523,35.177231],[129.087631,35.17723],[129.087631,35.177296],[129.087523,35.177297]]]},"properties":{}},{"type":"Feature","geometry":{"type":"Polygon","coordinates":[[[129.087526,35.177203],[129.087521,35.17711],[129.087635,35.177106],[129.08764,35.177199],[129.087526,35.177203]]]},"properties":{}},{"type":"Feature","geometry":{"type":"Polygon","coordinates":[[[129.087427,35.177351],[129.087432,35.177428],[129.087311,35.177433],[129.087306,35.177356],[129.087427,35.177351]]]},"properties":{}},{"type":"Feature","geometry":{"type":"Polygon","coordinates":[[[129.087172,35.177425],[129.087167,35.177371],[129.087247,35.177366],[129.087252,35.17742],[129.087172,35.177425]]]},"properties":{}},{"type":"Feature","geometry":{"type":"Polygon","coordinates":[[[129.087221,35.177256],[129.087297,35.177257],[129.087296,35.177319],[129.087219,35.177318],[129.087221,35.177256]]]},"properties":{}},{"type":"Feature","geometry":{"type":"Polygon","coordinates":[[[129.08721,35.1772],[129.087142,35.177202],[129.087139,35.177103],[129.087206,35.177101],[129.08721,35.1772]]]},"properties":{}},{"type":"Feature","geometry":{"type":"Polygon","coordinates":[[[129.087221,35.177123],[129.087302,35.177122],[129.087304,35.17721],[129.087223,35.177211],[129.087221,35.177123]]]},"properties":{}},{"type":"Feature","geometry":{"type":"Polygon","coordinates":[[[129.087432,35.177236],[129.087435,35.177302],[129.087355,35.177305],[129.087351,35.177239],[129.087432,35.177236]]]},"properties":{}},{"type":"Feature","geometry":{"type":"Polygon","coordinates":[[[129.087339,35.177203],[129.087334,35.177125],[129.08743,35.177121],[129.087434,35.177199],[129.087339,35.177203]]]},"properties":{}},{"type":"Feature","geometry":{"type":"Polygon","coordinates":[[[129.087408,35.177038],[129.087198,35.177036],[129.087199,35.176974],[129.087408,35.176976],[129.087408,35.177038]]]},"properties":{}},{"type":"Feature","geometry":{"type":"Polygon","coordinates":[[[129.087256,35.17686],[129.087262,35.176798],[129.087319,35.176801],[129.087313,35.176863],[129.087256,35.17686]]]},"properties":{}},{"type":"Feature","geometry":{"type":"Polygon","coordinates":[[[129.087362,35.176887],[129.087442,35.176882],[129.087444,35.176904],[129.087363,35.176909],[129.087362,35.176887]]]},"properties":{}},{"type":"Feature","geometry":{"type":"Polygon","coordinates":[[[129.087357,35.176784],[129.087451,35.176783],[129.087453,35.17686],[129.087359,35.176861],[129.087357,35.176784]]]},"properties":{}},{"type":"Feature","geometry":{"type":"Polygon","coordinates":[[[129.087502,35.176733],[129.087693,35.176732],[129.087693,35.176841],[129.087503,35.176842],[129.087502,35.176733]]]},"properties":{}},{"type":"Feature","geometry":{"type":"Polygon","coordinates":[[[129.087685,35.177033],[129.087572,35.177015],[129.087593,35.176931],[129.087705,35.176949],[129.087685,35.177033]]]},"properties":{}},{"type":"Feature","geometry":{"type":"Polygon","coordinates":[[[129.087566,35.176895],[129.08768,35.176894],[129.087681,35.17691],[129.087566,35.17691],[129.087566,35.176895]]]},"properties":{}},{"type":"Feature","geometry":{"type":"Polygon","coordinates":[[[129.087717,35.176718],[129.087812,35.176715],[129.087816,35.176777],[129.087721,35.17678],[129.087717,35.176718]]]},"properties":{}},{"type":"Feature","geometry":{"type":"Polygon","coordinates":[[[129.087737,35.176844],[129.087744,35.176798],[129.087819,35.176806],[129.087812,35.176852],[129.087737,35.176844]]]},"properties":{}},{"type":"Feature","geometry":{"type":"Polygon","coordinates":[[[129.087773,35.177017],[129.087772,35.176918],[129.08784,35.176918],[129.087841,35.177017],[129.087773,35.177017]]]},"properties":{}},{"type":"Feature","geometry":{"type":"Polygon","coordinates":[[[129.08794,35.177161],[129.087807,35.177178],[129.087795,35.177113],[129.087928,35.177096],[129.08794,35.177161]]]},"properties":{}},{"type":"Feature","geometry":{"type":"Polygon","coordinates":[[[129.087812,35.177215],[129.087888,35.177215],[129.087889,35.177308],[129.087812,35.177309],[129.087812,35.177215]]]},"properties":{}},{"type":"Feature","geometry":{"type":"Polygon","coordinates":[[[129.087877,35.17738],[129.087836,35.177413],[129.087809,35.177391],[129.08785,35.177358],[129.087877,35.17738]]]},"properties":{}},{"type":"Feature","geometry":{"type":"Polygon","coordinates":[[[129.088005,35.17732],[129.087902,35.177307],[129.08792,35.177207],[129.088109,35.177231],[129.088096,35.1773],[129.088011,35.17729],[129.088005,35.17732]]]},"properties":{}},{"type":"Feature","geometry":{"type":"Polygon","coordinates":[[[129.088218,35.177177],[129.08797,35.177177],[129.08797,35.177099],[129.088218,35.1771],[129.088218,35.177177]]]},"properties":{}},{"type":"Feature","geometry":{"type":"Polygon","coordinates":[[[129.088255,35.177026],[129.088064,35.177018],[129.08807,35.17694],[129.08826,35.176949],[129.088255,35.177026]]]},"properties":{}},{"type":"Feature","geometry":{"type":"Polygon","coordinates":[[[129.088126,35.1768],[129.088127,35.176863],[129.088069,35.176863],[129.088069,35.176801],[129.088126,35.1768]]]},"properties":{}},{"type":"Feature","geometry":{"type":"Polygon","coordinates":[[[129.087868,35.176137],[129.087868,35.176005],[129.087992,35.176005],[129.087992,35.176138],[129.087868,35.176137]]]},"properties":{}},{"type":"Feature","geometry":{"type":"Polygon","coordinates":[[[129.087798,35.176245],[129.087802,35.176307],[129.087726,35.17631],[129.087722,35.176248],[129.087798,35.176245]]]},"properties":{}},{"type":"Feature","geometry":{"type":"Polygon","coordinates":[[[129.087863,35.176267],[129.087913,35.176251],[129.087923,35.176271],[129.087873,35.176288],[129.087863,35.176267]]]},"properties":{}},{"type":"Feature","geometry":{"type":"Polygon","coordinates":[[[129.08779,35.176377],[129.087937,35.176358],[129.087955,35.176456],[129.087809,35.176475],[129.08779,35.176377]]]},"properties":{}},{"type":"Feature","geometry":{"type":"Polygon","coordinates":[[[129.088055,35.176463],[129.088001,35.176466],[129.087991,35.176356],[129.088044,35.176353],[129.088055,35.176463]]]},"properties":{}},{"type":"Feature","geometry":{"type":"Polygon","coordinates":[[[129.088112,35.176771],[129.087897,35.176781],[129.087889,35.176671],[129.088104,35.176661],[129.088112,35.176771]]]},"properties":{}},{"type":"Feature","geometry":{"type":"Polygon","coordinates":[[[129.087835,35.176634],[129.087828,35.176591],[129.087882,35.176586],[129.087888,35.176629],[129.087835,35.176634]]]},"properties":{}},{"type":"Feature","geometry":{"type":"Polygon","coordinates":[[[129.087674,35.176653],[129.087673,35.176575],[129.087787,35.176574],[129.087788,35.176652],[129.087674,35.176653]]]},"properties":{}},{"type":"Feature","geometry":{"type":"Polygon","coordinates":[[[129.087697,35.176475],[129.087695,35.176398],[129.087762,35.176396],[129.087764,35.176473],[129.087697,35.176475]]]},"properties":{}},{"type":"Feature","geometry":{"type":"Polygon","coordinates":[[[129.087554,35.176396],[129.087649,35.176396],[129.087649,35.176505],[129.087553,35.176505],[129.087554,35.176396]]]},"properties":{}},{"type":"Feature","geometry":{"type":"Polygon","coordinates":[[[129.087645,35.176658],[129.087524,35.176663],[129.087519,35.176586],[129.08764,35.176581],[129.087645,35.176658]]]},"properties":{}},{"type":"Feature","geometry":{"type":"Polygon","coordinates":[[[129.08743,35.176572],[129.087434,35.176744],[129.087358,35.176745],[129.087354,35.176573],[129.08743,35.176572]]]},"properties":{}},{"type":"Feature","geometry":{"type":"Polygon","coordinates":[[[129.087251,35.176707],[129.087307,35.17672],[129.087296,35.17675],[129.087241,35.176738],[129.087251,35.176707]]]},"properties":{}},{"type":"Feature","geometry":{"type":"Polygon","coordinates":[[[129.087228,35.176557],[129.087309,35.176555],[129.087311,35.176599],[129.08723,35.176601],[129.087228,35.176557]]]},"properties":{}},{"type":"Feature","geometry":{"type":"Polygon","coordinates":[[[129.087222,35.176405],[129.087299,35.176406],[129.087297,35.176484],[129.087221,35.176483],[129.087222,35.176405]]]},"properties":{}},{"type":"Feature","geometry":{"type":"Polygon","coordinates":[[[129.08735,35.176495],[129.08735,35.176396],[129.087444,35.176396],[129.087445,35.176495],[129.08735,35.176495]]]},"properties":{}},{"type":"Feature","geometry":{"type":"Polygon","coordinates":[[[129.087348,35.176361],[129.087347,35.176283],[129.087423,35.176282],[129.087424,35.17636],[129.087348,35.176361]]]},"properties":{}},{"type":"Feature","geometry":{"type":"Polygon","coordinates":[[[129.087334,35.176255],[129.087332,35.176192],[129.087427,35.17619],[129.087429,35.176253],[129.087334,35.176255]]]},"properties":{}},{"type":"Feature","geometry":{"type":"Polygon","coordinates":[[[129.087223,35.176361],[129.087223,35.176299],[129.087299,35.176298],[129.0873,35.176361],[129.087223,35.176361]]]},"properties":{}},{"type":"Feature","geometry":{"type":"Polygon","coordinates":[[[129.087223,35.176195],[129.08728,35.176199],[129.087275,35.176245],[129.087218,35.176241],[129.087223,35.176195]]]},"properties":{}},{"type":"Feature","geometry":{"type":"Polygon","coordinates":[[[129.087214,35.176132],[129.087247,35.176093],[129.087286,35.176116],[129.087254,35.176154],[129.087214,35.176132]]]},"properties":{}},{"type":"Feature","geometry":{"type":"Polygon","coordinates":[[[129.087435,35.175991],[129.087431,35.176069],[129.087374,35.176067],[129.087378,35.175989],[129.087435,35.175991]]]},"properties":{}},{"type":"Feature","geometry":{"type":"Polygon","coordinates":[[[129.087595,35.176074],[129.087599,35.176151],[129.087523,35.176154],[129.087519,35.176076],[129.087595,35.176074]]]},"properties":{}},{"type":"Feature","geometry":{"type":"Polygon","coordinates":[[[129.087526,35.176324],[129.087538,35.17627],[129.087622,35.176282],[129.087611,35.176335],[129.087526,35.176324]]]},"properties":{}},{"type":"Feature","geometry":{"type":"Polygon","coordinates":[[[129.087536,35.176252],[129.087535,35.176186],[129.087616,35.176186],[129.087616,35.176252],[129.087536,35.176252]]]},"properties":{}},{"type":"Feature","geometry":{"type":"Polygon","coordinates":[[[129.087738,35.176224],[129.087662,35.17622],[129.087666,35.176158],[129.087742,35.176161],[129.087738,35.176224]]]},"properties":{}},{"type":"Feature","geometry":{"type":"Polygon","coordinates":[[[129.087607,35.175901],[129.087612,35.175807],[129.087688,35.17581],[129.087683,35.175904],[129.087607,35.175901]]]},"properties":{}},{"type":"Feature","geometry":{"type":"Polygon","coordinates":[[[129.087485,35.175807],[129.087558,35.175827],[129.087534,35.175886],[129.087462,35.175867],[129.087485,35.175807]]]},"properties":{}},{"type":"Feature","geometry":{"type":"Polygon","coordinates":[[[129.087488,35.175905],[129.087468,35.175931],[129.087436,35.175915],[129.087456,35.175889],[129.087488,35.175905]]]},"properties":{}},{"type":"Feature","geometry":{"type":"Polygon","coordinates":[[[129.087535,35.175912],[129.08761,35.175926],[129.087589,35.176002],[129.087514,35.175988],[129.087535,35.175912]]]},"properties":{}},{"type":"Feature","geometry":{"type":"Polygon","coordinates":[[[129.087416,35.175873],[129.087397,35.175916],[129.087343,35.1759],[129.087363,35.175857],[129.087416,35.175873]]]},"properties":{}},{"type":"Feature","geometry":{"type":"Polygon","coordinates":[[[129.087145,35.176036],[129.087135,35.176027],[129.087135,35.176014],[129.087145,35.176005],[129.087161,35.176005],[129.087167,35.176009],[129.087172,35.176009],[129.087172,35.176031],[129.087167,35.176036],[129.087145,35.176036]]]},"properties":{}},{"type":"Feature","geometry":{"type":"Polygon","coordinates":[[[129.087272,35.175813],[129.08727,35.175876],[129.087222,35.175875],[129.087224,35.175813],[129.087272,35.175813]]]},"properties":{}},{"type":"Feature","geometry":{"type":"Polygon","coordinates":[[[129.087514,35.175471],[129.087518,35.175409],[129.087575,35.175412],[129.087571,35.175474],[129.087514,35.175471]]]},"properties":{}},{"type":"Feature","geometry":{"type":"Polygon","coordinates":[[[129.087678,35.175571],[129.087677,35.175617],[129.087601,35.175616],[129.087602,35.17557],[129.087678,35.175571]]]},"properties":{}},{"type":"Feature","geometry":{"type":"Polygon","coordinates":[[[129.08801,35.17536],[129.088054,35.175441],[129.088005,35.175459],[129.087961,35.175378],[129.08801,35.17536]]]},"properties":{}},{"type":"Feature","geometry":{"type":"Polygon","coordinates":[[[129.087927,35.175642],[129.08793,35.175697],[129.087782,35.175702],[129.087779,35.175647],[129.087927,35.175642]]]},"properties":{}},{"type":"Feature","geometry":{"type":"Polygon","coordinates":[[[129.087948,35.175756],[129.087952,35.175844],[129.087844,35.175847],[129.087841,35.175759],[129.087948,35.175756]]]},"properties":{}},{"type":"Feature","geometry":{"type":"Polygon","coordinates":[[[129.087819,35.175988],[129.087801,35.17608],[129.087726,35.17607],[129.087744,35.175978],[129.087819,35.175988]]]},"properties":{}},{"type":"Feature","geometry":{"type":"Polygon","coordinates":[[[129.08797,35.175888],[129.087973,35.17595],[129.087878,35.175953],[129.087874,35.175891],[129.08797,35.175888]]]},"properties":{}},{"type":"Feature","geometry":{"type":"Polygon","coordinates":[[[129.088142,35.175899],[129.088223,35.175987],[129.088159,35.176027],[129.088077,35.175939],[129.088142,35.175899]]]},"properties":{}},{"type":"Feature","geometry":{"type":"Polygon","coordinates":[[[129.087214,35.172719],[129.087348,35.172706],[129.087364,35.172815],[129.087231,35.172828],[129.087214,35.172719]]]},"properties":{}},{"type":"Feature","geometry":{"type":"Polygon","coordinates":[[[129.087438,35.172479],[129.087493,35.172415],[129.087587,35.172468],[129.087533,35.172532],[129.087438,35.172479]]]},"properties":{}},{"type":"Feature","geometry":{"type":"Polygon","coordinates":[[[129.08754,35.172546],[129.087602,35.172477],[129.087733,35.172555],[129.087704,35.172587],[129.087735,35.172605],[129.087701,35.172643],[129.08754,35.172546]]]},"properties":{}},{"type":"Feature","geometry":{"type":"Polygon","coordinates":[[[129.087484,35.172897],[129.087458,35.1728],[129.087537,35.172786],[129.087531,35.172764],[129.087465,35.172776],[129.087444,35.172701],[129.087563,35.172679],[129.087616,35.172873],[129.087484,35.172897]]]},"properties":{}},{"type":"Feature","geometry":{"type":"Polygon","coordinates":[[[129.08748,35.172939],[129.087638,35.17291],[129.087662,35.172996],[129.087504,35.173025],[129.08748,35.172939]]]},"properties":{}},{"type":"Feature","geometry":{"type":"Polygon","coordinates":[[[129.087433,35.173088],[129.087366,35.173092],[129.087361,35.173015],[129.087428,35.173012],[129.087433,35.173088]]]},"properties":{}},{"type":"Feature","geometry":{"type":"Polygon","coordinates":[[[129.087418,35.172987],[129.087365,35.172997],[129.087329,35.172868],[129.087381,35.172858],[129.087418,35.172987]]]},"properties":{}},{"type":"Feature","geometry":{"type":"Polygon","coordinates":[[[129.08719,35.173182],[129.087194,35.17327],[129.087113,35.173273],[129.087109,35.173185],[129.08719,35.173182]]]},"properties":{}},{"type":"Feature","geometry":{"type":"Polygon","coordinates":[[[129.087445,35.173151],[129.087449,35.173229],[129.087373,35.173231],[129.087369,35.173153],[129.087445,35.173151]]]},"properties":{}},{"type":"Feature","geometry":{"type":"Polygon","coordinates":[[[129.087329,35.173279],[129.087327,35.173325],[129.08727,35.173324],[129.087272,35.173277],[129.087329,35.173279]]]},"properties":{}},{"type":"Feature","geometry":{"type":"Polygon","coordinates":[[[129.087417,35.173467],[129.087408,35.173412],[129.087448,35.173408],[129.087457,35.173462],[129.087417,35.173467]]]},"properties":{}},{"type":"Feature","geometry":{"type":"Polygon","coordinates":[[[129.087468,35.173503],[129.087458,35.173541],[129.087421,35.173535],[129.087431,35.173497],[129.087468,35.173503]]]},"properties":{}},{"type":"Feature","geometry":{"type":"Polygon","coordinates":[[[129.087295,35.173505],[129.087295,35.173428],[129.087389,35.173428],[129.08739,35.173505],[129.087295,35.173505]]]},"properties":{}},{"type":"Feature","geometry":{"type":"Polygon","coordinates":[[[129.087341,35.173795],[129.087399,35.173796],[129.087398,35.173827],[129.087341,35.173827],[129.087341,35.173795]]]},"properties":{}},{"type":"Feature","geometry":{"type":"Polygon","coordinates":[[[129.087565,35.173559],[129.08766,35.173556],[129.087663,35.17365],[129.087568,35.173652],[129.087565,35.173559]]]},"properties":{}},{"type":"Feature","geometry":{"type":"Polygon","coordinates":[[[129.087619,35.173347],[129.087618,35.173337],[129.087551,35.173343],[129.087542,35.173277],[129.087635,35.173268],[129.087659,35.173444],[129.087565,35.173452],[129.087552,35.173354],[129.087619,35.173347]]]},"properties":{}},{"type":"Feature","geometry":{"type":"Polygon","coordinates":[[[129.087674,35.173247],[129.087522,35.173253],[129.087514,35.173113],[129.087666,35.173107],[129.087674,35.173247]]]},"properties":{}},{"type":"Feature","geometry":{"type":"Polygon","coordinates":[[[129.088108,35.175216],[129.088061,35.17521],[129.088068,35.175179],[129.088115,35.175186],[129.088108,35.175216]]]},"properties":{}},{"type":"Feature","geometry":{"type":"Polygon","coordinates":[[[129.087913,35.174724],[129.0879,35.174658],[129.088165,35.174625],[129.088178,35.174693],[129.088138,35.174698],[129.088158,35.174804],[129.087995,35.174824],[129.087975,35.174716],[129.087913,35.174724]]]},"properties":{"class":"apartments","subtype":"residential","num_floors":20}},{"type":"Feature","geometry":{"type":"Polygon","coordinates":[[[129.087915,35.173988],[129.08784,35.173978],[129.087851,35.173916],[129.087927,35.173926],[129.087915,35.173988]]]},"properties":{}},{"type":"Feature","geometry":{"type":"Polygon","coordinates":[[[129.087773,35.174046],[129.087825,35.17399],[129.087871,35.174019],[129.087819,35.174074],[129.087773,35.174046]]]},"properties":{}},{"type":"Feature","geometry":{"type":"Polygon","coordinates":[[[129.087818,35.1743],[129.08778,35.174254],[129.087813,35.174236],[129.087851,35.174281],[129.087818,35.1743]]]},"properties":{}},{"type":"Feature","geometry":{"type":"Polygon","coordinates":[[[129.087216,35.174223],[129.08716,35.174219],[129.087166,35.174157],[129.087223,35.174161],[129.087216,35.174223]]]},"properties":{}},{"type":"Feature","geometry":{"type":"Polygon","coordinates":[[[129.087233,35.174457],[129.087232,35.17438],[129.087299,35.174379],[129.087301,35.174456],[129.087233,35.174457]]]},"properties":{}},{"type":"Feature","geometry":{"type":"Polygon","coordinates":[[[129.087221,35.174464],[129.087117,35.174486],[129.087097,35.174422],[129.087201,35.1744],[129.087221,35.174464]]]},"properties":{}},{"type":"Feature","geometry":{"type":"Polygon","coordinates":[[[129.087634,35.174865],[129.087628,35.174865],[129.087623,35.174861],[129.087623,35.174852],[129.087628,35.174847],[129.087628,35.174834],[129.087655,35.174834],[129.08766,35.174839],[129.08766,35.174843],[129.087666,35.174847],[129.087666,35.174861],[129.087655,35.174861],[129.08765,35.174865],[129.087644,35.174865],[129.087639,35.174869],[129.087634,35.174865]]]},"properties":{}},{"type":"Feature","geometry":{"type":"Polygon","coordinates":[[[129.087489,35.174903],[129.087556,35.174895],[129.08757,35.174971],[129.087504,35.174979],[129.087489,35.174903]]]},"properties":{}},{"type":"Feature","geometry":{"type":"Polygon","coordinates":[[[129.087627,35.175005],[129.08762,35.174951],[129.08766,35.174947],[129.087668,35.175002],[129.087627,35.175005]]]},"properties":{}},{"type":"Feature","geometry":{"type":"Polygon","coordinates":[[[129.087025,35.175214],[129.087007,35.175149],[129.087034,35.175145],[129.087051,35.175209],[129.087025,35.175214]]]},"properties":{}},{"type":"Feature","geometry":{"type":"Polygon","coordinates":[[[129.087031,35.17496],[129.086981,35.174907],[129.087088,35.17484],[129.087137,35.174892],[129.087031,35.17496]]]},"properties":{}},{"type":"Feature","geometry":{"type":"Polygon","coordinates":[[[129.08702,35.174633],[129.087,35.17466],[129.086968,35.174643],[129.086988,35.174617],[129.08702,35.174633]]]},"properties":{}},{"type":"Feature","geometry":{"type":"Polygon","coordinates":[[[129.086779,35.175265],[129.086827,35.17527],[129.086821,35.175301],[129.086774,35.175295],[129.086779,35.175265]]]},"properties":{}},{"type":"Feature","geometry":{"type":"Polygon","coordinates":[[[129.086109,35.175245],[129.086112,35.175105],[129.086207,35.175106],[129.086205,35.175246],[129.086109,35.175245]]]},"properties":{}},{"type":"Feature","geometry":{"type":"Polygon","coordinates":[[[129.085867,35.175199],[129.085874,35.175137],[129.08594,35.175143],[129.085933,35.175205],[129.085867,35.175199]]]},"properties":{}},{"type":"Feature","geometry":{"type":"Polygon","coordinates":[[[129.085897,35.174991],[129.08599,35.174981],[129.085996,35.175013],[129.085902,35.175024],[129.085897,35.174991]]]},"properties":{}},{"type":"Feature","geometry":{"type":"Polygon","coordinates":[[[129.086397,35.174462],[129.086518,35.174455],[129.086524,35.174532],[129.086403,35.174539],[129.086397,35.174462]]]},"properties":{}},{"type":"Feature","geometry":{"type":"Polygon","coordinates":[[[129.086424,35.174374],[129.086443,35.17433],[129.086497,35.174346],[129.086478,35.174389],[129.086424,35.174374]]]},"properties":{}},{"type":"Feature","geometry":{"type":"Polygon","coordinates":[[[129.086036,35.174257],[129.086171,35.174249],[129.086179,35.174337],[129.086206,35.174335],[129.086196,35.174236],[129.086371,35.174225],[129.086382,35.174346],[129.086047,35.174367],[129.086036,35.174257]]]},"properties":{}},{"type":"Feature","geometry":{"type":"Polygon","coordinates":[[[129.086006,35.174301],[129.085999,35.174378],[129.085923,35.174373],[129.08593,35.174296],[129.086006,35.174301]]]},"properties":{}},{"type":"Feature","geometry":{"type":"Polygon","coordinates":[[[129.085872,35.174225],[129.085864,35.174159],[129.085945,35.174152],[129.085953,35.174218],[129.085872,35.174225]]]},"properties":{}},{"type":"Feature","geometry":{"type":"Polygon","coordinates":[[[129.086346,35.173947],[129.086298,35.173944],[129.086304,35.173874],[129.086352,35.173877],[129.086346,35.173947]]]},"properties":{}},{"type":"Feature","geometry":{"type":"Polygon","coordinates":[[[129.086307,35.174185],[129.086187,35.174196],[129.086176,35.174119],[129.086297,35.174108],[129.086307,35.174185]]]},"properties":{}},{"type":"Feature","geometry":{"type":"Polygon","coordinates":[[[129.086598,35.174153],[129.086343,35.174176],[129.086333,35.174099],[129.086588,35.174077],[129.086598,35.174153]]]},"properties":{}},{"type":"Feature","geometry":{"type":"Polygon","coordinates":[[[129.086548,35.173963],[129.086554,35.174028],[129.0865,35.174032],[129.086494,35.173966],[129.086548,35.173963]]]},"properties":{}},{"type":"Feature","geometry":{"type":"Polygon","coordinates":[[[129.086754,35.174021],[129.086646,35.174022],[129.086645,35.173956],[129.086753,35.173955],[129.086754,35.174021]]]},"properties":{}},{"type":"Feature","geometry":{"type":"Polygon","coordinates":[[[129.086922,35.174168],[129.086933,35.174299],[129.086731,35.174311],[129.08672,35.174179],[129.086922,35.174168]]]},"properties":{}},{"type":"Feature","geometry":{"type":"Polygon","coordinates":[[[129.086629,35.174073],[129.08671,35.174069],[129.086715,35.174135],[129.086634,35.174139],[129.086629,35.174073]]]},"properties":{}},{"type":"Feature","geometry":{"type":"Polygon","coordinates":[[[129.086397,35.174236],[129.086661,35.174194],[129.086679,35.17427],[129.086415,35.174312],[129.086397,35.174236]]]},"properties":{}},{"type":"Feature","geometry":{"type":"Polygon","coordinates":[[[129.086577,35.174421],[129.086572,35.174327],[129.086677,35.174324],[129.086681,35.174402],[129.086766,35.1744],[129.086772,35.174524],[129.086581,35.17453],[129.086577,35.174436],[129.086644,35.174434],[129.086643,35.174419],[129.086577,35.174421]]]},"properties":{}},{"type":"Feature","geometry":{"type":"Polygon","coordinates":[[[129.086921,35.174315],[129.086922,35.174359],[129.086841,35.17436],[129.08684,35.174316],[129.086921,35.174315]]]},"properties":{}},{"type":"Feature","geometry":{"type":"Polygon","coordinates":[[[129.086951,35.174399],[129.08696,35.174498],[129.086812,35.174507],[129.086803,35.174408],[129.086951,35.174399]]]},"properties":{}},{"type":"Feature","geometry":{"type":"Polygon","coordinates":[[[129.087155,35.174376],[129.087041,35.174381],[129.087036,35.174287],[129.08715,35.174283],[129.087155,35.174376]]]},"properties":{}},{"type":"Feature","geometry":{"type":"Polygon","coordinates":[[[129.087108,35.174152],[129.087124,35.17425],[129.08703,35.17426],[129.087015,35.174161],[129.087108,35.174152]]]},"properties":{}},{"type":"Feature","geometry":{"type":"Polygon","coordinates":[[[129.086894,35.174026],[129.086814,35.17403],[129.086807,35.173942],[129.086887,35.173938],[129.086894,35.174026]]]},"properties":{}},{"type":"Feature","geometry":{"type":"Polygon","coordinates":[[[129.08698,35.173967],[129.086974,35.173901],[129.087109,35.173893],[129.087115,35.173959],[129.08698,35.173967]]]},"properties":{}},{"type":"Feature","geometry":{"type":"Polygon","coordinates":[[[129.086983,35.174016],[129.08713,35.174005],[129.087142,35.174104],[129.086994,35.174115],[129.086983,35.174016]]]},"properties":{}},{"type":"Feature","geometry":{"type":"Polygon","coordinates":[[[129.087051,35.173842],[129.08705,35.173779],[129.087127,35.173779],[129.087127,35.173841],[129.087051,35.173842]]]},"properties":{}},{"type":"Feature","geometry":{"type":"Polygon","coordinates":[[[129.086964,35.173868],[129.086946,35.173815],[129.087011,35.1738],[129.087029,35.173853],[129.086964,35.173868]]]},"properties":{}},{"type":"Feature","geometry":{"type":"Polygon","coordinates":[[[129.086894,35.173571],[129.086948,35.173565],[129.086959,35.17363],[129.086906,35.173636],[129.086894,35.173571]]]},"properties":{}},{"type":"Feature","geometry":{"type":"Polygon","coordinates":[[[129.086804,35.173786],[129.086792,35.173698],[129.086979,35.173681],[129.086991,35.173768],[129.086804,35.173786]]]},"properties":{}},{"type":"Feature","geometry":{"type":"Polygon","coordinates":[[[129.086863,35.173824],[129.086918,35.173835],[129.086904,35.17388],[129.086849,35.173869],[129.086863,35.173824]]]},"properties":{}},{"type":"Feature","geometry":{"type":"Polygon","coordinates":[[[129.086669,35.173705],[129.086749,35.173698],[129.08676,35.173785],[129.08668,35.173792],[129.086669,35.173705]]]},"properties":{}},{"type":"Feature","geometry":{"type":"Polygon","coordinates":[[[129.086768,35.173884],[129.086716,35.173893],[129.086704,35.17385],[129.086757,35.173841],[129.086768,35.173884]]]},"properties":{}},{"type":"Feature","geometry":{"type":"Polygon","coordinates":[[[129.086606,35.173916],[129.086587,35.173818],[129.086653,35.173809],[129.086673,35.173907],[129.086606,35.173916]]]},"properties":{}},{"type":"Feature","geometry":{"type":"Polygon","coordinates":[[[129.086566,35.173794],[129.086499,35.173799],[129.086491,35.173722],[129.086559,35.173718],[129.086566,35.173794]]]},"properties":{}},{"type":"Feature","geometry":{"type":"Polygon","coordinates":[[[129.086601,35.173778],[129.086598,35.173723],[129.086638,35.173721],[129.086642,35.173776],[129.086601,35.173778]]]},"properties":{}},{"type":"Feature","geometry":{"type":"Polygon","coordinates":[[[129.086503,35.173664],[129.086555,35.173652],[129.086566,35.173684],[129.086514,35.173696],[129.086503,35.173664]]]},"properties":{}},{"type":"Feature","geometry":{"type":"Polygon","coordinates":[[[129.086496,35.173561],[129.08655,35.173554],[129.086558,35.173598],[129.086504,35.173604],[129.086496,35.173561]]]},"properties":{}},{"type":"Feature","geometry":{"type":"Polygon","coordinates":[[[129.086636,35.173672],[129.086603,35.173454],[129.086683,35.173446],[129.086716,35.173664],[129.086636,35.173672]]]},"properties":{}},{"type":"Feature","geometry":{"type":"Polygon","coordinates":[[[129.086787,35.173653],[129.08678,35.173587],[129.086861,35.173582],[129.086868,35.173648],[129.086787,35.173653]]]},"properties":{}},{"type":"Feature","geometry":{"type":"Polygon","coordinates":[[[129.086741,35.173373],[129.086808,35.173367],[129.086832,35.173542],[129.086765,35.173549],[129.086741,35.173373]]]},"properties":{}},{"type":"Feature","geometry":{"type":"Polygon","coordinates":[[[129.086534,35.173318],[129.08653,35.17324],[129.086663,35.173235],[129.086667,35.173313],[129.086534,35.173318]]]},"properties":{}},{"type":"Feature","geometry":{"type":"Polygon","coordinates":[[[129.086755,35.173199],[129.086701,35.173204],[129.086698,35.173182],[129.086752,35.173177],[129.086755,35.173199]]]},"properties":{}},{"type":"Feature","geometry":{"type":"Polygon","coordinates":[[[129.086795,35.173218],[129.0868,35.173296],[129.086723,35.173298],[129.086719,35.173221],[129.086795,35.173218]]]},"properties":{}},{"type":"Feature","geometry":{"type":"Polygon","coordinates":[[[129.086911,35.173212],[129.086913,35.173275],[129.086837,35.173277],[129.086834,35.173214],[129.086911,35.173212]]]},"properties":{}},{"type":"Feature","geometry":{"type":"Polygon","coordinates":[[[129.086891,35.173543],[129.08687,35.173479],[129.086935,35.173465],[129.086956,35.173529],[129.086891,35.173543]]]},"properties":{}},{"type":"Feature","geometry":{"type":"Polygon","coordinates":[[[129.087077,35.173307],[129.08709,35.173394],[129.08701,35.173402],[129.086996,35.173315],[129.087077,35.173307]]]},"properties":{}},{"type":"Feature","geometry":{"type":"Polygon","coordinates":[[[129.087066,35.173189],[129.087074,35.173266],[129.086981,35.173273],[129.086972,35.173196],[129.087066,35.173189]]]},"properties":{}},{"type":"Feature","geometry":{"type":"Polygon","coordinates":[[[129.087075,35.173079],[129.087063,35.173003],[129.087156,35.172993],[129.087169,35.173069],[129.087075,35.173079]]]},"properties":{}},{"type":"Feature","geometry":{"type":"Polygon","coordinates":[[[129.086983,35.173161],[129.08694,35.172988],[129.087019,35.172975],[129.087062,35.173147],[129.086983,35.173161]]]},"properties":{}},{"type":"Feature","geometry":{"type":"Polygon","coordinates":[[[129.086816,35.173166],[129.086812,35.1731],[129.086893,35.173097],[129.086896,35.173163],[129.086816,35.173166]]]},"properties":{}},{"type":"Feature","geometry":{"type":"Polygon","coordinates":[[[129.08687,35.173004],[129.086815,35.17299],[129.086824,35.172967],[129.086879,35.172982],[129.08687,35.173004]]]},"properties":{}},{"type":"Feature","geometry":{"type":"Polygon","coordinates":[[[129.08693,35.172948],[129.086917,35.172838],[129.086998,35.172832],[129.08701,35.172942],[129.08693,35.172948]]]},"properties":{}},{"type":"Feature","geometry":{"type":"Polygon","coordinates":[[[129.087154,35.172943],[129.087059,35.172947],[129.087053,35.172838],[129.087148,35.172834],[129.087154,35.172943]]]},"properties":{}},{"type":"Feature","geometry":{"type":"Polygon","coordinates":[[[129.087045,35.172461],[129.087051,35.172527],[129.086971,35.172532],[129.086964,35.172466],[129.087045,35.172461]]]},"properties":{}},{"type":"Feature","geometry":{"type":"Polygon","coordinates":[[[129.087007,35.172677],[129.086994,35.172579],[129.087088,35.172571],[129.0871,35.17267],[129.087007,35.172677]]]},"properties":{}},{"type":"Feature","geometry":{"type":"Polygon","coordinates":[[[129.086874,35.17259],[129.086955,35.172587],[129.086958,35.172654],[129.086877,35.172656],[129.086874,35.17259]]]},"properties":{}},{"type":"Feature","geometry":{"type":"Polygon","coordinates":[[[129.086893,35.172674],[129.086959,35.172665],[129.086986,35.172807],[129.086919,35.172815],[129.086893,35.172674]]]},"properties":{}},{"type":"Feature","geometry":{"type":"Polygon","coordinates":[[[129.086595,35.17293],[129.086522,35.172911],[129.086539,35.172867],[129.086612,35.172885],[129.086595,35.17293]]]},"properties":{}},{"type":"Feature","geometry":{"type":"Polygon","coordinates":[[[129.086836,35.172847],[129.086838,35.172913],[129.086785,35.172914],[129.086782,35.172848],[129.086836,35.172847]]]},"properties":{}},{"type":"Feature","geometry":{"type":"Polygon","coordinates":[[[129.086765,35.173027],[129.086671,35.173036],[129.086663,35.172981],[129.086757,35.172972],[129.086765,35.173027]]]},"properties":{}},{"type":"Feature","geometry":{"type":"Polygon","coordinates":[[[129.086427,35.17313],[129.086451,35.173007],[129.086536,35.173018],[129.086512,35.173141],[129.086427,35.17313]]]},"properties":{}},{"type":"Feature","geometry":{"type":"Polygon","coordinates":[[[129.086336,35.173079],[129.086351,35.17305],[129.086412,35.173072],[129.086397,35.1731],[129.086336,35.173079]]]},"properties":{}},{"type":"Feature","geometry":{"type":"Polygon","coordinates":[[[129.086258,35.173031],[129.086119,35.172962],[129.086209,35.172842],[129.086347,35.172911],[129.086258,35.173031]]]},"properties":{}},{"type":"Feature","geometry":{"type":"Polygon","coordinates":[[[129.086129,35.172789],[129.08611,35.172747],[129.086135,35.172739],[129.086154,35.172781],[129.086129,35.172789]]]},"properties":{}},{"type":"Feature","geometry":{"type":"Polygon","coordinates":[[[129.086196,35.172606],[129.086172,35.172665],[129.086082,35.17264],[129.086106,35.172581],[129.086196,35.172606]]]},"properties":{}},{"type":"Feature","geometry":{"type":"Polygon","coordinates":[[[129.086131,35.173045],[129.086054,35.173106],[129.085998,35.173059],[129.086075,35.172998],[129.086131,35.173045]]]},"properties":{}},{"type":"Feature","geometry":{"type":"Polygon","coordinates":[[[129.086012,35.173128],[129.086056,35.17317],[129.086026,35.173191],[129.085982,35.17315],[129.086012,35.173128]]]},"properties":{}},{"type":"Feature","geometry":{"type":"Polygon","coordinates":[[[129.085938,35.173499],[129.085938,35.173432],[129.085992,35.173432],[129.085992,35.173499],[129.085938,35.173499]]]},"properties":{}},{"type":"Feature","geometry":{"type":"Polygon","coordinates":[[[129.086028,35.173464],[129.086221,35.173414],[129.086245,35.173477],[129.086052,35.173527],[129.086028,35.173464]]]},"properties":{}},{"type":"Feature","geometry":{"type":"Polygon","coordinates":[[[129.086081,35.173316],[129.08613,35.173341],[129.08611,35.173367],[129.086061,35.173343],[129.086081,35.173316]]]},"properties":{}},{"type":"Feature","geometry":{"type":"Polygon","coordinates":[[[129.086366,35.173375],[129.086245,35.173384],[129.086239,35.173329],[129.08636,35.173321],[129.086366,35.173375]]]},"properties":{}},{"type":"Feature","geometry":{"type":"Polygon","coordinates":[[[129.086475,35.173437],[129.086556,35.173433],[129.086561,35.173499],[129.08648,35.173503],[129.086475,35.173437]]]},"properties":{}},{"type":"Feature","geometry":{"type":"Polygon","coordinates":[[[129.086415,35.173418],[129.086419,35.173496],[129.086362,35.173498],[129.086357,35.17342],[129.086415,35.173418]]]},"properties":{}},{"type":"Feature","geometry":{"type":"Polygon","coordinates":[[[129.086338,35.173413],[129.086342,35.173491],[129.086266,35.173493],[129.086261,35.173416],[129.086338,35.173413]]]},"properties":{}},{"type":"Feature","geometry":{"type":"Polygon","coordinates":[[[129.086298,35.173657],[129.086355,35.173656],[129.086356,35.173718],[129.086299,35.173719],[129.086298,35.173657]]]},"properties":{}},{"type":"Feature","geometry":{"type":"Polygon","coordinates":[[[129.086428,35.173605],[129.086371,35.173608],[129.086367,35.173545],[129.086425,35.173543],[129.086428,35.173605]]]},"properties":{}},{"type":"Feature","geometry":{"type":"Polygon","coordinates":[[[129.086383,35.17365],[129.08644,35.17365],[129.08644,35.173712],[129.086383,35.173712],[129.086383,35.17365]]]},"properties":{}},{"type":"Feature","geometry":{"type":"Polygon","coordinates":[[[129.086458,35.173751],[129.086459,35.173829],[129.086402,35.17383],[129.086401,35.173752],[129.086458,35.173751]]]},"properties":{}},{"type":"Feature","geometry":{"type":"Polygon","coordinates":[[[129.086119,35.173799],[129.086123,35.173876],[129.086047,35.173879],[129.086042,35.173802],[129.086119,35.173799]]]},"properties":{}},{"type":"Feature","geometry":{"type":"Polygon","coordinates":[[[129.086064,35.173686],[129.086244,35.173679],[129.086247,35.173726],[129.086066,35.173733],[129.086064,35.173686]]]},"properties":{}},{"type":"Feature","geometry":{"type":"Polygon","coordinates":[[[129.08617,35.173625],[129.086165,35.173548],[129.086232,35.173545],[129.086237,35.173622],[129.08617,35.173625]]]},"properties":{}},{"type":"Feature","geometry":{"type":"Polygon","coordinates":[[[129.08592,35.173597],[129.086001,35.173592],[129.086016,35.173757],[129.085935,35.173762],[129.08592,35.173597]]]},"properties":{}},{"type":"Feature","geometry":{"type":"Polygon","coordinates":[[[129.085967,35.173889],[129.085956,35.173823],[129.086009,35.173818],[129.08602,35.173883],[129.085967,35.173889]]]},"properties":{}},{"type":"Feature","geometry":{"type":"Polygon","coordinates":[[[129.085748,35.173648],[129.085827,35.173635],[129.085856,35.173754],[129.085776,35.173767],[129.085748,35.173648]]]},"properties":{}},{"type":"Feature","geometry":{"type":"Polygon","coordinates":[[[129.085598,35.1738],[129.085127,35.173873],[129.085105,35.17378],[129.085577,35.173707],[129.085598,35.1738]]]},"properties":{"name":"106","class":"apartments","subtype":"residential","num_floors":23}},{"type":"Feature","geometry":{"type":"Polygon","coordinates":[[[129.08491,35.173602],[129.08455,35.173292],[129.084652,35.173213],[129.085012,35.173523],[129.08491,35.173602]]]},"properties":{"name":"107","class":"apartments","subtype":"residential","num_floors":29}},{"type":"Feature","geometry":{"type":"Polygon","coordinates":[[[129.084892,35.173667],[129.085075,35.173815],[129.084991,35.173884],[129.084917,35.173825],[129.084729,35.173979],[129.08462,35.173891],[129.084892,35.173667]]]},"properties":{"name":"105","class":"apartments","subtype":"residential","num_floors":30}},{"type":"Feature","geometry":{"type":"Polygon","coordinates":[[[129.085017,35.174214],[129.0852,35.174362],[129.085115,35.174431],[129.085041,35.174371],[129.084854,35.174526],[129.084745,35.174438],[129.085017,35.174214]]]},"properties":{"name":"102","class":"apartments","subtype":"residential","num_floors":26}},{"type":"Feature","geometry":{"type":"Polygon","coordinates":[[[129.085504,35.174076],[129.085483,35.173989],[129.085827,35.173934],[129.085848,35.174021],[129.085504,35.174076]]]},"properties":{}},{"type":"Feature","geometry":{"type":"Polygon","coordinates":[[[129.085903,35.174516],[129.085901,35.174571],[129.085872,35.174594],[129.085798,35.174529],[129.08572,35.17459],[129.085655,35.174534],[129.085684,35.174511],[129.085903,35.174516]]]},"properties":{}},{"type":"Feature","geometry":{"type":"Polygon","coordinates":[[[129.085744,35.174332],[129.085273,35.174405],[129.085251,35.174312],[129.085722,35.174239],[129.085744,35.174332]]]},"properties":{"name":"101","class":"apartments","subtype":"residential","num_floors":24}},{"type":"Feature","geometry":{"type":"Polygon","coordinates":[[[129.085427,35.174599],[129.08533,35.174685],[129.085148,35.174549],[129.085244,35.174462],[129.085427,35.174599]]]},"properties":{}},{"type":"Feature","geometry":{"type":"Polygon","coordinates":[[[129.085797,35.175048],[129.08569,35.175061],[129.085668,35.17493],[129.085774,35.174918],[129.085797,35.175048]]]},"properties":{}},{"type":"Feature","geometry":{"type":"Polygon","coordinates":[[[129.085655,35.175145],[129.085817,35.175145],[129.085817,35.175255],[129.085656,35.175255],[129.085655,35.175145]]]},"properties":{}},{"type":"Feature","geometry":{"type":"Polygon","coordinates":[[[129.084961,35.175052],[129.084972,35.175006],[129.085009,35.175012],[129.084998,35.175058],[129.084961,35.175052]]]},"properties":{}},{"type":"Feature","geometry":{"type":"Polygon","coordinates":[[[129.085025,35.174659],[129.085046,35.174711],[129.084982,35.174729],[129.084961,35.174677],[129.085025,35.174659]]]},"properties":{}},{"type":"Feature","geometry":{"type":"Polygon","coordinates":[[[129.084707,35.174685],[129.084773,35.174631],[129.084687,35.174561],[129.084706,35.174545],[129.084888,35.174693],[129.084802,35.174763],[129.084707,35.174685]]]},"properties":{}},{"type":"Feature","geometry":{"type":"Polygon","coordinates":[[[129.084485,35.174259],[129.084668,35.174407],[129.084584,35.174476],[129.08451,35.174416],[129.084322,35.174571],[129.084213,35.174483],[129.084485,35.174259]]]},"properties":{"name":"103","class":"apartments","subtype":"residential","num_floors":29}},{"type":"Feature","geometry":{"type":"Polygon","coordinates":[[[129.084286,35.174091],[129.083926,35.173781],[129.084027,35.173702],[129.084387,35.174012],[129.084286,35.174091]]]},"properties":{"name":"104","class":"apartments","subtype":"residential","num_floors":29}},{"type":"Feature","geometry":{"type":"Polygon","coordinates":[[[129.083741,35.175341],[129.083684,35.175335],[129.083695,35.175273],[129.083751,35.17528],[129.083741,35.175341]]]},"properties":{}},{"type":"Feature","geometry":{"type":"Polygon","coordinates":[[[129.083459,35.175137],[129.083483,35.175078],[129.083555,35.175098],[129.083531,35.175157],[129.083459,35.175137]]]},"properties":{}},{"type":"Feature","geometry":{"type":"Polygon","coordinates":[[[129.083468,35.175336],[129.083336,35.17532],[129.083354,35.17522],[129.083486,35.175235],[129.083468,35.175336]]]},"properties":{}},{"type":"Feature","geometry":{"type":"Polygon","coordinates":[[[129.083333,35.174687],[129.083289,35.174666],[129.083212,35.174673],[129.083221,35.174729],[129.083149,35.174737],[129.083141,35.174688],[129.083041,35.174698],[129.083026,35.174607],[129.083236,35.174584],[129.083332,35.174455],[129.083531,35.174554],[129.083448,35.174666],[129.083477,35.17468],[129.08345,35.174717],[129.083486,35.174734],[129.083453,35.174778],[129.083316,35.17471],[129.083333,35.174687]]]},"properties":{"name":"101동","class":"apartments","subtype":"residential","height":146.0,"num_floors":49}},{"type":"Feature","geometry":{"type":"Polygon","coordinates":[[[129.082988,35.175347],[129.082892,35.175349],[129.082887,35.175217],[129.082983,35.175214],[129.082988,35.175347]]]},"properties":{}},{"type":"Feature","geometry":{"type":"Polygon","coordinates":[[[129.082862,35.175279],[129.082768,35.175284],[129.082761,35.175207],[129.082855,35.175202],[129.082862,35.175279]]]},"properties":{}},{"type":"Feature","geometry":{"type":"Polygon","coordinates":[[[129.082637,35.174815],[129.082593,35.174793],[129.082516,35.174801],[129.082525,35.174857],[129.082453,35.174865],[129.082445,35.174816],[129.082345,35.174826],[129.08233,35.174734],[129.082541,35.174712],[129.082636,35.174583],[129.082836,35.174682],[129.082753,35.174794],[129.082781,35.174808],[129.082754,35.174844],[129.08279,35.174862],[129.082758,35.174906],[129.08262,35.174838],[129.082637,35.174815]]]},"properties":{"name":"102동","class":"apartments","subtype":"residential","height":146.0,"num_floors":49}},{"type":"Feature","geometry":{"type":"Polygon","coordinates":[[[129.08297,35.1741],[129.083292,35.174066],[129.083313,35.174196],[129.082933,35.174236],[129.082674,35.17414],[129.082743,35.174016],[129.08297,35.1741]]]},"properties":{"name":"연제도서관","class":"library","subtype":"civic"}},{"type":"Feature","geometry":{"type":"Polygon","coordinates":[[[129.082406,35.17367],[129.082563,35.173549],[129.082647,35.173622],[129.082489,35.173742],[129.082406,35.17367]]]},"properties":{}},{"type":"Feature","geometry":{"type":"Polygon","coordinates":[[[129.082541,35.173368],[129.08267,35.173443],[129.082548,35.173551],[129.082287,35.173408],[129.082179,35.173528],[129.082033,35.173452],[129.082233,35.173187],[129.082391,35.173268],[129.082541,35.173368]]]},"properties":{"name":"110동","class":"apartments","subtype":"residential","num_floors":21}},{"type":"Feature","geometry":{"type":"Polygon","coordinates":[[[129.083833,35.172517],[129.083976,35.172399],[129.084077,35.172482],[129.083934,35.172599],[129.083833,35.172517]]]},"properties":{"name":"111","class":"apartments","subtype":"residential"}},{"type":"Feature","geometry":{"type":"Polygon","coordinates":[[[129.083256,35.173381],[129.083357,35.173303],[129.083646,35.173555],[129.083545,35.173632],[129.083256,35.173381]]]},"properties":{"name":"109","class":"apartments","subtype":"residential","num_floors":21}},{"type":"Feature","geometry":{"type":"Polygon","coordinates":[[[129.084308,35.173301],[129.083952,35.173615],[129.083849,35.173537],[129.084205,35.173223],[129.084308,35.173301]]]},"properties":{"name":"108","class":"apartments","subtype":"residential","num_floors":29}},{"type":"Feature","geometry":{"type":"Polygon","coordinates":[[[129.084328,35.173746],[129.084379,35.173797],[129.084265,35.173874],[129.084214,35.173823],[129.084328,35.173746]]]},"properties":{}},{"type":"Feature","geometry":{"type":"Polygon","coordinates":[[[129.08451,35.17348],[129.084589,35.17362],[129.084492,35.173657],[129.084458,35.173597],[129.084494,35.173583],[129.084449,35.173503],[129.08451,35.17348]]]},"properties":{}},{"type":"Feature","geometry":{"type":"Polygon","coordinates":[[[129.084211,35.173128],[129.083851,35.172817],[129.083953,35.172739],[129.084313,35.173049],[129.084211,35.173128]]]},"properties":{"name":"110","class":"apartments","subtype":"residential","num_floors":27}},{"type":"Feature","geometry":{"type":"Polygon","coordinates":[[[129.086616,35.172111],[129.086639,35.172077],[129.086689,35.1721],[129.086666,35.172134],[129.086616,35.172111]]]},"properties":{}},{"type":"Feature","geometry":{"type":"Polygon","coordinates":[[[129.086736,35.17241],[129.086869,35.172452],[129.086848,35.172495],[129.086715,35.172454],[129.086736,35.17241]]]},"properties":{}},{"type":"Feature","geometry":{"type":"Polygon","coordinates":[[[129.073137,35.18699],[129.073325,35.18691],[129.073548,35.187263],[129.07336,35.187343],[129.073137,35.18699]]]},"properties":{"height":53.0,"num_floors":10}},{"type":"Feature","geometry":{"type":"Polygon","coordinates":[[[129.07404,35.186825],[129.073995,35.186745],[129.073982,35.186749],[129.074022,35.186819],[129.073679,35.186948],[129.073634,35.186869],[129.074124,35.186684],[129.074174,35.186774],[129.074101,35.186802],[129.074073,35.186751],[129.074024,35.18677],[129.074052,35.18682],[129.07404,35.186825]]]},"properties":{}},{"type":"Feature","geometry":{"type":"Polygon","coordinates":[[[129.073838,35.187259],[129.073783,35.187165],[129.074417,35.186917],[129.074472,35.187011],[129.073838,35.187259]]]},"properties":{"name":"2","class":"apartments","subtype":"residential","num_floors":12}},{"type":"Feature","geometry":{"type":"Polygon","coordinates":[[[129.074377,35.18717],[129.074232,35.187228],[129.074184,35.187149],[129.074329,35.18709],[129.074377,35.18717]]]},"properties":{}},{"type":"Feature","geometry":{"type":"Polygon","coordinates":[[[129.074738,35.187157],[129.074706,35.187109],[129.074788,35.187072],[129.074821,35.18712],[129.074738,35.187157]]]},"properties":{}},{"type":"Feature","geometry":{"type":"Polygon","coordinates":[[[129.074944,35.186927],[129.074698,35.187041],[129.074645,35.186964],[129.074891,35.18685],[129.074944,35.186927]]]},"properties":{}},{"type":"Feature","geometry":{"type":"Polygon","coordinates":[[[129.07497,35.187061],[129.075028,35.187135],[129.074937,35.187182],[129.074879,35.187108],[129.07497,35.187061]]]},"properties":{}},{"type":"Feature","geometry":{"type":"Polygon","coordinates":[[[129.075045,35.186916],[129.075081,35.186962],[129.074979,35.187015],[129.074943,35.186969],[129.075045,35.186916]]]},"properties":{}},{"type":"Feature","geometry":{"type":"Polygon","coordinates":[[[129.075131,35.186827],[129.074971,35.186909],[129.074914,35.186835],[129.075073,35.186752],[129.075131,35.186827]]]},"properties":{}},{"type":"Feature","geometry":{"type":"Polygon","coordinates":[[[129.075034,35.18703],[129.075115,35.18699],[129.07515,35.187037],[129.075196,35.187014],[129.075287,35.187137],[129.07516,35.187199],[129.075034,35.18703]]]},"properties":{}},{"type":"Feature","geometry":{"type":"Polygon","coordinates":[[[129.075166,35.186817],[129.075109,35.186743],[129.075178,35.186708],[129.075235,35.186782],[129.075166,35.186817]]]},"properties":{}},{"type":"Feature","geometry":{"type":"Polygon","coordinates":[[[129.075332,35.186883],[129.075381,35.186949],[129.075266,35.187007],[129.075217,35.186941],[129.075332,35.186883]]]},"properties":{}},{"type":"Feature","geometry":{"type":"Polygon","coordinates":[[[129.07534,35.187113],[129.075281,35.187027],[129.075387,35.186978],[129.075446,35.187065],[129.07534,35.187113]]]},"properties":{}},{"type":"Feature","geometry":{"type":"Polygon","coordinates":[[[129.0755,35.18678],[129.075419,35.186819],[129.075371,35.186752],[129.075452,35.186713],[129.0755,35.18678]]]},"properties":{}},{"type":"Feature","geometry":{"type":"Polygon","coordinates":[[[129.075462,35.186844],[129.075496,35.186826],[129.075517,35.186854],[129.075483,35.186872],[129.075462,35.186844]]]},"properties":{}},{"type":"Feature","geometry":{"type":"Polygon","coordinates":[[[129.075663,35.187042],[129.075726,35.18714],[129.075654,35.18717],[129.075592,35.187073],[129.075663,35.187042]]]},"properties":{}},{"type":"Feature","geometry":{"type":"Polygon","coordinates":[[[129.075663,35.186721],[129.075774,35.186898],[129.075702,35.186928],[129.075591,35.186752],[129.075663,35.186721]]]},"properties":{}},{"type":"Feature","geometry":{"type":"Polygon","coordinates":[[[129.075804,35.186877],[129.075754,35.186786],[129.075841,35.186755],[129.07589,35.186846],[129.075804,35.186877]]]},"properties":{}},{"type":"Feature","geometry":{"type":"Polygon","coordinates":[[[129.075714,35.187026],[129.075773,35.186999],[129.075832,35.187086],[129.075773,35.187112],[129.075714,35.187026]]]},"properties":{}},{"type":"Feature","geometry":{"type":"Polygon","coordinates":[[[129.07587,35.186932],[129.075948,35.187047],[129.075877,35.187079],[129.075799,35.186963],[129.07587,35.186932]]]},"properties":{}},{"type":"Feature","geometry":{"type":"Polygon","coordinates":[[[129.075963,35.186696],[129.076003,35.186754],[129.075932,35.186786],[129.075893,35.186728],[129.075963,35.186696]]]},"properties":{}},{"type":"Feature","geometry":{"type":"Polygon","coordinates":[[[129.075962,35.187053],[129.076029,35.187149],[129.075959,35.187182],[129.075892,35.187086],[129.075962,35.187053]]]},"properties":{}},{"type":"Feature","geometry":{"type":"Polygon","coordinates":[[[129.076018,35.18687],[129.076095,35.186974],[129.076014,35.187013],[129.075937,35.18691],[129.076018,35.18687]]]},"properties":{}},{"type":"Feature","geometry":{"type":"Polygon","coordinates":[[[129.076065,35.187136],[129.076007,35.187061],[129.076143,35.18699],[129.076201,35.187064],[129.076065,35.187136]]]},"properties":{}},{"type":"Feature","geometry":{"type":"Polygon","coordinates":[[[129.076107,35.186817],[129.076206,35.186908],[129.076146,35.186952],[129.076047,35.186861],[129.076107,35.186817]]]},"properties":{}},{"type":"Feature","geometry":{"type":"Polygon","coordinates":[[[129.076251,35.186895],[129.07614,35.186784],[129.076202,35.186743],[129.076313,35.186853],[129.076251,35.186895]]]},"properties":{}},{"type":"Feature","geometry":{"type":"Polygon","coordinates":[[[129.076318,35.187106],[129.076257,35.187068],[129.076281,35.187044],[129.076341,35.187082],[129.076318,35.187106]]]},"properties":{}},{"type":"Feature","geometry":{"type":"Polygon","coordinates":[[[129.076392,35.187081],[129.076341,35.187003],[129.076389,35.186982],[129.076439,35.18706],[129.076392,35.187081]]]},"properties":{}},{"type":"Feature","geometry":{"type":"Polygon","coordinates":[[[129.076488,35.186887],[129.076435,35.186895],[129.076425,35.186851],[129.076478,35.186843],[129.076488,35.186887]]]},"properties":{}},{"type":"Feature","geometry":{"type":"Polygon","coordinates":[[[129.076589,35.187028],[129.076628,35.187073],[129.076572,35.187105],[129.076534,35.187059],[129.076589,35.187028]]]},"properties":{}},{"type":"Feature","geometry":{"type":"Polygon","coordinates":[[[129.077004,35.187175],[129.076932,35.187057],[129.077004,35.187027],[129.077077,35.187145],[129.077004,35.187175]]]},"properties":{}},{"type":"Feature","geometry":{"type":"Polygon","coordinates":[[[129.077057,35.18702],[129.077128,35.186988],[129.077167,35.187047],[129.077096,35.187078],[129.077057,35.18702]]]},"properties":{}},{"type":"Feature","geometry":{"type":"Polygon","coordinates":[[[129.077291,35.186887],[129.077175,35.186944],[129.07712,35.186868],[129.077235,35.186811],[129.077291,35.186887]]]},"properties":{}},{"type":"Feature","geometry":{"type":"Polygon","coordinates":[[[129.077335,35.187159],[129.077112,35.187237],[129.07708,35.187176],[129.077303,35.187098],[129.077335,35.187159]]]},"properties":{}},{"type":"Feature","geometry":{"type":"Polygon","coordinates":[[[129.077286,35.187021],[129.077228,35.18705],[129.07718,35.186983],[129.077238,35.186955],[129.077286,35.187021]]]},"properties":{}},{"type":"Feature","geometry":{"type":"Polygon","coordinates":[[[129.077344,35.186769],[129.077356,35.186812],[129.077304,35.186822],[129.077292,35.186779],[129.077344,35.186769]]]},"properties":{}},{"type":"Feature","geometry":{"type":"Polygon","coordinates":[[[129.077314,35.187014],[129.077263,35.186937],[129.07731,35.186916],[129.077361,35.186993],[129.077314,35.187014]]]},"properties":{}},{"type":"Feature","geometry":{"type":"Polygon","coordinates":[[[129.077684,35.186865],[129.077621,35.186884],[129.077603,35.186843],[129.077666,35.186824],[129.077684,35.186865]]]},"properties":{}},{"type":"Feature","geometry":{"type":"Polygon","coordinates":[[[129.077809,35.18699],[129.077855,35.187069],[129.077733,35.187116],[129.077687,35.187037],[129.077809,35.18699]]]},"properties":{}},{"type":"Feature","geometry":{"type":"Polygon","coordinates":[[[129.077821,35.186746],[129.077893,35.186715],[129.077943,35.186792],[129.077872,35.186823],[129.077821,35.186746]]]},"properties":{}},{"type":"Feature","geometry":{"type":"Polygon","coordinates":[[[129.077891,35.187039],[129.077813,35.186923],[129.077907,35.186881],[129.077985,35.186997],[129.077891,35.187039]]]},"properties":{}},{"type":"Feature","geometry":{"type":"Polygon","coordinates":[[[129.078216,35.187088],[129.07812,35.187129],[129.078083,35.18707],[129.078179,35.18703],[129.078216,35.187088]]]},"properties":{}},{"type":"Feature","geometry":{"type":"Polygon","coordinates":[[[129.078173,35.186987],[129.078152,35.186946],[129.078177,35.186938],[129.078198,35.186979],[129.078173,35.186987]]]},"properties":{}},{"type":"Feature","geometry":{"type":"Polygon","coordinates":[[[129.078478,35.186782],[129.07832,35.186846],[129.078279,35.186776],[129.078436,35.186713],[129.078478,35.186782]]]},"properties":{}},{"type":"Feature","geometry":{"type":"Polygon","coordinates":[[[129.078298,35.187146],[129.078233,35.18705],[129.078327,35.187007],[129.078392,35.187104],[129.078298,35.187146]]]},"properties":{}},{"type":"Feature","geometry":{"type":"Polygon","coordinates":[[[129.078584,35.18664],[129.078723,35.186895],[129.078582,35.186946],[129.078443,35.186691],[129.078584,35.18664]]]},"properties":{"num_floors":11}},{"type":"Feature","geometry":{"type":"Polygon","coordinates":[[[129.079366,35.187099],[129.079476,35.187057],[129.079583,35.187248],[129.079472,35.187289],[129.079366,35.187099]]]},"properties":{}},{"type":"Feature","geometry":{"type":"Polygon","coordinates":[[[129.079649,35.186957],[129.079702,35.187128],[129.079611,35.187147],[129.079558,35.186976],[129.079649,35.186957]]]},"properties":{}},{"type":"Feature","geometry":{"type":"Polygon","coordinates":[[[129.079979,35.186842],[129.08009,35.18705],[129.079776,35.187162],[129.079665,35.186954],[129.079979,35.186842]]]},"properties":{"height":58.0,"num_floors":15}},{"type":"Feature","geometry":{"type":"Polygon","coordinates":[[[129.080401,35.186647],[129.080519,35.186879],[129.080263,35.186966],[129.080145,35.186734],[129.080401,35.186647]]]},"properties":{"height":51.0,"num_floors":12}},{"type":"Feature","geometry":{"type":"Polygon","coordinates":[[[129.080404,35.187097],[129.080371,35.187024],[129.080434,35.187005],[129.080467,35.187077],[129.080404,35.187097]]]},"properties":{}},{"type":"Feature","geometry":{"type":"Polygon","coordinates":[[[129.081129,35.187146],[129.081077,35.187352],[129.080739,35.187295],[129.080791,35.187089],[129.081129,35.187146]]]},"properties":{"height":51.0,"num_floors":12}},{"type":"Feature","geometry":{"type":"Polygon","coordinates":[[[129.080979,35.186869],[129.081202,35.186906],[129.081161,35.18707],[129.080938,35.187033],[129.080979,35.186869]]]},"properties":{"num_floors":12}},{"type":"Feature","geometry":{"type":"Polygon","coordinates":[[[129.081185,35.186602],[129.081273,35.186663],[129.081206,35.186888],[129.08098,35.186848],[129.081,35.186771],[129.081185,35.186602]]]},"properties":{"num_floors":17}},{"type":"Feature","geometry":{"type":"Polygon","coordinates":[[[129.08181,35.186792],[129.081752,35.18702],[129.081625,35.186998],[129.081688,35.186749],[129.081786,35.186725],[129.08181,35.186792]]]},"properties":{"num_floors":8}},{"type":"Feature","geometry":{"type":"Polygon","coordinates":[[[129.081777,35.187184],[129.081826,35.187009],[129.081919,35.187026],[129.08187,35.187201],[129.081777,35.187184]]]},"properties":{}},{"type":"Feature","geometry":{"type":"Polygon","coordinates":[[[129.082076,35.186847],[129.082008,35.186645],[129.082072,35.186631],[129.082129,35.186801],[129.082161,35.186821],[129.082104,35.186883],[129.082065,35.186859],[129.082076,35.186847]]]},"properties":{"num_floors":8}},{"type":"Feature","geometry":{"type":"Polygon","coordinates":[[[129.082063,35.18694],[129.082169,35.187016],[129.082117,35.187065],[129.082091,35.187187],[129.081906,35.18716],[129.081944,35.186981],[129.082009,35.186991],[129.082063,35.18694]]]},"properties":{"class":"apartments","subtype":"residential","height":80.0,"num_floors":24}},{"type":"Feature","geometry":{"type":"Polygon","coordinates":[[[129.082405,35.186836],[129.082307,35.186921],[129.082252,35.186879],[129.082349,35.186793],[129.082405,35.186836]]]},"properties":{}},{"type":"Feature","geometry":{"type":"Polygon","coordinates":[[[129.082467,35.187008],[129.082391,35.186946],[129.082466,35.186883],[129.082543,35.186945],[129.082467,35.187008]]]},"properties":{}},{"type":"Feature","geometry":{"type":"Polygon","coordinates":[[[129.082542,35.187159],[129.082471,35.187106],[129.082522,35.18706],[129.082593,35.187112],[129.082542,35.187159]]]},"properties":{}},{"type":"Feature","geometry":{"type":"Polygon","coordinates":[[[129.08262,35.187071],[129.082547,35.187006],[129.082597,35.186968],[129.08267,35.187033],[129.08262,35.187071]]]},"properties":{}},{"type":"Feature","geometry":{"type":"Polygon","coordinates":[[[129.082789,35.187119],[129.082721,35.187172],[129.082656,35.187116],[129.082724,35.187063],[129.082789,35.187119]]]},"properties":{}},{"type":"Feature","geometry":{"type":"Polygon","coordinates":[[[129.083195,35.186738],[129.083238,35.186807],[129.08319,35.186827],[129.083147,35.186758],[129.083195,35.186738]]]},"properties":{}},{"type":"Feature","geometry":{"type":"Polygon","coordinates":[[[129.083123,35.186981],[129.083417,35.186798],[129.083466,35.186857],[129.083523,35.186825],[129.08357,35.18688],[129.083506,35.186916],[129.083247,35.187074],[129.083123,35.186981]]]},"properties":{"name":"아르반시티호텔","num_floors":11}},{"type":"Feature","geometry":{"type":"Polygon","coordinates":[[[129.083344,35.187187],[129.083298,35.187132],[129.083388,35.187083],[129.083433,35.187138],[129.083344,35.187187]]]},"properties":{}},{"type":"Feature","geometry":{"type":"Polygon","coordinates":[[[129.083572,35.187296],[129.083506,35.187226],[129.083858,35.187004],[129.083924,35.187074],[129.083572,35.187296]]]},"properties":{}},{"type":"Feature","geometry":{"type":"Polygon","coordinates":[[[129.08403,35.186987],[129.083915,35.186852],[129.084258,35.186657],[129.084373,35.186793],[129.08403,35.186987]]]},"properties":{}},{"type":"Feature","geometry":{"type":"Polygon","coordinates":[[[129.084558,35.186813],[129.084632,35.186769],[129.084924,35.187111],[129.084572,35.187321],[129.084618,35.187383],[129.084461,35.18747],[129.084248,35.187239],[129.084209,35.187242],[129.08414,35.187223],[129.084103,35.187191],[129.084086,35.187158],[129.084084,35.187126],[129.084146,35.187084],[129.084114,35.187056],[129.08454,35.186795],[129.084558,35.186813]]]},"properties":{"name":"연산쌍용주상복합","class":"apartments","subtype":"residential","height":91.0,"num_floors":29}},{"type":"Feature","geometry":{"type":"Polygon","coordinates":[[[129.085053,35.186833],[129.085,35.186836],[129.084996,35.186792],[129.08505,35.186789],[129.085053,35.186833]]]},"properties":{}},{"type":"Feature","geometry":{"type":"Polygon","coordinates":[[[129.08515,35.186986],[129.084988,35.186994],[129.084981,35.186907],[129.085264,35.186892],[129.085278,35.187078],[129.085157,35.187085],[129.08515,35.186986]]]},"properties":{}},{"type":"Feature","geometry":{"type":"Polygon","coordinates":[[[129.085164,35.186835],[129.085141,35.18666],[129.085248,35.186651],[129.085271,35.186826],[129.085164,35.186835]]]},"properties":{}},{"type":"Feature","geometry":{"type":"Polygon","coordinates":[[[129.085438,35.186858],[129.08533,35.18686],[129.085328,35.186794],[129.085436,35.186792],[129.085438,35.186858]]]},"properties":{}},{"type":"Feature","geometry":{"type":"Polygon","coordinates":[[[129.085551,35.18701],[129.085475,35.187005],[129.085489,35.18685],[129.085565,35.186854],[129.085551,35.18701]]]},"properties":{}},{"type":"Feature","geometry":{"type":"Polygon","coordinates":[[[129.085749,35.186818],[129.085857,35.186818],[129.085857,35.18695],[129.085749,35.186951],[129.085749,35.186818]]]},"properties":{}},{"type":"Feature","geometry":{"type":"Polygon","coordinates":[[[129.085991,35.186654],[129.086086,35.186654],[129.086086,35.18681],[129.085991,35.18681],[129.085991,35.186654]]]},"properties":{}},{"type":"Feature","geometry":{"type":"Polygon","coordinates":[[[129.086082,35.186956],[129.085987,35.186954],[129.08599,35.186876],[129.086085,35.186878],[129.086082,35.186956]]]},"properties":{}},{"type":"Feature","geometry":{"type":"Polygon","coordinates":[[[129.086073,35.187055],[129.085996,35.187058],[129.085992,35.18698],[129.086068,35.186978],[129.086073,35.187055]]]},"properties":{}},{"type":"Feature","geometry":{"type":"Polygon","coordinates":[[[129.086114,35.186774],[129.086209,35.186773],[129.086209,35.18685],[129.086115,35.18685],[129.086114,35.186774]]]},"properties":{}},{"type":"Feature","geometry":{"type":"Polygon","coordinates":[[[129.086141,35.186904],[129.086384,35.186895],[129.086392,35.187049],[129.08615,35.187058],[129.086141,35.186904]]]},"properties":{}},{"type":"Feature","geometry":{"type":"Polygon","coordinates":[[[129.08625,35.186842],[129.086248,35.186776],[129.086355,35.186774],[129.086357,35.18684],[129.08625,35.186842]]]},"properties":{}},{"type":"Feature","geometry":{"type":"Polygon","coordinates":[[[129.086432,35.186826],[129.086431,35.186771],[129.086525,35.18677],[129.086526,35.186825],[129.086432,35.186826]]]},"properties":{}},{"type":"Feature","geometry":{"type":"Polygon","coordinates":[[[129.086412,35.187035],[129.086409,35.186892],[129.086557,35.18689],[129.08656,35.187033],[129.086412,35.187035]]]},"properties":{}},{"type":"Feature","geometry":{"type":"Polygon","coordinates":[[[129.086563,35.186833],[129.086563,35.186755],[129.086677,35.186754],[129.086678,35.186832],[129.086563,35.186833]]]},"properties":{}},{"type":"Feature","geometry":{"type":"Polygon","coordinates":[[[129.086619,35.18704],[129.086597,35.186876],[129.086691,35.186867],[129.086713,35.187032],[129.086619,35.18704]]]},"properties":{}},{"type":"Feature","geometry":{"type":"Polygon","coordinates":[[[129.08687,35.187034],[129.086736,35.187039],[129.086728,35.186907],[129.086862,35.186902],[129.08687,35.187034]]]},"properties":{}},{"type":"Feature","geometry":{"type":"Polygon","coordinates":[[[129.086722,35.186824],[129.086721,35.186757],[129.086829,35.186757],[129.086829,35.186823],[129.086722,35.186824]]]},"properties":{}},{"type":"Feature","geometry":{"type":"Polygon","coordinates":[[[129.086902,35.186786],[129.0869,35.186739],[129.086938,35.186738],[129.08694,35.186784],[129.086902,35.186786]]]},"properties":{}},{"type":"Feature","geometry":{"type":"Polygon","coordinates":[[[129.086919,35.18685],[129.087014,35.186848],[129.08702,35.187019],[129.086925,35.187021],[129.086919,35.18685]]]},"properties":{}},{"type":"Feature","geometry":{"type":"Polygon","coordinates":[[[129.087006,35.187175],[129.086911,35.187177],[129.086908,35.187099],[129.087004,35.187097],[129.087006,35.187175]]]},"properties":{}},{"type":"Feature","geometry":{"type":"Polygon","coordinates":[[[129.087054,35.187032],[129.087056,35.18697],[129.087209,35.186973],[129.087207,35.187035],[129.087054,35.187032]]]},"properties":{}},{"type":"Feature","geometry":{"type":"Polygon","coordinates":[[[129.087063,35.186844],[129.087177,35.186843],[129.087179,35.186921],[129.087064,35.186922],[129.087063,35.186844]]]},"properties":{}},{"type":"Feature","geometry":{"type":"Polygon","coordinates":[[[129.087174,35.186728],[129.08719,35.186781],[129.087125,35.186794],[129.087108,35.186741],[129.087174,35.186728]]]},"properties":{}},{"type":"Feature","geometry":{"type":"Polygon","coordinates":[[[129.087084,35.187092],[129.087199,35.187092],[129.087199,35.18717],[129.087085,35.18717],[129.087084,35.187092]]]},"properties":{}},{"type":"Feature","geometry":{"type":"Polygon","coordinates":[[[129.087648,35.187041],[129.087432,35.187042],[129.087431,35.186866],[129.087647,35.186865],[129.087648,35.187041]]]},"properties":{}},{"type":"Feature","geometry":{"type":"Polygon","coordinates":[[[129.087716,35.186758],[129.087752,35.186769],[129.087735,35.186805],[129.0877,35.186794],[129.087716,35.186758]]]},"properties":{}},{"type":"Feature","geometry":{"type":"Polygon","coordinates":[[[129.087758,35.18685],[129.087759,35.186905],[129.087692,35.186906],[129.087691,35.186851],[129.087758,35.18685]]]},"properties":{}},{"type":"Feature","geometry":{"type":"Polygon","coordinates":[[[129.087912,35.187006],[129.087682,35.187009],[129.087681,35.186943],[129.08791,35.18694],[129.087912,35.187006]]]},"properties":{}},{"type":"Feature","geometry":{"type":"Polygon","coordinates":[[[129.087808,35.186842],[129.087884,35.18685],[129.087876,35.186897],[129.087801,35.186889],[129.087808,35.186842]]]},"properties":{}},{"type":"Feature","geometry":{"type":"Polygon","coordinates":[[[129.087935,35.186931],[129.08803,35.186929],[129.088032,35.187007],[129.087937,35.187009],[129.087935,35.186931]]]},"properties":{}},{"type":"Feature","geometry":{"type":"Polygon","coordinates":[[[129.088094,35.186906],[129.088246,35.186912],[129.088242,35.186974],[129.088089,35.186968],[129.088094,35.186906]]]},"properties":{}}]}