{"type":"FeatureCollection","features":[{"type":"Feature","geometry":{"type":"Polygon","coordinates":[[[103.823736,1.356944],[103.823671,1.356917],[103.823753,1.356714],[103.823804,1.356683],[103.823838,1.356663],[103.823876,1.35675],[103.823816,1.356772],[103.823736,1.356944]]]},"properties":{}},{"type":"Feature","geometry":{"type":"Polygon","coordinates":[[[103.824099,1.356758],[103.824111,1.356732],[103.824172,1.35676],[103.82416,1.356786],[103.824099,1.356758]]]},"properties":{}},{"type":"Feature","geometry":{"type":"Polygon","coordinates":[[[103.823999,1.356793],[103.824019,1.356745],[103.824129,1.35679],[103.824016,1.357066],[103.823905,1.357021],[103.823934,1.356952],[103.823896,1.356936],[103.823937,1.356838],[103.823947,1.356842],[103.823971,1.356782],[103.823999,1.356793]]]},"properties":{}},{"type":"Feature","geometry":{"type":"Polygon","coordinates":[[[103.823908,1.357114],[103.823932,1.357074],[103.824039,1.357137],[103.823955,1.357279],[103.823906,1.35725],[103.823895,1.357269],[103.823842,1.357238],[103.823873,1.357186],[103.823839,1.357166],[103.82388,1.357097],[103.823908,1.357114]]]},"properties":{}},{"type":"Feature","geometry":{"type":"Polygon","coordinates":[[[103.824062,1.357548],[103.823942,1.357488],[103.823987,1.357399],[103.824056,1.357434],[103.824125,1.357296],[103.824228,1.357348],[103.824149,1.357506],[103.824096,1.35748],[103.824062,1.357548]]]},"properties":{}},{"type":"Feature","geometry":{"type":"Polygon","coordinates":[[[103.82447,1.357161],[103.824424,1.357267],[103.824374,1.357245],[103.82442,1.357139],[103.82447,1.357161]]]},"properties":{}},{"type":"Feature","geometry":{"type":"Polygon","coordinates":[[[103.824199,1.357185],[103.824112,1.357128],[103.824152,1.357067],[103.824199,1.357098],[103.824241,1.357033],[103.82425,1.357039],[103.824318,1.356933],[103.824405,1.356989],[103.824368,1.357045],[103.824348,1.357032],[103.824279,1.357139],[103.824243,1.357116],[103.824199,1.357185]]]},"properties":{}},{"type":"Feature","geometry":{"type":"Polygon","coordinates":[[[103.824916,1.356874],[103.824809,1.356828],[103.82485,1.356735],[103.824866,1.356742],[103.824912,1.356635],[103.825022,1.356682],[103.82498,1.356779],[103.82496,1.356771],[103.824916,1.356874]]]},"properties":{}},{"type":"Feature","geometry":{"type":"Polygon","coordinates":[[[103.824663,1.357345],[103.824765,1.357147],[103.82484,1.357186],[103.824738,1.357384],[103.824663,1.357345]]]},"properties":{}},{"type":"Feature","geometry":{"type":"Polygon","coordinates":[[[103.82462,1.357311],[103.824675,1.357191],[103.824721,1.357212],[103.824667,1.357332],[103.82462,1.357311]]]},"properties":{}},{"type":"Feature","geometry":{"type":"Polygon","coordinates":[[[103.824499,1.357598],[103.824541,1.357573],[103.824594,1.357664],[103.824552,1.357689],[103.824499,1.357598]]]},"properties":{}},{"type":"Feature","geometry":{"type":"Polygon","coordinates":[[[103.824511,1.357765],[103.824526,1.357799],[103.824483,1.357818],[103.824468,1.357784],[103.824511,1.357765]]]},"properties":{}},{"type":"Feature","geometry":{"type":"Polygon","coordinates":[[[103.824509,1.357616],[103.824552,1.357689],[103.824517,1.35771],[103.824473,1.357637],[103.824509,1.357616]]]},"properties":{}},{"type":"Feature","geometry":{"type":"Polygon","coordinates":[[[103.824594,1.357664],[103.82465,1.357759],[103.824572,1.357805],[103.824517,1.35771],[103.824594,1.357664]]]},"properties":{}},{"type":"Feature","geometry":{"type":"Polygon","coordinates":[[[103.82465,1.357759],[103.824679,1.357809],[103.824637,1.357834],[103.824608,1.357784],[103.82465,1.357759]]]},"properties":{}},{"type":"Feature","geometry":{"type":"Polygon","coordinates":[[[103.824718,1.357878],[103.824551,1.357556],[103.824733,1.357461],[103.824787,1.357564],[103.824692,1.357614],[103.824806,1.357833],[103.824718,1.357878]]]},"properties":{}},{"type":"Feature","geometry":{"type":"Polygon","coordinates":[[[103.82497,1.357802],[103.824989,1.35784],[103.824943,1.357864],[103.824924,1.357826],[103.82497,1.357802]]]},"properties":{}},{"type":"Feature","geometry":{"type":"Polygon","coordinates":[[[103.824748,1.357708],[103.824748,1.357696],[103.824752,1.357685],[103.82476,1.357676],[103.824771,1.357671],[103.824782,1.357671],[103.824793,1.357675],[103.824802,1.357683],[103.824807,1.357694],[103.824807,1.357705],[103.824803,1.357716],[103.824795,1.357725],[103.824784,1.35773],[103.824773,1.35773],[103.824762,1.357726],[103.824753,1.357718],[103.824748,1.357708]]]},"properties":{}},{"type":"Feature","geometry":{"type":"Polygon","coordinates":[[[103.824965,1.358084],[103.824874,1.357901],[103.824924,1.357876],[103.825015,1.358059],[103.824965,1.358084]]]},"properties":{}},{"type":"Feature","geometry":{"type":"Polygon","coordinates":[[[103.824915,1.358109],[103.824823,1.357926],[103.824874,1.357901],[103.824965,1.358084],[103.824915,1.358109]]]},"properties":{}},{"type":"Feature","geometry":{"type":"Polygon","coordinates":[[[103.824864,1.358134],[103.824773,1.357951],[103.824823,1.357926],[103.824915,1.358109],[103.824864,1.358134]]]},"properties":{}},{"type":"Feature","geometry":{"type":"Polygon","coordinates":[[[103.824814,1.358159],[103.824723,1.357976],[103.824773,1.357951],[103.824864,1.358134],[103.824814,1.358159]]]},"properties":{}},{"type":"Feature","geometry":{"type":"Polygon","coordinates":[[[103.824638,1.35802],[103.824689,1.357997],[103.824779,1.358189],[103.824729,1.358213],[103.824638,1.35802]]]},"properties":{}},{"type":"Feature","geometry":{"type":"Polygon","coordinates":[[[103.824588,1.358044],[103.824638,1.35802],[103.824729,1.358213],[103.824679,1.358236],[103.824588,1.358044]]]},"properties":{}},{"type":"Feature","geometry":{"type":"Polygon","coordinates":[[[103.824538,1.358067],[103.824588,1.358044],[103.824679,1.358236],[103.824628,1.35826],[103.824538,1.358067]]]},"properties":{}},{"type":"Feature","geometry":{"type":"Polygon","coordinates":[[[103.824664,1.357937],[103.824705,1.35792],[103.824726,1.357973],[103.824686,1.35799],[103.824664,1.357937]]]},"properties":{}},{"type":"Feature","geometry":{"type":"Polygon","coordinates":[[[103.824648,1.357943],[103.824523,1.358018],[103.824501,1.357981],[103.824626,1.357906],[103.824648,1.357943]]]},"properties":{}},{"type":"Feature","geometry":{"type":"Polygon","coordinates":[[[103.824487,1.358091],[103.824538,1.358067],[103.824628,1.35826],[103.824578,1.358284],[103.824487,1.358091]]]},"properties":{}},{"type":"Feature","geometry":{"type":"Polygon","coordinates":[[[103.824437,1.358115],[103.824487,1.358091],[103.824578,1.358284],[103.824528,1.358307],[103.824437,1.358115]]]},"properties":{}},{"type":"Feature","geometry":{"type":"Polygon","coordinates":[[[103.824208,1.358123],[103.82417,1.358038],[103.824237,1.358008],[103.824275,1.358094],[103.824208,1.358123]]]},"properties":{}},{"type":"Feature","geometry":{"type":"Polygon","coordinates":[[[103.82441,1.357784],[103.824322,1.357617],[103.824381,1.357586],[103.824408,1.357639],[103.824453,1.357616],[103.824498,1.357701],[103.824477,1.357712],[103.824504,1.357764],[103.824462,1.357786],[103.82445,1.357763],[103.82441,1.357784]]]},"properties":{}},{"type":"Feature","geometry":{"type":"Polygon","coordinates":[[[103.824154,1.357945],[103.824091,1.357773],[103.824274,1.357705],[103.824338,1.357876],[103.824154,1.357945]]]},"properties":{}},{"type":"Feature","geometry":{"type":"Polygon","coordinates":[[[103.824286,1.358186],[103.824336,1.358162],[103.824427,1.358355],[103.824376,1.358378],[103.824286,1.358186]]]},"properties":{}},{"type":"Feature","geometry":{"type":"Polygon","coordinates":[[[103.824336,1.358162],[103.824387,1.358138],[103.824477,1.358331],[103.824427,1.358355],[103.824336,1.358162]]]},"properties":{}},{"type":"Feature","geometry":{"type":"Polygon","coordinates":[[[103.824387,1.358138],[103.824437,1.358115],[103.824528,1.358307],[103.824477,1.358331],[103.824387,1.358138]]]},"properties":{}},{"type":"Feature","geometry":{"type":"Polygon","coordinates":[[[103.824623,1.358452],[103.824658,1.358354],[103.825286,1.358575],[103.825206,1.358799],[103.824478,1.358542],[103.824522,1.358416],[103.824623,1.358452]]]},"properties":{}},{"type":"Feature","geometry":{"type":"Polygon","coordinates":[[[103.825137,1.358263],[103.825194,1.35826],[103.825196,1.358296],[103.825139,1.358299],[103.825137,1.358263]]]},"properties":{}},{"type":"Feature","geometry":{"type":"Polygon","coordinates":[[[103.825293,1.358255],[103.825295,1.35829],[103.825196,1.358296],[103.825194,1.35826],[103.825293,1.358255]]]},"properties":{}},{"type":"Feature","geometry":{"type":"Polygon","coordinates":[[[103.825234,1.358326],[103.825244,1.358369],[103.825203,1.358379],[103.825193,1.358335],[103.825234,1.358326]]]},"properties":{}},{"type":"Feature","geometry":{"type":"Polygon","coordinates":[[[103.82571,1.35861],[103.825726,1.358557],[103.825946,1.35862],[103.825931,1.358673],[103.82571,1.35861]]]},"properties":{}},{"type":"Feature","geometry":{"type":"Polygon","coordinates":[[[103.825695,1.358663],[103.82571,1.35861],[103.825931,1.358673],[103.825916,1.358726],[103.825695,1.358663]]]},"properties":{}},{"type":"Feature","geometry":{"type":"Polygon","coordinates":[[[103.82568,1.358716],[103.825695,1.358663],[103.825916,1.358726],[103.825901,1.35878],[103.82568,1.358716]]]},"properties":{}},{"type":"Feature","geometry":{"type":"Polygon","coordinates":[[[103.825665,1.358769],[103.82568,1.358716],[103.825901,1.35878],[103.825885,1.358833],[103.825665,1.358769]]]},"properties":{}},{"type":"Feature","geometry":{"type":"Polygon","coordinates":[[[103.82565,1.358823],[103.825665,1.358769],[103.825885,1.358833],[103.82587,1.358886],[103.82565,1.358823]]]},"properties":{}},{"type":"Feature","geometry":{"type":"Polygon","coordinates":[[[103.825572,1.358861],[103.825409,1.358819],[103.825424,1.358762],[103.825587,1.358804],[103.825572,1.358861]]]},"properties":{}},{"type":"Feature","geometry":{"type":"Polygon","coordinates":[[[103.825587,1.358804],[103.825424,1.358762],[103.825438,1.358705],[103.825602,1.358747],[103.825587,1.358804]]]},"properties":{}},{"type":"Feature","geometry":{"type":"Polygon","coordinates":[[[103.825602,1.358747],[103.825438,1.358705],[103.825453,1.358648],[103.825616,1.35869],[103.825602,1.358747]]]},"properties":{}},{"type":"Feature","geometry":{"type":"Polygon","coordinates":[[[103.825616,1.35869],[103.825453,1.358648],[103.825468,1.358591],[103.825631,1.358633],[103.825616,1.35869]]]},"properties":{}},{"type":"Feature","geometry":{"type":"Polygon","coordinates":[[[103.825645,1.358576],[103.825482,1.358534],[103.825497,1.358477],[103.82566,1.358519],[103.825645,1.358576]]]},"properties":{}},{"type":"Feature","geometry":{"type":"Polygon","coordinates":[[[103.825631,1.358633],[103.825468,1.358591],[103.825482,1.358534],[103.825645,1.358576],[103.825631,1.358633]]]},"properties":{}},{"type":"Feature","geometry":{"type":"Polygon","coordinates":[[[103.825473,1.35845],[103.82549,1.358392],[103.825686,1.358449],[103.825669,1.358507],[103.825473,1.35845]]]},"properties":{}},{"type":"Feature","geometry":{"type":"Polygon","coordinates":[[[103.82549,1.358392],[103.825507,1.358334],[103.825703,1.358392],[103.825686,1.358449],[103.82549,1.358392]]]},"properties":{}},{"type":"Feature","geometry":{"type":"Polygon","coordinates":[[[103.825524,1.358276],[103.825541,1.358218],[103.825737,1.358276],[103.82572,1.358334],[103.825524,1.358276]]]},"properties":{}},{"type":"Feature","geometry":{"type":"Polygon","coordinates":[[[103.825507,1.358334],[103.825524,1.358276],[103.82572,1.358334],[103.825703,1.358392],[103.825507,1.358334]]]},"properties":{}},{"type":"Feature","geometry":{"type":"Polygon","coordinates":[[[103.825726,1.358557],[103.825741,1.358504],[103.825962,1.358567],[103.825946,1.35862],[103.825726,1.358557]]]},"properties":{}},{"type":"Feature","geometry":{"type":"Polygon","coordinates":[[[103.825741,1.358504],[103.825756,1.358451],[103.825977,1.358514],[103.825962,1.358567],[103.825741,1.358504]]]},"properties":{}},{"type":"Feature","geometry":{"type":"Polygon","coordinates":[[[103.825756,1.358451],[103.825771,1.358398],[103.825992,1.358461],[103.825977,1.358514],[103.825756,1.358451]]]},"properties":{}},{"type":"Feature","geometry":{"type":"Polygon","coordinates":[[[103.825771,1.358398],[103.825786,1.358345],[103.826007,1.358408],[103.825992,1.358461],[103.825771,1.358398]]]},"properties":{}},{"type":"Feature","geometry":{"type":"Polygon","coordinates":[[[103.825786,1.358345],[103.825802,1.358292],[103.826022,1.358355],[103.826007,1.358408],[103.825786,1.358345]]]},"properties":{}},{"type":"Feature","geometry":{"type":"Polygon","coordinates":[[[103.825802,1.358292],[103.825817,1.358239],[103.826037,1.358302],[103.826022,1.358355],[103.825802,1.358292]]]},"properties":{}},{"type":"Feature","geometry":{"type":"Polygon","coordinates":[[[103.825817,1.358239],[103.825832,1.358186],[103.826053,1.358249],[103.826037,1.358302],[103.825817,1.358239]]]},"properties":{}},{"type":"Feature","geometry":{"type":"Polygon","coordinates":[[[103.825942,1.358049],[103.825988,1.358061],[103.825981,1.35809],[103.825935,1.358078],[103.825942,1.358049]]]},"properties":{}},{"type":"Feature","geometry":{"type":"Polygon","coordinates":[[[103.825757,1.357749],[103.825811,1.357765],[103.825745,1.357983],[103.825692,1.357967],[103.825757,1.357749]]]},"properties":{"class":"terrace","subtype":"residential","num_floors":2}},{"type":"Feature","geometry":{"type":"Polygon","coordinates":[[[103.825811,1.357765],[103.825864,1.357781],[103.825798,1.357999],[103.825745,1.357983],[103.825811,1.357765]]]},"properties":{"class":"terrace","subtype":"residential","num_floors":2}},{"type":"Feature","geometry":{"type":"Polygon","coordinates":[[[103.825864,1.357781],[103.825917,1.357797],[103.825851,1.358015],[103.825798,1.357999],[103.825864,1.357781]]]},"properties":{"class":"terrace","subtype":"residential","num_floors":2}},{"type":"Feature","geometry":{"type":"Polygon","coordinates":[[[103.825917,1.357797],[103.82597,1.357813],[103.825904,1.358031],[103.825851,1.358015],[103.825917,1.357797]]]},"properties":{"class":"terrace","subtype":"residential","num_floors":2}},{"type":"Feature","geometry":{"type":"Polygon","coordinates":[[[103.82597,1.357813],[103.826023,1.357829],[103.825958,1.358047],[103.825904,1.358031],[103.82597,1.357813]]]},"properties":{"class":"terrace","subtype":"residential","num_floors":2}},{"type":"Feature","geometry":{"type":"Polygon","coordinates":[[[103.825703,1.357633],[103.825755,1.35746],[103.825778,1.357467],[103.825834,1.357484],[103.82589,1.357501],[103.825939,1.357516],[103.825991,1.357532],[103.826051,1.35755],[103.826077,1.357558],[103.826067,1.357592],[103.826084,1.357597],[103.826133,1.357612],[103.826165,1.357621],[103.826103,1.357827],[103.825737,1.357716],[103.825757,1.357649],[103.825703,1.357633]]]},"properties":{"class":"terrace","subtype":"residential","num_floors":2}},{"type":"Feature","geometry":{"type":"Polygon","coordinates":[[[103.825842,1.357446],[103.825885,1.357452],[103.825882,1.357474],[103.825839,1.357467],[103.825842,1.357446]]]},"properties":{}},{"type":"Feature","geometry":{"type":"Polygon","coordinates":[[[103.825704,1.357733],[103.825757,1.357749],[103.825692,1.357967],[103.825639,1.357951],[103.825704,1.357733]]]},"properties":{"class":"terrace","subtype":"residential","num_floors":2}},{"type":"Feature","geometry":{"type":"Polygon","coordinates":[[[103.825623,1.357952],[103.825703,1.357972],[103.825692,1.358017],[103.82567,1.358012],[103.825677,1.357983],[103.825619,1.357969],[103.825623,1.357952]]]},"properties":{}},{"type":"Feature","geometry":{"type":"Polygon","coordinates":[[[103.825541,1.358218],[103.825558,1.35816],[103.825754,1.358218],[103.825737,1.358276],[103.825541,1.358218]]]},"properties":{}},{"type":"Feature","geometry":{"type":"Polygon","coordinates":[[[103.825558,1.35816],[103.825575,1.358102],[103.825771,1.35816],[103.825754,1.358218],[103.825558,1.35816]]]},"properties":{}},{"type":"Feature","geometry":{"type":"Polygon","coordinates":[[[103.825015,1.358059],[103.824924,1.357876],[103.824974,1.357851],[103.825066,1.358034],[103.825015,1.358059]]]},"properties":{}},{"type":"Feature","geometry":{"type":"Polygon","coordinates":[[[103.825066,1.358034],[103.824974,1.357851],[103.825025,1.357826],[103.825116,1.358009],[103.825066,1.358034]]]},"properties":{}},{"type":"Feature","geometry":{"type":"Polygon","coordinates":[[[103.825166,1.357984],[103.825075,1.3578],[103.825125,1.357776],[103.825217,1.357959],[103.825166,1.357984]]]},"properties":{}},{"type":"Feature","geometry":{"type":"Polygon","coordinates":[[[103.825116,1.358009],[103.825025,1.357826],[103.825075,1.3578],[103.825166,1.357984],[103.825116,1.358009]]]},"properties":{}},{"type":"Feature","geometry":{"type":"Polygon","coordinates":[[[103.825217,1.357959],[103.825125,1.357776],[103.825176,1.35775],[103.825267,1.357933],[103.825217,1.357959]]]},"properties":{}},{"type":"Feature","geometry":{"type":"Polygon","coordinates":[[[103.825091,1.357661],[103.825103,1.35735],[103.825134,1.357351],[103.825136,1.35729],[103.825229,1.357293],[103.825226,1.357355],[103.825243,1.357355],[103.825231,1.357666],[103.825091,1.357661]]]},"properties":{}},{"type":"Feature","geometry":{"type":"Polygon","coordinates":[[[103.825473,1.357951],[103.825276,1.357894],[103.825416,1.357411],[103.825612,1.357468],[103.825599,1.357513],[103.825579,1.357585],[103.825547,1.357695],[103.825515,1.357804],[103.825486,1.357904],[103.825473,1.357951]]]},"properties":{"class":"terrace","subtype":"residential","num_floors":2}},{"type":"Feature","geometry":{"type":"Polygon","coordinates":[[[103.825673,1.357276],[103.825291,1.357098],[103.825317,1.357043],[103.825366,1.357066],[103.825384,1.357027],[103.825393,1.357031],[103.825452,1.356904],[103.825618,1.356981],[103.8256,1.35702],[103.825628,1.357033],[103.82562,1.357049],[103.825709,1.357091],[103.82567,1.357174],[103.825712,1.357194],[103.825673,1.357276]]]},"properties":{"num_floors":3}},{"type":"Feature","geometry":{"type":"Polygon","coordinates":[[[103.825553,1.357361],[103.825615,1.357383],[103.825595,1.35744],[103.825533,1.357418],[103.825553,1.357361]]]},"properties":{}},{"type":"Feature","geometry":{"type":"Polygon","coordinates":[[[103.825725,1.35726],[103.825762,1.357147],[103.82586,1.357179],[103.825823,1.357292],[103.825725,1.35726]]]},"properties":{"num_floors":2}},{"type":"Feature","geometry":{"type":"Polygon","coordinates":[[[103.825873,1.357306],[103.825908,1.357193],[103.826023,1.357229],[103.825988,1.357341],[103.825958,1.357332],[103.825949,1.35736],[103.825908,1.357347],[103.825917,1.357319],[103.825873,1.357306]]]},"properties":{"num_floors":2}},{"type":"Feature","geometry":{"type":"Polygon","coordinates":[[[103.825821,1.356981],[103.825841,1.35691],[103.825885,1.356923],[103.825875,1.356956],[103.825895,1.356962],[103.825888,1.356985],[103.825958,1.357005],[103.825964,1.356982],[103.826042,1.357005],[103.826013,1.357106],[103.826002,1.357102],[103.825985,1.35716],[103.825877,1.357129],[103.825899,1.357052],[103.825834,1.357033],[103.825847,1.356989],[103.825821,1.356981]]]},"properties":{}},{"type":"Feature","geometry":{"type":"Polygon","coordinates":[[[103.825954,1.356819],[103.825975,1.35676],[103.826101,1.356805],[103.826045,1.356962],[103.825852,1.356893],[103.825869,1.356844],[103.825891,1.356851],[103.825908,1.356803],[103.825954,1.356819]]]},"properties":{}},{"type":"Feature","geometry":{"type":"Polygon","coordinates":[[[103.825964,1.356674],[103.82594,1.356669],[103.825957,1.356584],[103.82598,1.356588],[103.825964,1.356674]]]},"properties":{}},{"type":"Feature","geometry":{"type":"Polygon","coordinates":[[[103.825878,1.356314],[103.825937,1.356327],[103.825925,1.356383],[103.825866,1.35637],[103.825878,1.356314]]]},"properties":{}},{"type":"Feature","geometry":{"type":"Polygon","coordinates":[[[103.82579,1.356527],[103.825812,1.356474],[103.82594,1.356526],[103.825918,1.356579],[103.82579,1.356527]]]},"properties":{}},{"type":"Feature","geometry":{"type":"Polygon","coordinates":[[[103.825379,1.356648],[103.825443,1.356463],[103.825525,1.356396],[103.825602,1.356487],[103.825561,1.35653],[103.825506,1.356695],[103.825516,1.356749],[103.8254,1.35677],[103.825379,1.356648]]]},"properties":{}},{"type":"Feature","geometry":{"type":"Polygon","coordinates":[[[103.825544,1.356365],[103.825585,1.356408],[103.825561,1.35643],[103.82552,1.356388],[103.825544,1.356365]]]},"properties":{}},{"type":"Feature","geometry":{"type":"Polygon","coordinates":[[[103.825592,1.35643],[103.825607,1.356391],[103.825759,1.356448],[103.825744,1.356487],[103.825592,1.35643]]]},"properties":{}},{"type":"Feature","geometry":{"type":"Polygon","coordinates":[[[103.825654,1.356221],[103.825675,1.356137],[103.825801,1.356168],[103.825776,1.35627],[103.825785,1.356273],[103.825754,1.356403],[103.825672,1.356383],[103.825698,1.356276],[103.825717,1.356281],[103.825727,1.356239],[103.825654,1.356221]]]},"properties":{}},{"type":"Feature","geometry":{"type":"Polygon","coordinates":[[[103.825627,1.356073],[103.825679,1.356083],[103.825653,1.356212],[103.825601,1.356201],[103.825627,1.356073]]]},"properties":{}},{"type":"Feature","geometry":{"type":"Polygon","coordinates":[[[103.825452,1.356276],[103.825474,1.356212],[103.825598,1.356253],[103.825577,1.356318],[103.825452,1.356276]]]},"properties":{}},{"type":"Feature","geometry":{"type":"Polygon","coordinates":[[[103.825506,1.35617],[103.825528,1.356098],[103.825616,1.356124],[103.825594,1.356196],[103.825506,1.35617]]]},"properties":{}},{"type":"Feature","geometry":{"type":"Polygon","coordinates":[[[103.825696,1.356089],[103.825737,1.356094],[103.825733,1.356125],[103.825692,1.356119],[103.825696,1.356089]]]},"properties":{}},{"type":"Feature","geometry":{"type":"Polygon","coordinates":[[[103.825551,1.355869],[103.825587,1.355683],[103.825809,1.355726],[103.825773,1.355912],[103.825551,1.355869]]]},"properties":{}},{"type":"Feature","geometry":{"type":"Polygon","coordinates":[[[103.825202,1.355804],[103.82526,1.355811],[103.825254,1.355865],[103.825196,1.355858],[103.825202,1.355804]]]},"properties":{}},{"type":"Feature","geometry":{"type":"Polygon","coordinates":[[[103.825273,1.355781],[103.825281,1.355687],[103.825404,1.355697],[103.825397,1.355791],[103.825273,1.355781]]]},"properties":{}},{"type":"Feature","geometry":{"type":"Polygon","coordinates":[[[103.825356,1.355588],[103.825389,1.35559],[103.825385,1.355635],[103.825353,1.355633],[103.825356,1.355588]]]},"properties":{}},{"type":"Feature","geometry":{"type":"Polygon","coordinates":[[[103.825163,1.355741],[103.825166,1.355694],[103.825211,1.355697],[103.825208,1.355744],[103.825163,1.355741]]]},"properties":{}},{"type":"Feature","geometry":{"type":"Polygon","coordinates":[[[103.825028,1.355694],[103.825039,1.355631],[103.825142,1.355648],[103.825132,1.355711],[103.825028,1.355694]]]},"properties":{}},{"type":"Feature","geometry":{"type":"Polygon","coordinates":[[[103.825408,1.356395],[103.825435,1.356323],[103.825525,1.356356],[103.825483,1.356419],[103.825408,1.356395]]]},"properties":{}},{"type":"Feature","geometry":{"type":"Polygon","coordinates":[[[103.825041,1.356431],[103.825036,1.356201],[103.825179,1.356198],[103.825181,1.356302],[103.825157,1.356302],[103.825158,1.356324],[103.825199,1.356323],[103.825201,1.356428],[103.825041,1.356431]]]},"properties":{}},{"type":"Feature","geometry":{"type":"Polygon","coordinates":[[[103.824881,1.356555],[103.824956,1.356581],[103.824943,1.356619],[103.824868,1.356592],[103.824881,1.356555]]]},"properties":{}},{"type":"Feature","geometry":{"type":"Polygon","coordinates":[[[103.824745,1.356295],[103.824714,1.356119],[103.824915,1.356083],[103.824946,1.35626],[103.82492,1.356264],[103.824929,1.356312],[103.824856,1.356325],[103.824847,1.356277],[103.824745,1.356295]]]},"properties":{}},{"type":"Feature","geometry":{"type":"Polygon","coordinates":[[[103.824442,1.356043],[103.82447,1.355984],[103.824638,1.356064],[103.82459,1.356164],[103.824532,1.356137],[103.824493,1.356219],[103.824606,1.356272],[103.82457,1.356348],[103.824412,1.356272],[103.824451,1.356189],[103.824375,1.356153],[103.824402,1.356097],[103.824373,1.356083],[103.824401,1.356024],[103.824442,1.356043]]]},"properties":{}},{"type":"Feature","geometry":{"type":"Polygon","coordinates":[[[103.824528,1.35676],[103.824452,1.356723],[103.824554,1.356514],[103.82463,1.356551],[103.824602,1.356609],[103.824661,1.356638],[103.824622,1.356718],[103.824562,1.356689],[103.824528,1.35676]]]},"properties":{}},{"type":"Feature","geometry":{"type":"Polygon","coordinates":[[[103.824531,1.35636],[103.824403,1.356704],[103.824302,1.356666],[103.824431,1.356322],[103.824531,1.35636]]]},"properties":{}},{"type":"Feature","geometry":{"type":"Polygon","coordinates":[[[103.824343,1.356288],[103.824431,1.356322],[103.824409,1.35638],[103.824321,1.356347],[103.824343,1.356288]]]},"properties":{}},{"type":"Feature","geometry":{"type":"Polygon","coordinates":[[[103.824283,1.356266],[103.824343,1.356288],[103.824321,1.356347],[103.824262,1.356325],[103.824283,1.356266]]]},"properties":{}},{"type":"Feature","geometry":{"type":"Polygon","coordinates":[[[103.823944,1.356424],[103.824009,1.356269],[103.824137,1.356323],[103.824073,1.356478],[103.823944,1.356424]]]},"properties":{}},{"type":"Feature","geometry":{"type":"Polygon","coordinates":[[[103.824101,1.356096],[103.824145,1.355953],[103.824285,1.355996],[103.824241,1.356139],[103.824101,1.356096]]]},"properties":{}},{"type":"Feature","geometry":{"type":"Polygon","coordinates":[[[103.824191,1.355534],[103.82424,1.355539],[103.824233,1.355611],[103.824184,1.355606],[103.824191,1.355534]]]},"properties":{}},{"type":"Feature","geometry":{"type":"Polygon","coordinates":[[[103.824047,1.355696],[103.824057,1.355577],[103.824139,1.355584],[103.824128,1.355703],[103.824047,1.355696]]]},"properties":{}},{"type":"Feature","geometry":{"type":"Polygon","coordinates":[[[103.824076,1.355483],[103.824092,1.355366],[103.824254,1.355388],[103.824238,1.355505],[103.824076,1.355483]]]},"properties":{}},{"type":"Feature","geometry":{"type":"Polygon","coordinates":[[[103.823915,1.35529],[103.823928,1.355205],[103.824041,1.355222],[103.824028,1.355307],[103.823915,1.35529]]]},"properties":{}},{"type":"Feature","geometry":{"type":"Polygon","coordinates":[[[103.824227,1.355657],[103.824269,1.355351],[103.824342,1.355361],[103.8243,1.355667],[103.824227,1.355657]]]},"properties":{}},{"type":"Feature","geometry":{"type":"Polygon","coordinates":[[[103.824551,1.355752],[103.824584,1.355754],[103.824582,1.355789],[103.824549,1.355787],[103.824551,1.355752]]]},"properties":{}},{"type":"Feature","geometry":{"type":"Polygon","coordinates":[[[103.824584,1.355754],[103.824641,1.355757],[103.824639,1.355792],[103.824582,1.355789],[103.824584,1.355754]]]},"properties":{}},{"type":"Feature","geometry":{"type":"Polygon","coordinates":[[[103.824634,1.355734],[103.824646,1.355662],[103.824711,1.355673],[103.824699,1.355745],[103.824634,1.355734]]]},"properties":{}},{"type":"Feature","geometry":{"type":"Polygon","coordinates":[[[103.824505,1.355622],[103.824527,1.355506],[103.824542,1.355509],[103.824552,1.355456],[103.824666,1.355477],[103.824656,1.35553],[103.824697,1.355538],[103.824675,1.355654],[103.824505,1.355622]]]},"properties":{}},{"type":"Feature","geometry":{"type":"Polygon","coordinates":[[[103.824746,1.355741],[103.824775,1.355745],[103.824767,1.355805],[103.824738,1.355801],[103.824746,1.355741]]]},"properties":{}},{"type":"Feature","geometry":{"type":"Polygon","coordinates":[[[103.824836,1.355736],[103.824876,1.355494],[103.82505,1.355528],[103.825002,1.355766],[103.824836,1.355736]]]},"properties":{}},{"type":"Feature","geometry":{"type":"Polygon","coordinates":[[[103.82302,1.35533],[103.823006,1.355244],[103.823043,1.355238],[103.823029,1.355149],[103.82314,1.355131],[103.823134,1.355094],[103.823233,1.355078],[103.823268,1.355289],[103.82302,1.35533]]]},"properties":{}},{"type":"Feature","geometry":{"type":"Polygon","coordinates":[[[103.823105,1.355754],[103.82314,1.355749],[103.823151,1.355836],[103.823116,1.355841],[103.823105,1.355754]]]},"properties":{}},{"type":"Feature","geometry":{"type":"Polygon","coordinates":[[[103.8232,1.355928],[103.823175,1.355706],[103.823312,1.35569],[103.823337,1.355913],[103.8232,1.355928]]]},"properties":{}},{"type":"Feature","geometry":{"type":"Polygon","coordinates":[[[103.823299,1.355259],[103.823285,1.355096],[103.823389,1.355087],[103.823392,1.355127],[103.823353,1.355131],[103.823358,1.355187],[103.823445,1.35518],[103.823442,1.355144],[103.823536,1.355136],[103.823537,1.355155],[103.82358,1.355152],[103.823586,1.355214],[103.823563,1.355216],[103.823567,1.35526],[103.823523,1.355264],[103.823525,1.355294],[103.82348,1.355298],[103.823482,1.355323],[103.823398,1.355331],[103.823395,1.355302],[103.823353,1.355306],[103.823348,1.355255],[103.823299,1.355259]]]},"properties":{}},{"type":"Feature","geometry":{"type":"Polygon","coordinates":[[[103.823687,1.355313],[103.823704,1.355207],[103.823791,1.355221],[103.823798,1.355181],[103.823917,1.3552],[103.823901,1.355298],[103.82398,1.355311],[103.823969,1.355379],[103.82389,1.355366],[103.823877,1.355444],[103.823765,1.355426],[103.823781,1.355328],[103.823687,1.355313]]]},"properties":{}},{"type":"Feature","geometry":{"type":"Polygon","coordinates":[[[103.823577,1.355658],[103.823566,1.355569],[103.823619,1.355563],[103.823617,1.355549],[103.823679,1.355542],[103.823681,1.355556],[103.82377,1.355546],[103.82378,1.355635],[103.823718,1.355642],[103.823737,1.355801],[103.823646,1.355812],[103.823627,1.355652],[103.823577,1.355658]]]},"properties":{}},{"type":"Feature","geometry":{"type":"Polygon","coordinates":[[[103.823634,1.356169],[103.823671,1.356187],[103.823644,1.356244],[103.823571,1.35621],[103.823618,1.356108],[103.823655,1.356124],[103.823634,1.356169]]]},"properties":{}},{"type":"Feature","geometry":{"type":"Polygon","coordinates":[[[103.823732,1.356262],[103.823686,1.356238],[103.823721,1.35617],[103.823726,1.356173],[103.823757,1.356114],[103.823766,1.356119],[103.823794,1.356066],[103.823879,1.35611],[103.823774,1.356311],[103.823721,1.356284],[103.823732,1.356262]]]},"properties":{}},{"type":"Feature","geometry":{"type":"Polygon","coordinates":[[[103.823673,1.356601],[103.823708,1.356616],[103.823679,1.356686],[103.823643,1.356672],[103.823673,1.356601]]]},"properties":{}},{"type":"Feature","geometry":{"type":"Polygon","coordinates":[[[103.823486,1.356674],[103.823553,1.356523],[103.823673,1.356577],[103.823606,1.356727],[103.823486,1.356674]]]},"properties":{}},{"type":"Feature","geometry":{"type":"Polygon","coordinates":[[[103.823222,1.35632],[103.823255,1.356344],[103.823239,1.356367],[103.823206,1.356343],[103.823222,1.35632]]]},"properties":{}},{"type":"Feature","geometry":{"type":"Polygon","coordinates":[[[103.818151,1.357202],[103.818231,1.357204],[103.81823,1.357249],[103.81815,1.357247],[103.818151,1.357202]]]},"properties":{}},{"type":"Feature","geometry":{"type":"Polygon","coordinates":[[[103.818524,1.357331],[103.818238,1.357339],[103.818235,1.357224],[103.818298,1.357222],[103.818301,1.35732],[103.818523,1.357314],[103.818524,1.357331]]]},"properties":{}},{"type":"Feature","geometry":{"type":"Polygon","coordinates":[[[103.818417,1.357214],[103.818516,1.357219],[103.818512,1.357293],[103.818413,1.357288],[103.818417,1.357214]]]},"properties":{}},{"type":"Feature","geometry":{"type":"Polygon","coordinates":[[[103.818926,1.358289],[103.818644,1.358297],[103.818637,1.358052],[103.818532,1.358055],[103.818523,1.357737],[103.818622,1.357734],[103.818616,1.357505],[103.818374,1.357512],[103.818372,1.357452],[103.817987,1.357463],[103.817984,1.357348],[103.818519,1.357333],[103.818522,1.357427],[103.818735,1.35742],[103.818738,1.357523],[103.818777,1.357522],[103.818783,1.357746],[103.818833,1.357744],[103.818845,1.358182],[103.818922,1.35818],[103.818926,1.358289]]]},"properties":{"name":"Club House"}},{"type":"Feature","geometry":{"type":"Polygon","coordinates":[[[103.818496,1.358198],[103.818493,1.35812],[103.818565,1.358117],[103.818569,1.358195],[103.818496,1.358198]]]},"properties":{}},{"type":"Feature","geometry":{"type":"Polygon","coordinates":[[[103.818353,1.358181],[103.818355,1.358061],[103.818393,1.358062],[103.818394,1.358018],[103.818447,1.358019],[103.818447,1.358054],[103.818473,1.358054],[103.818469,1.358261],[103.818367,1.358259],[103.818369,1.358181],[103.818353,1.358181]]]},"properties":{}},{"type":"Feature","geometry":{"type":"Polygon","coordinates":[[[103.818085,1.35785],[103.818054,1.357884],[103.818025,1.357857],[103.818055,1.357823],[103.818085,1.35785]]]},"properties":{}},{"type":"Feature","geometry":{"type":"Polygon","coordinates":[[[103.818085,1.35785],[103.818201,1.357956],[103.81817,1.357991],[103.818054,1.357884],[103.818085,1.35785]]]},"properties":{}},{"type":"Feature","geometry":{"type":"Polygon","coordinates":[[[103.817849,1.357684],[103.817853,1.357617],[103.817893,1.357619],[103.81789,1.357686],[103.817849,1.357684]]]},"properties":{}},{"type":"Feature","geometry":{"type":"Polygon","coordinates":[[[103.817925,1.357693],[103.817894,1.357691],[103.817898,1.357629],[103.817929,1.357631],[103.817925,1.357693]]]},"properties":{}},{"type":"Feature","geometry":{"type":"Polygon","coordinates":[[[103.817682,1.357971],[103.817391,1.357827],[103.817439,1.357732],[103.81773,1.357881],[103.818026,1.358058],[103.818219,1.358221],[103.818158,1.358308],[103.817965,1.35815],[103.817682,1.357971]]]},"properties":{}},{"type":"Feature","geometry":{"type":"Polygon","coordinates":[[[103.818371,1.359076],[103.818414,1.359147],[103.818305,1.359213],[103.818262,1.359141],[103.818371,1.359076]]]},"properties":{}},{"type":"Feature","geometry":{"type":"Polygon","coordinates":[[[103.818561,1.358202],[103.818559,1.358266],[103.818487,1.358264],[103.818489,1.358199],[103.818561,1.358202]]]},"properties":{}},{"type":"Feature","geometry":{"type":"Polygon","coordinates":[[[103.818467,1.358453],[103.818438,1.358397],[103.8185,1.358364],[103.81853,1.358419],[103.818467,1.358453]]]},"properties":{}},{"type":"Feature","geometry":{"type":"Polygon","coordinates":[[[103.818601,1.358527],[103.818667,1.358641],[103.818644,1.358655],[103.818578,1.35854],[103.818601,1.358527]]]},"properties":{}},{"type":"Feature","geometry":{"type":"Polygon","coordinates":[[[103.818859,1.358515],[103.818736,1.35852],[103.818734,1.358477],[103.818857,1.358472],[103.818859,1.358515]]]},"properties":{}},{"type":"Feature","geometry":{"type":"Polygon","coordinates":[[[103.818885,1.358441],[103.818929,1.358415],[103.818951,1.358454],[103.818907,1.358479],[103.818885,1.358441]]]},"properties":{}},{"type":"Feature","geometry":{"type":"Polygon","coordinates":[[[103.819007,1.358847],[103.819049,1.358811],[103.819104,1.358875],[103.819062,1.35891],[103.819007,1.358847]]]},"properties":{}},{"type":"Feature","geometry":{"type":"Polygon","coordinates":[[[103.818548,1.359007],[103.818426,1.358821],[103.818571,1.358726],[103.818476,1.35858],[103.818556,1.358528],[103.818787,1.358881],[103.818916,1.358797],[103.819392,1.359524],[103.819202,1.359648],[103.819265,1.359744],[103.819207,1.359781],[103.819145,1.359686],[103.819038,1.359755],[103.818689,1.359222],[103.818568,1.359301],[103.818427,1.359086],[103.818548,1.359007]]]},"properties":{}},{"type":"Feature","geometry":{"type":"Polygon","coordinates":[[[103.818797,1.357407],[103.818794,1.357498],[103.81875,1.357497],[103.818752,1.357406],[103.818797,1.357407]]]},"properties":{}},{"type":"Feature","geometry":{"type":"Polygon","coordinates":[[[103.818769,1.357316],[103.818824,1.357319],[103.818822,1.357353],[103.818766,1.35735],[103.818769,1.357316]]]},"properties":{}},{"type":"Feature","geometry":{"type":"Polygon","coordinates":[[[103.819777,1.35939],[103.819821,1.35936],[103.819846,1.359397],[103.819802,1.359427],[103.819777,1.35939]]]},"properties":{}},{"type":"Feature","geometry":{"type":"Polygon","coordinates":[[[103.813703,1.358511],[103.81373,1.358521],[103.81372,1.358549],[103.813693,1.358539],[103.813703,1.358511]]]},"properties":{}},{"type":"Feature","geometry":{"type":"Polygon","coordinates":[[[103.814115,1.357954],[103.813474,1.35742],[103.814136,1.356626],[103.814777,1.357159],[103.814115,1.357954]]]},"properties":{}},{"type":"Feature","geometry":{"type":"Polygon","coordinates":[[[103.815353,1.357517],[103.814562,1.356844],[103.815245,1.356042],[103.816035,1.356715],[103.815353,1.357517]]]},"properties":{}},{"type":"Feature","geometry":{"type":"Polygon","coordinates":[[[103.814924,1.356336],[103.814941,1.356384],[103.814898,1.356399],[103.814881,1.356351],[103.814924,1.356336]]]},"properties":{}},{"type":"Feature","geometry":{"type":"Polygon","coordinates":[[[103.814738,1.356312],[103.814768,1.356296],[103.814738,1.356237],[103.81481,1.3562],[103.814867,1.35631],[103.814764,1.356363],[103.814738,1.356312]]]},"properties":{}},{"type":"Feature","geometry":{"type":"Polygon","coordinates":[[[103.814701,1.356177],[103.814725,1.35615],[103.814777,1.356197],[103.814753,1.356223],[103.814701,1.356177]]]},"properties":{}},{"type":"Feature","geometry":{"type":"Polygon","coordinates":[[[103.81455,1.356293],[103.814629,1.356193],[103.814702,1.35625],[103.814623,1.35635],[103.81455,1.356293]]]},"properties":{}},{"type":"Feature","geometry":{"type":"Polygon","coordinates":[[[103.814571,1.356354],[103.814601,1.356374],[103.814583,1.356402],[103.814553,1.356382],[103.814571,1.356354]]]},"properties":{}},{"type":"Feature","geometry":{"type":"Polygon","coordinates":[[[103.814565,1.356531],[103.814592,1.356531],[103.814592,1.356562],[103.814565,1.356562],[103.814565,1.356531]]]},"properties":{}},{"type":"Feature","geometry":{"type":"Polygon","coordinates":[[[103.812477,1.35825],[103.812452,1.358227],[103.812532,1.358137],[103.812558,1.358159],[103.812477,1.35825]]]},"properties":{}},{"type":"Feature","geometry":{"type":"Polygon","coordinates":[[[103.81222,1.35676],[103.812262,1.356766],[103.812255,1.356812],[103.812214,1.356806],[103.81222,1.35676]]]},"properties":{}},{"type":"Feature","geometry":{"type":"Polygon","coordinates":[[[103.812813,1.357087],[103.812537,1.357161],[103.812508,1.357053],[103.812723,1.356996],[103.812784,1.356979],[103.812813,1.357087]]]},"properties":{"name":"Ranger Station"}},{"type":"Feature","geometry":{"type":"Polygon","coordinates":[[[103.813377,1.358801],[103.812576,1.358133],[103.813224,1.357356],[103.814025,1.358024],[103.813377,1.358801]]]},"properties":{}},{"type":"Feature","geometry":{"type":"Polygon","coordinates":[[[103.812957,1.357636],[103.812935,1.357674],[103.812911,1.35766],[103.812933,1.357622],[103.812957,1.357636]]]},"properties":{}},{"type":"Feature","geometry":{"type":"Polygon","coordinates":[[[103.812547,1.35817],[103.812591,1.358202],[103.812527,1.358289],[103.812483,1.358256],[103.812547,1.35817]]]},"properties":{}},{"type":"Feature","geometry":{"type":"Polygon","coordinates":[[[103.808624,1.346661],[103.808947,1.346614],[103.808957,1.346682],[103.808891,1.346692],[103.808901,1.34676],[103.808977,1.346749],[103.808981,1.346772],[103.808873,1.346788],[103.808862,1.346709],[103.808788,1.34672],[103.808794,1.346759],[103.808641,1.346781],[103.808624,1.346661]]]},"properties":{}},{"type":"Feature","geometry":{"type":"Polygon","coordinates":[[[103.808532,1.346958],[103.808519,1.346896],[103.808566,1.346886],[103.808579,1.346947],[103.808532,1.346958]]]},"properties":{}},{"type":"Feature","geometry":{"type":"Polygon","coordinates":[[[103.808761,1.347328],[103.808769,1.347256],[103.808848,1.347266],[103.80884,1.347337],[103.808761,1.347328]]]},"properties":{}},{"type":"Feature","geometry":{"type":"Polygon","coordinates":[[[103.808378,1.345448],[103.80838,1.34541],[103.808429,1.345411],[103.808428,1.34545],[103.808378,1.345448]]]},"properties":{}},{"type":"Feature","geometry":{"type":"Polygon","coordinates":[[[103.80981,1.344937],[103.809838,1.344871],[103.810009,1.344942],[103.809981,1.345009],[103.80981,1.344937]]]},"properties":{}},{"type":"Feature","geometry":{"type":"Polygon","coordinates":[[[103.809743,1.34803],[103.809764,1.348099],[103.809726,1.34811],[103.809706,1.348041],[103.809743,1.34803]]]},"properties":{}},{"type":"Feature","geometry":{"type":"Polygon","coordinates":[[[103.809825,1.348003],[103.809856,1.348062],[103.809792,1.348096],[103.809761,1.348037],[103.809825,1.348003]]]},"properties":{}},{"type":"Feature","geometry":{"type":"Polygon","coordinates":[[[103.811435,1.347673],[103.811362,1.347693],[103.811341,1.347612],[103.811413,1.347593],[103.811435,1.347673]]]},"properties":{}},{"type":"Feature","geometry":{"type":"Polygon","coordinates":[[[103.812736,1.350602],[103.812718,1.350471],[103.812919,1.350444],[103.812936,1.350576],[103.812736,1.350602]]]},"properties":{}},{"type":"Feature","geometry":{"type":"Polygon","coordinates":[[[103.812087,1.345712],[103.812102,1.345765],[103.812008,1.345793],[103.811993,1.345739],[103.812087,1.345712]]]},"properties":{}},{"type":"Feature","geometry":{"type":"Polygon","coordinates":[[[103.81266,1.345479],[103.812729,1.345506],[103.812706,1.345565],[103.812637,1.345538],[103.81266,1.345479]]]},"properties":{}},{"type":"Feature","geometry":{"type":"Polygon","coordinates":[[[103.826731,1.354541],[103.82669,1.35448],[103.826795,1.354411],[103.826835,1.354472],[103.826731,1.354541]]]},"properties":{}},{"type":"Feature","geometry":{"type":"Polygon","coordinates":[[[103.826903,1.354499],[103.826745,1.354603],[103.826712,1.354554],[103.826731,1.354541],[103.826835,1.354472],[103.82687,1.354449],[103.826903,1.354499]]]},"properties":{}},{"type":"Feature","geometry":{"type":"Polygon","coordinates":[[[103.826884,1.35416],[103.826946,1.354222],[103.826902,1.354268],[103.826839,1.354206],[103.826884,1.35416]]]},"properties":{}},{"type":"Feature","geometry":{"type":"Polygon","coordinates":[[[103.827045,1.354337],[103.82696,1.354217],[103.827084,1.354129],[103.827169,1.354249],[103.827045,1.354337]]]},"properties":{}},{"type":"Feature","geometry":{"type":"Polygon","coordinates":[[[103.827015,1.354594],[103.827028,1.354621],[103.826978,1.354644],[103.826966,1.354617],[103.827015,1.354594]]]},"properties":{}},{"type":"Feature","geometry":{"type":"Polygon","coordinates":[[[103.827044,1.354938],[103.827009,1.354885],[103.827106,1.354822],[103.827141,1.354876],[103.827044,1.354938]]]},"properties":{}},{"type":"Feature","geometry":{"type":"Polygon","coordinates":[[[103.827009,1.354885],[103.826975,1.354832],[103.827072,1.354769],[103.827106,1.354822],[103.827009,1.354885]]]},"properties":{}},{"type":"Feature","geometry":{"type":"Polygon","coordinates":[[[103.826975,1.354832],[103.82694,1.354778],[103.827038,1.354715],[103.827072,1.354769],[103.826975,1.354832]]]},"properties":{}},{"type":"Feature","geometry":{"type":"Polygon","coordinates":[[[103.826993,1.354679],[103.826904,1.354741],[103.826869,1.354691],[103.826958,1.354629],[103.826993,1.354679]]]},"properties":{}},{"type":"Feature","geometry":{"type":"Polygon","coordinates":[[[103.826809,1.354645],[103.826774,1.354594],[103.826875,1.354525],[103.82691,1.354577],[103.826809,1.354645]]]},"properties":{}},{"type":"Feature","geometry":{"type":"Polygon","coordinates":[[[103.826944,1.354632],[103.82685,1.354696],[103.826816,1.354646],[103.82691,1.354583],[103.826944,1.354632]]]},"properties":{}},{"type":"Feature","geometry":{"type":"Polygon","coordinates":[[[103.826831,1.355293],[103.826756,1.355204],[103.826732,1.355167],[103.82672,1.354982],[103.826756,1.35498],[103.826758,1.354933],[103.826774,1.354931],[103.826775,1.3549],[103.826797,1.354878],[103.826829,1.354857],[103.826869,1.354911],[103.826874,1.355007],[103.826864,1.35501],[103.82686,1.355035],[103.82687,1.355038],[103.826874,1.355104],[103.826888,1.355121],[103.826904,1.355107],[103.826913,1.355117],[103.826936,1.355097],[103.826989,1.35516],[103.826831,1.355293]]]},"properties":{}},{"type":"Feature","geometry":{"type":"Polygon","coordinates":[[[103.827042,1.355619],[103.826987,1.355624],[103.826974,1.355467],[103.827029,1.355463],[103.827042,1.355619]]]},"properties":{"class":"house","subtype":"residential"}},{"type":"Feature","geometry":{"type":"Polygon","coordinates":[[[103.827088,1.355644],[103.827046,1.355648],[103.827037,1.355523],[103.827079,1.35552],[103.827088,1.355644]]]},"properties":{"class":"house","subtype":"residential"}},{"type":"Feature","geometry":{"type":"Polygon","coordinates":[[[103.826987,1.355635],[103.826931,1.35564],[103.826919,1.355484],[103.826974,1.355479],[103.826987,1.355635]]]},"properties":{"class":"house","subtype":"residential"}},{"type":"Feature","geometry":{"type":"Polygon","coordinates":[[[103.826931,1.35565],[103.826876,1.355654],[103.826863,1.355498],[103.826918,1.355494],[103.826931,1.35565]]]},"properties":{"class":"house","subtype":"residential"}},{"type":"Feature","geometry":{"type":"Polygon","coordinates":[[[103.826876,1.355665],[103.82682,1.35567],[103.826808,1.355514],[103.826863,1.355509],[103.826876,1.355665]]]},"properties":{"class":"house","subtype":"residential"}},{"type":"Feature","geometry":{"type":"Polygon","coordinates":[[[103.826473,1.355761],[103.826368,1.355587],[103.826434,1.355547],[103.826454,1.35558],[103.82654,1.355528],[103.826626,1.35567],[103.826473,1.355761]]]},"properties":{}},{"type":"Feature","geometry":{"type":"Polygon","coordinates":[[[103.826345,1.355885],[103.826232,1.355779],[103.826267,1.355742],[103.82628,1.355754],[103.826289,1.355745],[103.826271,1.355728],[103.826317,1.355679],[103.826434,1.355791],[103.826345,1.355885]]]},"properties":{}},{"type":"Feature","geometry":{"type":"Polygon","coordinates":[[[103.826333,1.355612],[103.826363,1.355603],[103.826372,1.355635],[103.826342,1.355644],[103.826333,1.355612]]]},"properties":{}},{"type":"Feature","geometry":{"type":"Polygon","coordinates":[[[103.825909,1.355761],[103.825927,1.355723],[103.825999,1.355711],[103.826075,1.355815],[103.82612,1.355867],[103.826087,1.355943],[103.826053,1.355949],[103.826038,1.355943],[103.82603,1.355974],[103.825998,1.355967],[103.825963,1.35595],[103.825949,1.355943],[103.825929,1.355952],[103.825894,1.355937],[103.825879,1.35587],[103.825888,1.355854],[103.825875,1.355848],[103.825898,1.355801],[103.825909,1.355761]]]},"properties":{}},{"type":"Feature","geometry":{"type":"Polygon","coordinates":[[[103.826052,1.356332],[103.826106,1.356348],[103.826095,1.356384],[103.826041,1.356367],[103.826052,1.356332]]]},"properties":{}},{"type":"Feature","geometry":{"type":"Polygon","coordinates":[[[103.826009,1.356379],[103.826108,1.356406],[103.826097,1.356448],[103.825998,1.356421],[103.826009,1.356379]]]},"properties":{}},{"type":"Feature","geometry":{"type":"Polygon","coordinates":[[[103.825978,1.356506],[103.826012,1.356427],[103.826079,1.356455],[103.826044,1.356535],[103.825978,1.356506]]]},"properties":{}},{"type":"Feature","geometry":{"type":"Polygon","coordinates":[[[103.825968,1.356668],[103.826,1.356584],[103.8261,1.356622],[103.82611,1.356597],[103.826182,1.356624],[103.826116,1.3568],[103.825995,1.356754],[103.82602,1.356688],[103.825968,1.356668]]]},"properties":{}},{"type":"Feature","geometry":{"type":"Polygon","coordinates":[[[103.826067,1.356539],[103.826129,1.356409],[103.826219,1.356452],[103.826157,1.356582],[103.826067,1.356539]]]},"properties":{}},{"type":"Feature","geometry":{"type":"Polygon","coordinates":[[[103.826117,1.356297],[103.826145,1.356235],[103.826207,1.356264],[103.826221,1.356233],[103.826296,1.356267],[103.826231,1.35641],[103.826128,1.356363],[103.826151,1.356312],[103.826117,1.356297]]]},"properties":{}},{"type":"Feature","geometry":{"type":"Polygon","coordinates":[[[103.826231,1.356115],[103.826158,1.356087],[103.826222,1.355916],[103.826295,1.355944],[103.826231,1.356115]]]},"properties":{}},{"type":"Feature","geometry":{"type":"Polygon","coordinates":[[[103.826346,1.35615],[103.826256,1.356111],[103.82629,1.356032],[103.82638,1.356071],[103.826346,1.35615]]]},"properties":{}},{"type":"Feature","geometry":{"type":"Polygon","coordinates":[[[103.82629,1.356026],[103.82631,1.355969],[103.826402,1.356002],[103.826382,1.356059],[103.82629,1.356026]]]},"properties":{}},{"type":"Feature","geometry":{"type":"Polygon","coordinates":[[[103.826431,1.356522],[103.82648,1.356375],[103.826641,1.356428],[103.826595,1.356569],[103.82655,1.356555],[103.826533,1.356608],[103.826433,1.356575],[103.826448,1.356528],[103.826431,1.356522]]]},"properties":{}},{"type":"Feature","geometry":{"type":"Polygon","coordinates":[[[103.826428,1.357074],[103.826393,1.357214],[103.826317,1.357195],[103.826313,1.35721],[103.826235,1.357191],[103.826276,1.357029],[103.826306,1.357036],[103.826311,1.357018],[103.826372,1.357033],[103.826365,1.357058],[103.826428,1.357074]]]},"properties":{"class":"house","subtype":"residential"}},{"type":"Feature","geometry":{"type":"Polygon","coordinates":[[[103.826203,1.35734],[103.826185,1.357335],[103.82622,1.357222],[103.826379,1.357271],[103.82635,1.357364],[103.826302,1.357349],[103.826297,1.357366],[103.826249,1.357352],[103.826235,1.357397],[103.826189,1.357382],[103.826203,1.35734]]]},"properties":{"class":"house","subtype":"residential","num_floors":1}},{"type":"Feature","geometry":{"type":"Polygon","coordinates":[[[103.826632,1.357099],[103.826596,1.357201],[103.826521,1.357175],[103.826499,1.357237],[103.826434,1.357214],[103.826492,1.35705],[103.826632,1.357099]]]},"properties":{"class":"house","subtype":"residential"}},{"type":"Feature","geometry":{"type":"Polygon","coordinates":[[[103.826528,1.357293],[103.826469,1.357272],[103.826482,1.357234],[103.826542,1.357255],[103.826528,1.357293]]]},"properties":{}},{"type":"Feature","geometry":{"type":"Polygon","coordinates":[[[103.826437,1.357444],[103.826363,1.357422],[103.826404,1.357281],[103.826586,1.357334],[103.826565,1.357405],[103.826498,1.357385],[103.826489,1.357416],[103.826449,1.357405],[103.826437,1.357444]]]},"properties":{"class":"house","subtype":"residential","num_floors":2}},{"type":"Feature","geometry":{"type":"Polygon","coordinates":[[[103.826399,1.357215],[103.826474,1.357237],[103.82646,1.357286],[103.826385,1.357263],[103.826399,1.357215]]]},"properties":{}},{"type":"Feature","geometry":{"type":"Polygon","coordinates":[[[103.826149,1.357814],[103.826217,1.357586],[103.826247,1.357595],[103.826289,1.357608],[103.826334,1.357621],[103.826387,1.357637],[103.826447,1.357655],[103.826505,1.357672],[103.826563,1.357689],[103.826612,1.357704],[103.826649,1.357715],[103.826581,1.357943],[103.826149,1.357814]]]},"properties":{"class":"terrace","subtype":"residential","num_floors":2}},{"type":"Feature","geometry":{"type":"Polygon","coordinates":[[[103.826164,1.357859],[103.826216,1.357876],[103.826146,1.3581],[103.826094,1.358083],[103.826164,1.357859]]]},"properties":{"class":"terrace","subtype":"residential"}},{"type":"Feature","geometry":{"type":"Polygon","coordinates":[[[103.82616,1.357406],[103.826126,1.357396],[103.82616,1.357286],[103.826194,1.357296],[103.82616,1.357406]]]},"properties":{}},{"type":"Feature","geometry":{"type":"Polygon","coordinates":[[[103.826038,1.357074],[103.826052,1.357027],[103.826088,1.357038],[103.826074,1.357085],[103.826038,1.357074]]]},"properties":{}},{"type":"Feature","geometry":{"type":"Polygon","coordinates":[[[103.826076,1.357845],[103.826129,1.357861],[103.826064,1.358079],[103.826011,1.358063],[103.826076,1.357845]]]},"properties":{"class":"terrace","subtype":"residential","num_floors":2}},{"type":"Feature","geometry":{"type":"Polygon","coordinates":[[[103.826023,1.357829],[103.826076,1.357845],[103.826011,1.358063],[103.825958,1.358047],[103.826023,1.357829]]]},"properties":{"class":"terrace","subtype":"residential","num_floors":2}},{"type":"Feature","geometry":{"type":"Polygon","coordinates":[[[103.826216,1.357876],[103.826269,1.357892],[103.826199,1.358116],[103.826146,1.3581],[103.826216,1.357876]]]},"properties":{"class":"terrace","subtype":"residential"}},{"type":"Feature","geometry":{"type":"Polygon","coordinates":[[[103.826269,1.357892],[103.826322,1.357908],[103.826252,1.358133],[103.826199,1.358116],[103.826269,1.357892]]]},"properties":{"class":"terrace","subtype":"residential"}},{"type":"Feature","geometry":{"type":"Polygon","coordinates":[[[103.826145,1.358566],[103.826159,1.358511],[103.826382,1.35857],[103.826368,1.358625],[103.826145,1.358566]]]},"properties":{}},{"type":"Feature","geometry":{"type":"Polygon","coordinates":[[[103.826131,1.358621],[103.826145,1.358566],[103.826368,1.358625],[103.826353,1.35868],[103.826131,1.358621]]]},"properties":{}},{"type":"Feature","geometry":{"type":"Polygon","coordinates":[[[103.826116,1.358675],[103.826131,1.358621],[103.826353,1.35868],[103.826339,1.358734],[103.826116,1.358675]]]},"properties":{}},{"type":"Feature","geometry":{"type":"Polygon","coordinates":[[[103.826102,1.35873],[103.826116,1.358675],[103.826339,1.358734],[103.826324,1.358789],[103.826102,1.35873]]]},"properties":{}},{"type":"Feature","geometry":{"type":"Polygon","coordinates":[[[103.826083,1.358799],[103.826102,1.35873],[103.826324,1.358789],[103.826306,1.358858],[103.826083,1.358799]]]},"properties":{}},{"type":"Feature","geometry":{"type":"Polygon","coordinates":[[[103.826544,1.358753],[103.826482,1.358738],[103.826489,1.35871],[103.826551,1.358725],[103.826544,1.358753]]]},"properties":{}},{"type":"Feature","geometry":{"type":"Polygon","coordinates":[[[103.826387,1.358701],[103.826421,1.35871],[103.826407,1.358761],[103.826373,1.358751],[103.826387,1.358701]]]},"properties":{}},{"type":"Feature","geometry":{"type":"Polygon","coordinates":[[[103.826188,1.358402],[103.826204,1.358347],[103.826426,1.358407],[103.826411,1.358461],[103.826188,1.358402]]]},"properties":{}},{"type":"Feature","geometry":{"type":"Polygon","coordinates":[[[103.826174,1.358457],[103.826188,1.358402],[103.826411,1.358461],[103.826397,1.358516],[103.826174,1.358457]]]},"properties":{}},{"type":"Feature","geometry":{"type":"Polygon","coordinates":[[[103.826159,1.358511],[103.826174,1.358457],[103.826397,1.358516],[103.826382,1.35857],[103.826159,1.358511]]]},"properties":{}},{"type":"Feature","geometry":{"type":"Polygon","coordinates":[[[103.826204,1.358347],[103.826218,1.358293],[103.826441,1.358352],[103.826426,1.358407],[103.826204,1.358347]]]},"properties":{}},{"type":"Feature","geometry":{"type":"Polygon","coordinates":[[[103.826322,1.357908],[103.826374,1.357925],[103.826304,1.358149],[103.826252,1.358133],[103.826322,1.357908]]]},"properties":{"class":"terrace","subtype":"residential"}},{"type":"Feature","geometry":{"type":"Polygon","coordinates":[[[103.826374,1.357925],[103.826427,1.357941],[103.826357,1.358165],[103.826304,1.358149],[103.826374,1.357925]]]},"properties":{"class":"terrace","subtype":"residential"}},{"type":"Feature","geometry":{"type":"Polygon","coordinates":[[[103.826427,1.357941],[103.826479,1.357958],[103.826409,1.358182],[103.826357,1.358165],[103.826427,1.357941]]]},"properties":{"class":"terrace","subtype":"residential"}},{"type":"Feature","geometry":{"type":"Polygon","coordinates":[[[103.826479,1.357958],[103.826532,1.357974],[103.826462,1.358198],[103.826409,1.358182],[103.826479,1.357958]]]},"properties":{"class":"terrace","subtype":"residential"}},{"type":"Feature","geometry":{"type":"Polygon","coordinates":[[[103.826532,1.357974],[103.826584,1.357991],[103.826515,1.358215],[103.826462,1.358198],[103.826532,1.357974]]]},"properties":{"class":"terrace","subtype":"residential"}},{"type":"Feature","geometry":{"type":"Polygon","coordinates":[[[103.826611,1.357984],[103.826661,1.357999],[103.826588,1.358235],[103.826538,1.35822],[103.826611,1.357984]]]},"properties":{"class":"terrace","subtype":"residential"}},{"type":"Feature","geometry":{"type":"Polygon","coordinates":[[[103.826661,1.357999],[103.826711,1.358014],[103.826638,1.358251],[103.826588,1.358235],[103.826661,1.357999]]]},"properties":{"class":"terrace","subtype":"residential"}},{"type":"Feature","geometry":{"type":"Polygon","coordinates":[[[103.826711,1.358014],[103.826761,1.35803],[103.826689,1.358266],[103.826638,1.358251],[103.826711,1.358014]]]},"properties":{"class":"terrace","subtype":"residential"}},{"type":"Feature","geometry":{"type":"Polygon","coordinates":[[[103.826761,1.35803],[103.826811,1.358045],[103.826739,1.358282],[103.826689,1.358266],[103.826761,1.35803]]]},"properties":{"class":"terrace","subtype":"residential"}},{"type":"Feature","geometry":{"type":"Polygon","coordinates":[[[103.826811,1.358045],[103.826862,1.358061],[103.826789,1.358297],[103.826739,1.358282],[103.826811,1.358045]]]},"properties":{"class":"terrace","subtype":"residential"}},{"type":"Feature","geometry":{"type":"Polygon","coordinates":[[[103.826361,1.358685],[103.826388,1.358583],[103.826453,1.358362],[103.826484,1.358371],[103.826556,1.358392],[103.826606,1.358407],[103.82667,1.358426],[103.826725,1.358442],[103.826802,1.358465],[103.826846,1.358478],[103.826879,1.358495],[103.826925,1.35852],[103.826957,1.358576],[103.826949,1.358623],[103.826913,1.358645],[103.826806,1.358678],[103.826624,1.358644],[103.826601,1.358719],[103.826497,1.358687],[103.82652,1.358613],[103.826464,1.358598],[103.826434,1.3587],[103.826361,1.358685]]]},"properties":{"class":"terrace","subtype":"residential"}},{"type":"Feature","geometry":{"type":"Polygon","coordinates":[[[103.827023,1.358515],[103.827052,1.358523],[103.827044,1.358557],[103.827015,1.35855],[103.827023,1.358515]]]},"properties":{}},{"type":"Feature","geometry":{"type":"Polygon","coordinates":[[[103.826862,1.358061],[103.826912,1.358076],[103.826839,1.358313],[103.826789,1.358297],[103.826862,1.358061]]]},"properties":{"class":"terrace","subtype":"residential"}},{"type":"Feature","geometry":{"type":"Polygon","coordinates":[[[103.826912,1.358076],[103.826962,1.358092],[103.826889,1.358328],[103.826839,1.358313],[103.826912,1.358076]]]},"properties":{"class":"terrace","subtype":"residential"}},{"type":"Feature","geometry":{"type":"Polygon","coordinates":[[[103.826962,1.358092],[103.827012,1.358107],[103.826939,1.358343],[103.826889,1.358328],[103.826962,1.358092]]]},"properties":{"class":"terrace","subtype":"residential"}},{"type":"Feature","geometry":{"type":"Polygon","coordinates":[[[103.827012,1.358107],[103.827062,1.358122],[103.826989,1.358359],[103.826939,1.358343],[103.827012,1.358107]]]},"properties":{"class":"terrace","subtype":"residential"}},{"type":"Feature","geometry":{"type":"Polygon","coordinates":[[[103.827086,1.357663],[103.826946,1.35763],[103.82697,1.357526],[103.827002,1.357534],[103.827017,1.357469],[103.827181,1.357507],[103.827162,1.357591],[103.827106,1.357578],[103.827086,1.357663]]]},"properties":{"class":"house","subtype":"residential","num_floors":2}},{"type":"Feature","geometry":{"type":"Polygon","coordinates":[[[103.82709,1.357064],[103.827117,1.357071],[103.827108,1.357108],[103.827082,1.357101],[103.82709,1.357064]]]},"properties":{}},{"type":"Feature","geometry":{"type":"Polygon","coordinates":[[[103.82699,1.357341],[103.826857,1.357297],[103.82689,1.357197],[103.826907,1.357202],[103.826919,1.357166],[103.827036,1.357205],[103.827022,1.357247],[103.827039,1.357253],[103.82703,1.357282],[103.827038,1.357285],[103.827027,1.357318],[103.827,1.357309],[103.82699,1.357341]]]},"properties":{"class":"house","subtype":"residential"}},{"type":"Feature","geometry":{"type":"Polygon","coordinates":[[[103.826801,1.35756],[103.826764,1.357548],[103.826806,1.357422],[103.826928,1.357462],[103.826907,1.357528],[103.826865,1.357515],[103.826857,1.357538],[103.826813,1.357524],[103.826801,1.35756]]]},"properties":{"class":"house","subtype":"residential","num_floors":2}},{"type":"Feature","geometry":{"type":"Polygon","coordinates":[[[103.826638,1.357883],[103.826692,1.357718],[103.826722,1.357728],[103.826772,1.357744],[103.826831,1.357764],[103.826884,1.357781],[103.826933,1.357797],[103.82698,1.357813],[103.827033,1.35783],[103.827086,1.357848],[103.827113,1.357857],[103.827039,1.358082],[103.826683,1.357965],[103.826703,1.357904],[103.826638,1.357883]]]},"properties":{"class":"terrace","subtype":"residential"}},{"type":"Feature","geometry":{"type":"Polygon","coordinates":[[[103.826742,1.357508],[103.826581,1.357456],[103.826616,1.357347],[103.826777,1.357398],[103.826742,1.357508]]]},"properties":{"class":"house","subtype":"residential","num_floors":2}},{"type":"Feature","geometry":{"type":"Polygon","coordinates":[[[103.826558,1.357271],[103.826594,1.357271],[103.826594,1.357301],[103.826558,1.357301],[103.826558,1.357271]]]},"properties":{}},{"type":"Feature","geometry":{"type":"Polygon","coordinates":[[[103.826682,1.357085],[103.826719,1.357087],[103.826716,1.35713],[103.826679,1.357128],[103.826682,1.357085]]]},"properties":{}},{"type":"Feature","geometry":{"type":"Polygon","coordinates":[[[103.826818,1.357199],[103.82679,1.35727],[103.826714,1.357241],[103.826699,1.357268],[103.826715,1.357274],[103.826711,1.357282],[103.826727,1.357283],[103.826724,1.357309],[103.826697,1.357306],[103.826693,1.357313],[103.826647,1.35729],[103.826666,1.357261],[103.82665,1.357254],[103.826662,1.35722],[103.826649,1.357215],[103.826677,1.357144],[103.826818,1.357199]]]},"properties":{"class":"house","subtype":"residential"}},{"type":"Feature","geometry":{"type":"Polygon","coordinates":[[[103.8268,1.356697],[103.82663,1.356641],[103.826685,1.356476],[103.826795,1.356513],[103.826805,1.356483],[103.826864,1.356503],[103.8268,1.356697]]]},"properties":{}},{"type":"Feature","geometry":{"type":"Polygon","coordinates":[[[103.826672,1.356967],[103.826354,1.356827],[103.826449,1.356613],[103.826767,1.356753],[103.826672,1.356967]]]},"properties":{}},{"type":"Feature","geometry":{"type":"Polygon","coordinates":[[[103.826652,1.356225],[103.826709,1.35624],[103.826701,1.356269],[103.826645,1.356254],[103.826652,1.356225]]]},"properties":{}},{"type":"Feature","geometry":{"type":"Polygon","coordinates":[[[103.826622,1.355925],[103.826657,1.35594],[103.826639,1.355985],[103.826604,1.355971],[103.826622,1.355925]]]},"properties":{}},{"type":"Feature","geometry":{"type":"Polygon","coordinates":[[[103.82675,1.356104],[103.826705,1.356213],[103.826543,1.356146],[103.826588,1.356037],[103.82675,1.356104]]]},"properties":{}},{"type":"Feature","geometry":{"type":"Polygon","coordinates":[[[103.826914,1.355942],[103.826863,1.356077],[103.82673,1.356027],[103.82674,1.356001],[103.826664,1.355972],[103.826684,1.355918],[103.826762,1.355947],[103.826783,1.355892],[103.826914,1.355942]]]},"properties":{}},{"type":"Feature","geometry":{"type":"Polygon","coordinates":[[[103.826927,1.356145],[103.826867,1.356305],[103.826746,1.35626],[103.826806,1.3561],[103.826927,1.356145]]]},"properties":{}},{"type":"Feature","geometry":{"type":"Polygon","coordinates":[[[103.826904,1.356923],[103.826752,1.356867],[103.826799,1.356738],[103.826952,1.356794],[103.826904,1.356923]]]},"properties":{}},{"type":"Feature","geometry":{"type":"Polygon","coordinates":[[[103.827006,1.356782],[103.826821,1.35672],[103.826879,1.356545],[103.826938,1.356565],[103.826944,1.356544],[103.827004,1.356564],[103.826997,1.356585],[103.827064,1.356607],[103.827006,1.356782]]]},"properties":{}},{"type":"Feature","geometry":{"type":"Polygon","coordinates":[[[103.826938,1.356991],[103.827026,1.356751],[103.8272,1.356814],[103.827112,1.357055],[103.826938,1.356991]]]},"properties":{}},{"type":"Feature","geometry":{"type":"Polygon","coordinates":[[[103.827148,1.356286],[103.827103,1.356398],[103.826944,1.356335],[103.826966,1.356279],[103.826983,1.356286],[103.827,1.356242],[103.827021,1.356251],[103.827046,1.356187],[103.827112,1.356213],[103.827092,1.356264],[103.827148,1.356286]]]},"properties":{}},{"type":"Feature","geometry":{"type":"Polygon","coordinates":[[[103.827216,1.356802],[103.827034,1.356736],[103.827078,1.356615],[103.827201,1.356661],[103.827211,1.356633],[103.82727,1.356655],[103.827216,1.356802]]]},"properties":{}},{"type":"Feature","geometry":{"type":"Polygon","coordinates":[[[103.827319,1.35618],[103.827386,1.356244],[103.827359,1.356272],[103.827292,1.356209],[103.827319,1.35618]]]},"properties":{}},{"type":"Feature","geometry":{"type":"Polygon","coordinates":[[[103.827156,1.356333],[103.827178,1.356255],[103.827354,1.356304],[103.827297,1.356504],[103.82723,1.356485],[103.827245,1.356435],[103.827228,1.35643],[103.827242,1.356381],[103.827198,1.356345],[103.827156,1.356333]]]},"properties":{}},{"type":"Feature","geometry":{"type":"Polygon","coordinates":[[[103.82728,1.356007],[103.82724,1.355968],[103.827349,1.355856],[103.827389,1.355894],[103.82728,1.356007]]]},"properties":{"class":"house","subtype":"residential"}},{"type":"Feature","geometry":{"type":"Polygon","coordinates":[[[103.827355,1.35611],[103.827309,1.356065],[103.827425,1.355948],[103.827451,1.355973],[103.827463,1.355962],[103.827485,1.355984],[103.827493,1.355976],[103.827519,1.356001],[103.827509,1.356011],[103.827525,1.356027],[103.827533,1.356019],[103.827573,1.356058],[103.827585,1.356045],[103.827607,1.356067],[103.827593,1.356081],[103.827612,1.356099],[103.827631,1.35608],[103.827665,1.356112],[103.827655,1.356122],[103.827686,1.356153],[103.827684,1.356194],[103.827699,1.356195],[103.827697,1.356239],[103.82768,1.356238],[103.827679,1.356271],[103.827661,1.35627],[103.82766,1.356289],[103.82767,1.356289],[103.827668,1.356321],[103.827651,1.35632],[103.827649,1.35635],[103.827634,1.356349],[103.827632,1.35638],[103.827617,1.356379],[103.827615,1.356413],[103.827626,1.356413],[103.827624,1.356439],[103.827606,1.356438],[103.827605,1.35646],[103.827586,1.356459],[103.827585,1.356483],[103.827443,1.356473],[103.827447,1.356416],[103.827466,1.356417],[103.82747,1.356356],[103.827481,1.356356],[103.827485,1.356297],[103.827502,1.356298],[103.827506,1.356245],[103.827519,1.356246],[103.827523,1.356192],[103.8275,1.356215],[103.827461,1.356176],[103.827454,1.356183],[103.827412,1.356141],[103.827405,1.356148],[103.82736,1.356105],[103.827355,1.35611]]]},"properties":{"class":"residential","subtype":"residential","num_floors":3}},{"type":"Feature","geometry":{"type":"Polygon","coordinates":[[[103.827381,1.356654],[103.827383,1.356599],[103.82754,1.356606],[103.827538,1.356661],[103.827381,1.356654]]]},"properties":{"class":"house","subtype":"residential"}},{"type":"Feature","geometry":{"type":"Polygon","coordinates":[[[103.827391,1.356597],[103.827393,1.356542],[103.82755,1.356549],[103.827547,1.356604],[103.827391,1.356597]]]},"properties":{"class":"house","subtype":"residential"}},{"type":"Feature","geometry":{"type":"Polygon","coordinates":[[[103.827368,1.35671],[103.827371,1.356655],[103.827528,1.356661],[103.827525,1.356717],[103.827368,1.35671]]]},"properties":{"class":"house","subtype":"residential"}},{"type":"Feature","geometry":{"type":"Polygon","coordinates":[[[103.827337,1.356823],[103.82734,1.356768],[103.827497,1.356775],[103.827494,1.35683],[103.827337,1.356823]]]},"properties":{"class":"house","subtype":"residential"}},{"type":"Feature","geometry":{"type":"Polygon","coordinates":[[[103.827357,1.356766],[103.827359,1.356711],[103.827516,1.356718],[103.827514,1.356773],[103.827357,1.356766]]]},"properties":{"class":"house","subtype":"residential"}},{"type":"Feature","geometry":{"type":"Polygon","coordinates":[[[103.82732,1.35688],[103.827322,1.356824],[103.827479,1.356831],[103.827476,1.356887],[103.82732,1.35688]]]},"properties":{"class":"house","subtype":"residential"}},{"type":"Feature","geometry":{"type":"Polygon","coordinates":[[[103.827296,1.356935],[103.827298,1.35688],[103.827455,1.356887],[103.827453,1.356942],[103.827296,1.356935]]]},"properties":{"class":"house","subtype":"residential"}},{"type":"Feature","geometry":{"type":"Polygon","coordinates":[[[103.827722,1.357273],[103.827545,1.357216],[103.827564,1.357157],[103.827741,1.357214],[103.827722,1.357273]]]},"properties":{}},{"type":"Feature","geometry":{"type":"Polygon","coordinates":[[[103.827518,1.357574],[103.827403,1.357535],[103.827451,1.35739],[103.827571,1.357431],[103.827556,1.357475],[103.827613,1.357494],[103.827596,1.357544],[103.827535,1.357524],[103.827518,1.357574]]]},"properties":{"class":"house","subtype":"residential"}},{"type":"Feature","geometry":{"type":"Polygon","coordinates":[[[103.827452,1.357807],[103.827393,1.357788],[103.827423,1.357693],[103.827435,1.357697],[103.827445,1.357665],[103.827424,1.357658],[103.827445,1.357593],[103.827547,1.357626],[103.827501,1.357771],[103.827467,1.357761],[103.827452,1.357807]]]},"properties":{"class":"house","subtype":"residential","num_floors":2}},{"type":"Feature","geometry":{"type":"Polygon","coordinates":[[[103.827297,1.357678],[103.827173,1.357646],[103.827203,1.357531],[103.827396,1.357581],[103.827367,1.357691],[103.827357,1.357688],[103.827335,1.357774],[103.827276,1.357759],[103.827297,1.357678]]]},"properties":{"class":"house","subtype":"residential","num_floors":2}},{"type":"Feature","geometry":{"type":"Polygon","coordinates":[[[103.827347,1.357528],[103.827221,1.357486],[103.827273,1.357333],[103.827291,1.357339],[103.827312,1.357275],[103.827408,1.357307],[103.827391,1.357358],[103.827408,1.357364],[103.827387,1.357427],[103.82732,1.357404],[103.827299,1.357468],[103.82736,1.357488],[103.827347,1.357528]]]},"properties":{"class":"house","subtype":"residential"}},{"type":"Feature","geometry":{"type":"Polygon","coordinates":[[[103.827275,1.356991],[103.827278,1.356936],[103.827435,1.356943],[103.827432,1.356998],[103.827275,1.356991]]]},"properties":{"class":"house","subtype":"residential"}},{"type":"Feature","geometry":{"type":"Polygon","coordinates":[[[103.827273,1.357124],[103.827175,1.357095],[103.82719,1.357045],[103.827287,1.357074],[103.827273,1.357124]]]},"properties":{}},{"type":"Feature","geometry":{"type":"Polygon","coordinates":[[[103.827108,1.357449],[103.827027,1.357422],[103.827054,1.357341],[103.827067,1.357345],[103.827107,1.357224],[103.827179,1.357248],[103.827163,1.357298],[103.827233,1.357321],[103.827188,1.357458],[103.827113,1.357433],[103.827108,1.357449]]]},"properties":{"class":"house","subtype":"residential"}},{"type":"Feature","geometry":{"type":"Polygon","coordinates":[[[103.82717,1.358275],[103.827186,1.358222],[103.827346,1.358268],[103.827305,1.358409],[103.82717,1.358454],[103.827155,1.358408],[103.827143,1.358372],[103.827156,1.358326],[103.82717,1.358275]]]},"properties":{"class":"terrace","subtype":"residential"}},{"type":"Feature","geometry":{"type":"Polygon","coordinates":[[[103.827101,1.358657],[103.827154,1.358632],[103.827181,1.358691],[103.827128,1.358715],[103.827101,1.358657]]]},"properties":{}},{"type":"Feature","geometry":{"type":"Polygon","coordinates":[[[103.82759,1.358542],[103.827615,1.35855],[103.827605,1.358583],[103.82758,1.358575],[103.82759,1.358542]]]},"properties":{}},{"type":"Feature","geometry":{"type":"Polygon","coordinates":[[[103.827532,1.358529],[103.827582,1.358572],[103.827563,1.358594],[103.827513,1.358551],[103.827532,1.358529]]]},"properties":{}},{"type":"Feature","geometry":{"type":"Polygon","coordinates":[[[103.827427,1.358328],[103.827441,1.358277],[103.8276,1.35832],[103.827547,1.358517],[103.827442,1.358489],[103.827447,1.358468],[103.827393,1.358454],[103.827414,1.358377],[103.827477,1.358394],[103.82749,1.358345],[103.827427,1.358328]]]},"properties":{"class":"commercial","subtype":"commercial"}},{"type":"Feature","geometry":{"type":"Polygon","coordinates":[[[103.827192,1.358148],[103.827273,1.357878],[103.827302,1.357887],[103.827344,1.357899],[103.827397,1.357915],[103.827443,1.357929],[103.827498,1.357945],[103.827548,1.35796],[103.827602,1.357976],[103.827661,1.357994],[103.827705,1.358007],[103.827749,1.35802],[103.827669,1.35829],[103.827192,1.358148]]]},"properties":{"class":"terrace","subtype":"residential","num_floors":2}},{"type":"Feature","geometry":{"type":"Polygon","coordinates":[[[103.827627,1.358319],[103.827669,1.358331],[103.827647,1.35841],[103.827605,1.358398],[103.827627,1.358319]]]},"properties":{}},{"type":"Feature","geometry":{"type":"Polygon","coordinates":[[[103.827837,1.358793],[103.827648,1.358646],[103.827757,1.358511],[103.827944,1.358668],[103.827837,1.358793]]]},"properties":{"class":"terrace","subtype":"residential"}},{"type":"Feature","geometry":{"type":"Polygon","coordinates":[[[103.828231,1.359111],[103.827868,1.35883],[103.828036,1.35863],[103.828384,1.35891],[103.828231,1.359111]]]},"properties":{"class":"terrace","subtype":"residential"}},{"type":"Feature","geometry":{"type":"Polygon","coordinates":[[[103.828008,1.358483],[103.827791,1.358416],[103.8278,1.358385],[103.827815,1.358338],[103.827835,1.358273],[103.82785,1.358227],[103.827868,1.358169],[103.827889,1.3581],[103.827898,1.358072],[103.828115,1.35814],[103.828008,1.358483]]]},"properties":{"class":"terrace","subtype":"residential","num_floors":2}},{"type":"Feature","geometry":{"type":"Polygon","coordinates":[[[103.8282,1.358261],[103.828142,1.358245],[103.828163,1.358174],[103.82822,1.35819],[103.8282,1.358261]]]},"properties":{"class":"service","subtype":"service"}},{"type":"Feature","geometry":{"type":"Polygon","coordinates":[[[103.828108,1.357913],[103.82807,1.357903],[103.828103,1.357785],[103.828122,1.35779],[103.828131,1.357758],[103.82815,1.357763],[103.828108,1.357913]]]},"properties":{"class":"house","subtype":"residential","num_floors":3}},{"type":"Feature","geometry":{"type":"Polygon","coordinates":[[[103.828154,1.357517],[103.828093,1.357674],[103.828023,1.357647],[103.828078,1.357506],[103.828083,1.357508],[103.828086,1.357505],[103.82809,1.357503],[103.828094,1.357503],[103.828097,1.357503],[103.828101,1.357506],[103.828104,1.357509],[103.828106,1.357513],[103.828107,1.357517],[103.828113,1.357519],[103.828117,1.357508],[103.82812,1.357506],[103.828125,1.357506],[103.828154,1.357517]]]},"properties":{"class":"residential","subtype":"residential"}},{"type":"Feature","geometry":{"type":"Polygon","coordinates":[[[103.828207,1.357323],[103.828064,1.357274],[103.828065,1.35727],[103.828061,1.357267],[103.828058,1.357263],[103.828057,1.357257],[103.828058,1.357252],[103.82806,1.357249],[103.828065,1.357246],[103.828069,1.357245],[103.828074,1.357245],[103.828075,1.357241],[103.828076,1.357237],[103.828073,1.357234],[103.82807,1.357229],[103.828069,1.357224],[103.828069,1.357219],[103.828072,1.357216],[103.828077,1.357213],[103.828081,1.357212],[103.828085,1.357212],[103.828086,1.357208],[103.82823,1.357257],[103.828207,1.357323]]]},"properties":{"class":"residential","subtype":"residential"}},{"type":"Feature","geometry":{"type":"Polygon","coordinates":[[[103.828239,1.357238],[103.828096,1.357189],[103.828097,1.357185],[103.828093,1.357182],[103.82809,1.357177],[103.828089,1.357172],[103.82809,1.357167],[103.828092,1.357164],[103.828097,1.357161],[103.828102,1.35716],[103.828106,1.35716],[103.828107,1.357156],[103.828108,1.357152],[103.828105,1.357149],[103.828102,1.357144],[103.828101,1.357139],[103.828101,1.357134],[103.828104,1.357131],[103.828109,1.357128],[103.828113,1.357126],[103.828117,1.357127],[103.828118,1.357123],[103.828262,1.357172],[103.828239,1.357238]]]},"properties":{"class":"residential","subtype":"residential"}},{"type":"Feature","geometry":{"type":"Polygon","coordinates":[[[103.828263,1.35717],[103.82812,1.357121],[103.828121,1.357117],[103.828117,1.357114],[103.828114,1.35711],[103.828113,1.357104],[103.828114,1.357099],[103.828116,1.357096],[103.828121,1.357093],[103.828126,1.357092],[103.82813,1.357092],[103.828131,1.357088],[103.828132,1.357084],[103.828129,1.357081],[103.828126,1.357077],[103.828125,1.357071],[103.828125,1.357066],[103.828128,1.357063],[103.828133,1.35706],[103.828137,1.357059],[103.828141,1.357059],[103.828142,1.357055],[103.828286,1.357104],[103.828263,1.35717]]]},"properties":{"class":"residential","subtype":"residential"}},{"type":"Feature","geometry":{"type":"Polygon","coordinates":[[[103.828184,1.35739],[103.828041,1.357342],[103.828042,1.357337],[103.828039,1.357334],[103.828035,1.35733],[103.828034,1.357325],[103.828035,1.35732],[103.828037,1.357316],[103.828042,1.357313],[103.828047,1.357312],[103.828051,1.357312],[103.828052,1.357308],[103.828053,1.357304],[103.82805,1.357301],[103.828047,1.357297],[103.828046,1.357291],[103.828046,1.357287],[103.828049,1.357283],[103.828054,1.35728],[103.828058,1.357279],[103.828062,1.357279],[103.828063,1.357275],[103.828207,1.357324],[103.828184,1.35739]]]},"properties":{"class":"residential","subtype":"residential"}},{"type":"Feature","geometry":{"type":"Polygon","coordinates":[[[103.828006,1.35747],[103.827945,1.357627],[103.827874,1.3576],[103.827929,1.357458],[103.827935,1.35746],[103.827938,1.357458],[103.827941,1.357456],[103.827945,1.357455],[103.827949,1.357456],[103.827952,1.357458],[103.827955,1.357462],[103.827957,1.357465],[103.827958,1.35747],[103.827964,1.357472],[103.827969,1.357461],[103.827972,1.357459],[103.827977,1.357459],[103.828006,1.35747]]]},"properties":{"class":"residential","subtype":"residential"}},{"type":"Feature","geometry":{"type":"Polygon","coordinates":[[[103.828023,1.357647],[103.827952,1.357619],[103.828013,1.357463],[103.828042,1.357474],[103.828046,1.357477],[103.828047,1.357481],[103.828042,1.357492],[103.828048,1.357494],[103.828052,1.357492],[103.828056,1.35749],[103.828061,1.35749],[103.828064,1.35749],[103.828068,1.357492],[103.82807,1.357495],[103.828071,1.357499],[103.828072,1.357503],[103.828078,1.357505],[103.828023,1.357647]]]},"properties":{"class":"residential","subtype":"residential"}},{"type":"Feature","geometry":{"type":"Polygon","coordinates":[[[103.82803,1.357891],[103.827992,1.35788],[103.828025,1.357762],[103.828044,1.357768],[103.828053,1.357735],[103.828073,1.357741],[103.82803,1.357891]]]},"properties":{"class":"house","subtype":"residential","num_floors":3}},{"type":"Feature","geometry":{"type":"Polygon","coordinates":[[[103.828102,1.357784],[103.828069,1.357902],[103.828031,1.357891],[103.828073,1.357741],[103.828092,1.357746],[103.828083,1.357779],[103.828102,1.357784]]]},"properties":{"class":"house","subtype":"residential","num_floors":3}},{"type":"Feature","geometry":{"type":"Polygon","coordinates":[[[103.828024,1.357762],[103.827991,1.357879],[103.827953,1.357869],[103.827996,1.357719],[103.828015,1.357724],[103.828006,1.357756],[103.828024,1.357762]]]},"properties":{"class":"house","subtype":"residential","num_floors":3}},{"type":"Feature","geometry":{"type":"Polygon","coordinates":[[[103.827953,1.357869],[103.827915,1.357858],[103.827948,1.35774],[103.827967,1.357745],[103.827976,1.357713],[103.827995,1.357719],[103.827953,1.357869]]]},"properties":{"class":"house","subtype":"residential","num_floors":3}},{"type":"Feature","geometry":{"type":"Polygon","coordinates":[[[103.827876,1.357846],[103.827838,1.357836],[103.827871,1.357718],[103.82789,1.357723],[103.827899,1.357691],[103.827918,1.357696],[103.827876,1.357846]]]},"properties":{"class":"house","subtype":"residential","num_floors":3}},{"type":"Feature","geometry":{"type":"Polygon","coordinates":[[[103.827947,1.357739],[103.827914,1.357857],[103.827876,1.357846],[103.827918,1.357696],[103.827937,1.357702],[103.827928,1.357734],[103.827947,1.357739]]]},"properties":{"class":"house","subtype":"residential","num_floors":3}},{"type":"Feature","geometry":{"type":"Polygon","coordinates":[[[103.827874,1.357599],[103.827804,1.357572],[103.827865,1.357416],[103.827894,1.357427],[103.827897,1.35743],[103.827898,1.357434],[103.827894,1.357444],[103.8279,1.357447],[103.827904,1.357444],[103.827908,1.357443],[103.827912,1.357442],[103.827916,1.357443],[103.827919,1.357445],[103.827922,1.357448],[103.827923,1.357452],[103.827923,1.357456],[103.827929,1.357458],[103.827874,1.357599]]]},"properties":{"class":"residential","subtype":"residential"}},{"type":"Feature","geometry":{"type":"Polygon","coordinates":[[[103.827798,1.357824],[103.82776,1.357814],[103.827793,1.357696],[103.827812,1.357701],[103.827821,1.357669],[103.82784,1.357674],[103.827798,1.357824]]]},"properties":{"class":"house","subtype":"residential","num_floors":3}},{"type":"Feature","geometry":{"type":"Polygon","coordinates":[[[103.827869,1.357717],[103.827836,1.357835],[103.827798,1.357824],[103.82784,1.357674],[103.82786,1.35768],[103.827851,1.357712],[103.827869,1.357717]]]},"properties":{"class":"house","subtype":"residential","num_floors":3}},{"type":"Feature","geometry":{"type":"Polygon","coordinates":[[[103.827752,1.357831],[103.827776,1.357837],[103.827767,1.357869],[103.827743,1.357863],[103.827752,1.357831]]]},"properties":{}},{"type":"Feature","geometry":{"type":"Polygon","coordinates":[[[103.827721,1.357802],[103.827683,1.357792],[103.827716,1.357674],[103.827735,1.357679],[103.827744,1.357647],[103.827763,1.357652],[103.827721,1.357802]]]},"properties":{"class":"house","subtype":"residential","num_floors":3}},{"type":"Feature","geometry":{"type":"Polygon","coordinates":[[[103.827792,1.357695],[103.827759,1.357813],[103.827721,1.357802],[103.827763,1.357652],[103.827782,1.357658],[103.827773,1.35769],[103.827792,1.357695]]]},"properties":{"class":"house","subtype":"residential","num_floors":3}},{"type":"Feature","geometry":{"type":"Polygon","coordinates":[[[103.827609,1.357109],[103.827642,1.357013],[103.827859,1.357088],[103.827916,1.357191],[103.827898,1.357201],[103.827925,1.35725],[103.827863,1.357283],[103.827836,1.357235],[103.827825,1.357242],[103.827784,1.357167],[103.827609,1.357109]]]},"properties":{}},{"type":"Feature","geometry":{"type":"Polygon","coordinates":[[[103.827816,1.356495],[103.827888,1.356382],[103.827962,1.35643],[103.82789,1.356542],[103.827816,1.356495]]]},"properties":{"class":"residential","subtype":"residential"}},{"type":"Feature","geometry":{"type":"Polygon","coordinates":[[[103.827737,1.356444],[103.82781,1.356331],[103.827884,1.356379],[103.827811,1.356491],[103.827737,1.356444]]]},"properties":{"class":"residential","subtype":"residential"}},{"type":"Feature","geometry":{"type":"Polygon","coordinates":[[[103.827885,1.356247],[103.827969,1.356308],[103.827948,1.356337],[103.827864,1.356275],[103.827885,1.356247]]]},"properties":{}},{"type":"Feature","geometry":{"type":"Polygon","coordinates":[[[103.827949,1.356017],[103.8279,1.355962],[103.828037,1.35584],[103.828086,1.355895],[103.827949,1.356017]]]},"properties":{}},{"type":"Feature","geometry":{"type":"Polygon","coordinates":[[[103.827885,1.35657],[103.827957,1.356458],[103.828031,1.356505],[103.827959,1.356618],[103.827885,1.35657]]]},"properties":{"class":"residential","subtype":"residential"}},{"type":"Feature","geometry":{"type":"Polygon","coordinates":[[[103.827963,1.356622],[103.828035,1.356509],[103.828109,1.356557],[103.828037,1.356669],[103.827963,1.356622]]]},"properties":{"class":"residential","subtype":"residential"}},{"type":"Feature","geometry":{"type":"Polygon","coordinates":[[[103.828073,1.356736],[103.828145,1.356624],[103.82822,1.356672],[103.828147,1.356784],[103.828073,1.356736]]]},"properties":{"class":"residential","subtype":"residential"}},{"type":"Feature","geometry":{"type":"Polygon","coordinates":[[[103.828106,1.356153],[103.828035,1.356127],[103.828109,1.355927],[103.828179,1.355954],[103.828106,1.356153]]]},"properties":{}},{"type":"Feature","geometry":{"type":"Polygon","coordinates":[[[103.828176,1.356179],[103.828106,1.356153],[103.828179,1.355954],[103.82825,1.35598],[103.828176,1.356179]]]},"properties":{}},{"type":"Feature","geometry":{"type":"Polygon","coordinates":[[[103.828054,1.355491],[103.828082,1.355387],[103.828225,1.355425],[103.828197,1.35553],[103.828054,1.355491]]]},"properties":{}},{"type":"Feature","geometry":{"type":"Polygon","coordinates":[[[103.8279,1.355962],[103.827851,1.355908],[103.827988,1.355785],[103.828037,1.35584],[103.8279,1.355962]]]},"properties":{}},{"type":"Feature","geometry":{"type":"Polygon","coordinates":[[[103.827887,1.355395],[103.827958,1.355292],[103.828061,1.355363],[103.82799,1.355466],[103.827887,1.355395]]]},"properties":{}},{"type":"Feature","geometry":{"type":"Polygon","coordinates":[[[103.827891,1.355233],[103.827975,1.355104],[103.828092,1.35518],[103.828008,1.355309],[103.827891,1.355233]]]},"properties":{}},{"type":"Feature","geometry":{"type":"Polygon","coordinates":[[[103.827949,1.355104],[103.827966,1.355117],[103.827925,1.355174],[103.827907,1.355161],[103.827949,1.355104]]]},"properties":{}},{"type":"Feature","geometry":{"type":"Polygon","coordinates":[[[103.828049,1.355337],[103.828077,1.355252],[103.828122,1.355267],[103.828131,1.355239],[103.828239,1.355275],[103.828203,1.355387],[103.828049,1.355337]]]},"properties":{}},{"type":"Feature","geometry":{"type":"Polygon","coordinates":[[[103.828137,1.355071],[103.828095,1.35501],[103.828164,1.354962],[103.828206,1.355023],[103.828137,1.355071]]]},"properties":{}},{"type":"Feature","geometry":{"type":"Polygon","coordinates":[[[103.828108,1.354655],[103.828076,1.354611],[103.828153,1.354556],[103.828203,1.354625],[103.828234,1.354603],[103.828281,1.354667],[103.82825,1.354689],[103.828274,1.354723],[103.828197,1.354779],[103.828153,1.354717],[103.828141,1.354725],[103.828096,1.354663],[103.828108,1.354655]]]},"properties":{}},{"type":"Feature","geometry":{"type":"Polygon","coordinates":[[[103.828151,1.354194],[103.828144,1.354153],[103.828184,1.354145],[103.828192,1.354187],[103.828151,1.354194]]]},"properties":{}},{"type":"Feature","geometry":{"type":"Polygon","coordinates":[[[103.828103,1.354133],[103.828063,1.35403],[103.828207,1.353973],[103.828247,1.354077],[103.828103,1.354133]]]},"properties":{}},{"type":"Feature","geometry":{"type":"Polygon","coordinates":[[[103.827995,1.354461],[103.827928,1.354361],[103.828013,1.354304],[103.82808,1.354404],[103.827995,1.354461]]]},"properties":{}},{"type":"Feature","geometry":{"type":"Polygon","coordinates":[[[103.827988,1.354488],[103.828059,1.35444],[103.828127,1.354543],[103.828056,1.35459],[103.828037,1.354562],[103.828059,1.354548],[103.828039,1.354519],[103.828018,1.354533],[103.827988,1.354488]]]},"properties":{}},{"type":"Feature","geometry":{"type":"Polygon","coordinates":[[[103.828047,1.354847],[103.827985,1.354756],[103.828084,1.354688],[103.828146,1.354778],[103.828047,1.354847]]]},"properties":{}},{"type":"Feature","geometry":{"type":"Polygon","coordinates":[[[103.827903,1.354947],[103.827842,1.35486],[103.827951,1.354784],[103.828012,1.354872],[103.827903,1.354947]]]},"properties":{}},{"type":"Feature","geometry":{"type":"Polygon","coordinates":[[[103.827728,1.354489],[103.827883,1.354393],[103.827975,1.354541],[103.827911,1.354581],[103.827929,1.35461],[103.827851,1.354658],[103.82781,1.354591],[103.827797,1.354599],[103.827728,1.354489]]]},"properties":{}},{"type":"Feature","geometry":{"type":"Polygon","coordinates":[[[103.827899,1.354336],[103.827803,1.354186],[103.827901,1.354123],[103.827997,1.354273],[103.827899,1.354336]]]},"properties":{}},{"type":"Feature","geometry":{"type":"Polygon","coordinates":[[[103.827754,1.354168],[103.827643,1.353985],[103.827684,1.353961],[103.82769,1.353929],[103.82768,1.353887],[103.827887,1.353806],[103.827924,1.353881],[103.827936,1.353942],[103.827922,1.354028],[103.827892,1.354075],[103.827807,1.354135],[103.827754,1.354168]]]},"properties":{}},{"type":"Feature","geometry":{"type":"Polygon","coordinates":[[[103.827656,1.35487],[103.827589,1.35477],[103.827717,1.354684],[103.827784,1.354784],[103.827656,1.35487]]]},"properties":{}},{"type":"Feature","geometry":{"type":"Polygon","coordinates":[[[103.827849,1.354979],[103.827736,1.355055],[103.827679,1.354969],[103.827792,1.354893],[103.827849,1.354979]]]},"properties":{}},{"type":"Feature","geometry":{"type":"Polygon","coordinates":[[[103.827759,1.355255],[103.827813,1.355196],[103.827909,1.355284],[103.827856,1.355343],[103.827759,1.355255]]]},"properties":{}},{"type":"Feature","geometry":{"type":"Polygon","coordinates":[[[103.827851,1.355908],[103.827802,1.355853],[103.827938,1.35573],[103.827988,1.355785],[103.827851,1.355908]]]},"properties":{}},{"type":"Feature","geometry":{"type":"Polygon","coordinates":[[[103.827802,1.355853],[103.827752,1.355798],[103.827889,1.355675],[103.827938,1.35573],[103.827802,1.355853]]]},"properties":{}},{"type":"Feature","geometry":{"type":"Polygon","coordinates":[[[103.827752,1.355798],[103.827703,1.355743],[103.82784,1.35562],[103.827889,1.355675],[103.827752,1.355798]]]},"properties":{}},{"type":"Feature","geometry":{"type":"Polygon","coordinates":[[[103.827703,1.355743],[103.827654,1.355688],[103.827791,1.355565],[103.82784,1.35562],[103.827703,1.355743]]]},"properties":{}},{"type":"Feature","geometry":{"type":"Polygon","coordinates":[[[103.82751,1.355562],[103.82746,1.355508],[103.827601,1.355377],[103.827652,1.355431],[103.82751,1.355562]]]},"properties":{}},{"type":"Feature","geometry":{"type":"Polygon","coordinates":[[[103.82756,1.355617],[103.82751,1.355562],[103.827652,1.355431],[103.827702,1.355486],[103.82756,1.355617]]]},"properties":{}},{"type":"Feature","geometry":{"type":"Polygon","coordinates":[[[103.82761,1.355671],[103.82756,1.355617],[103.827702,1.355486],[103.827752,1.35554],[103.82761,1.355671]]]},"properties":{}},{"type":"Feature","geometry":{"type":"Polygon","coordinates":[[[103.827624,1.35511],[103.827561,1.355022],[103.827657,1.354953],[103.82772,1.355041],[103.827624,1.35511]]]},"properties":{}},{"type":"Feature","geometry":{"type":"Polygon","coordinates":[[[103.82741,1.355454],[103.82736,1.3554],[103.827412,1.35535],[103.827499,1.35527],[103.827549,1.355324],[103.82741,1.355454]]]},"properties":{}},{"type":"Feature","geometry":{"type":"Polygon","coordinates":[[[103.827329,1.355261],[103.827415,1.355181],[103.827499,1.35527],[103.827412,1.35535],[103.827329,1.355261]]]},"properties":{}},{"type":"Feature","geometry":{"type":"Polygon","coordinates":[[[103.82746,1.355508],[103.82741,1.355454],[103.827549,1.355324],[103.827601,1.355377],[103.82746,1.355508]]]},"properties":{}},{"type":"Feature","geometry":{"type":"Polygon","coordinates":[[[103.827267,1.35593],[103.827228,1.355891],[103.827337,1.355779],[103.827376,1.355817],[103.827267,1.35593]]]},"properties":{"class":"house","subtype":"residential"}},{"type":"Feature","geometry":{"type":"Polygon","coordinates":[[[103.827227,1.355884],[103.827187,1.355845],[103.827296,1.355733],[103.827336,1.355771],[103.827227,1.355884]]]},"properties":{"class":"house","subtype":"residential"}},{"type":"Feature","geometry":{"type":"Polygon","coordinates":[[[103.827184,1.355838],[103.827144,1.3558],[103.827254,1.355687],[103.827293,1.355726],[103.827184,1.355838]]]},"properties":{"class":"house","subtype":"residential"}},{"type":"Feature","geometry":{"type":"Polygon","coordinates":[[[103.82714,1.355795],[103.8271,1.355757],[103.827209,1.355644],[103.827249,1.355683],[103.82714,1.355795]]]},"properties":{"class":"house","subtype":"residential"}},{"type":"Feature","geometry":{"type":"Polygon","coordinates":[[[103.827096,1.355752],[103.827057,1.355713],[103.827166,1.355601],[103.827206,1.355639],[103.827096,1.355752]]]},"properties":{"class":"house","subtype":"residential"}},{"type":"Feature","geometry":{"type":"Polygon","coordinates":[[[103.827089,1.355644],[103.827082,1.355545],[103.827137,1.355544],[103.827179,1.355585],[103.827107,1.35566],[103.827089,1.355644]]]},"properties":{"class":"house","subtype":"residential"}},{"type":"Feature","geometry":{"type":"Polygon","coordinates":[[[103.827078,1.354992],[103.827044,1.354938],[103.827141,1.354876],[103.827175,1.354929],[103.827078,1.354992]]]},"properties":{}},{"type":"Feature","geometry":{"type":"Polygon","coordinates":[[[103.827112,1.355045],[103.827078,1.354992],[103.827175,1.354929],[103.82721,1.354983],[103.827112,1.355045]]]},"properties":{}},{"type":"Feature","geometry":{"type":"Polygon","coordinates":[[[103.827147,1.355099],[103.827112,1.355045],[103.82721,1.354983],[103.827244,1.355036],[103.827147,1.355099]]]},"properties":{}},{"type":"Feature","geometry":{"type":"Polygon","coordinates":[[[103.827181,1.355152],[103.827147,1.355099],[103.827244,1.355036],[103.827279,1.355089],[103.827181,1.355152]]]},"properties":{}},{"type":"Feature","geometry":{"type":"Polygon","coordinates":[[[103.827157,1.354504],[103.827091,1.354407],[103.827146,1.354371],[103.827126,1.354341],[103.827179,1.354305],[103.827265,1.354432],[103.827157,1.354504]]]},"properties":{}},{"type":"Feature","geometry":{"type":"Polygon","coordinates":[[[103.82717,1.3542],[103.827129,1.35408],[103.827276,1.35403],[103.827311,1.354132],[103.82728,1.354142],[103.827286,1.35416],[103.82717,1.3542]]]},"properties":{}},{"type":"Feature","geometry":{"type":"Polygon","coordinates":[[[103.827326,1.354313],[103.827289,1.354258],[103.827406,1.354178],[103.827465,1.354265],[103.827434,1.354286],[103.827445,1.354301],[103.827385,1.354342],[103.827353,1.354294],[103.827326,1.354313]]]},"properties":{}},{"type":"Feature","geometry":{"type":"Polygon","coordinates":[[[103.827307,1.354675],[103.827396,1.354618],[103.827479,1.354748],[103.827419,1.354787],[103.827401,1.354759],[103.827347,1.354794],[103.827304,1.354727],[103.827329,1.354711],[103.827307,1.354675]]]},"properties":{}},{"type":"Feature","geometry":{"type":"Polygon","coordinates":[[[103.827713,1.354586],[103.827565,1.354679],[103.827468,1.354524],[103.827522,1.35449],[103.827543,1.354524],[103.827637,1.354465],[103.827713,1.354586]]]},"properties":{}},{"type":"Feature","geometry":{"type":"Polygon","coordinates":[[[103.82748,1.354848],[103.827465,1.354823],[103.827527,1.354783],[103.827601,1.3549],[103.827516,1.354954],[103.827496,1.354923],[103.827473,1.354938],[103.827434,1.354877],[103.82748,1.354848]]]},"properties":{}},{"type":"Feature","geometry":{"type":"Polygon","coordinates":[[[103.827574,1.35482],[103.827602,1.354799],[103.827635,1.354844],[103.827606,1.354864],[103.827574,1.35482]]]},"properties":{}},{"type":"Feature","geometry":{"type":"Polygon","coordinates":[[[103.8276,1.354235],[103.827451,1.354035],[103.827551,1.353961],[103.827662,1.35411],[103.827621,1.354141],[103.827658,1.354191],[103.8276,1.354235]]]},"properties":{}},{"type":"Feature","geometry":{"type":"Polygon","coordinates":[[[103.82797,1.35389],[103.827931,1.353795],[103.828048,1.353747],[103.828087,1.353842],[103.82797,1.35389]]]},"properties":{}},{"type":"Feature","geometry":{"type":"Polygon","coordinates":[[[103.828107,1.353838],[103.828062,1.353728],[103.828142,1.353696],[103.828151,1.353718],[103.828199,1.353698],[103.828224,1.353761],[103.828194,1.353773],[103.828204,1.353798],[103.828107,1.353838]]]},"properties":{}},{"type":"Feature","geometry":{"type":"Polygon","coordinates":[[[103.828263,1.353775],[103.828231,1.353679],[103.828357,1.353636],[103.82839,1.353732],[103.828263,1.353775]]]},"properties":{}},{"type":"Feature","geometry":{"type":"Polygon","coordinates":[[[103.828432,1.353722],[103.828395,1.35361],[103.828518,1.35357],[103.828554,1.353681],[103.828432,1.353722]]]},"properties":{}},{"type":"Feature","geometry":{"type":"Polygon","coordinates":[[[103.828537,1.353696],[103.828546,1.353722],[103.828507,1.353735],[103.828499,1.353708],[103.828537,1.353696]]]},"properties":{}},{"type":"Feature","geometry":{"type":"Polygon","coordinates":[[[103.828585,1.353666],[103.828547,1.353562],[103.82866,1.35352],[103.828698,1.353624],[103.828585,1.353666]]]},"properties":{}},{"type":"Feature","geometry":{"type":"Polygon","coordinates":[[[103.828727,1.353602],[103.828719,1.353522],[103.828788,1.353516],[103.828796,1.353595],[103.828727,1.353602]]]},"properties":{}},{"type":"Feature","geometry":{"type":"Polygon","coordinates":[[[103.829215,1.353486],[103.829207,1.353453],[103.829255,1.353442],[103.829263,1.353475],[103.829215,1.353486]]]},"properties":{}},{"type":"Feature","geometry":{"type":"Polygon","coordinates":[[[103.829176,1.35346],[103.829146,1.353368],[103.829279,1.353325],[103.829309,1.353417],[103.829176,1.35346]]]},"properties":{}},{"type":"Feature","geometry":{"type":"Polygon","coordinates":[[[103.829307,1.353833],[103.829224,1.353714],[103.829329,1.35364],[103.829413,1.353759],[103.829307,1.353833]]]},"properties":{}},{"type":"Feature","geometry":{"type":"Polygon","coordinates":[[[103.829068,1.353687],[103.829142,1.353633],[103.829248,1.353781],[103.829175,1.353834],[103.829068,1.353687]]]},"properties":{}},{"type":"Feature","geometry":{"type":"Polygon","coordinates":[[[103.82905,1.353506],[103.829018,1.353404],[103.829129,1.353369],[103.829161,1.353472],[103.82905,1.353506]]]},"properties":{}},{"type":"Feature","geometry":{"type":"Polygon","coordinates":[[[103.828866,1.353576],[103.828834,1.353478],[103.828963,1.353436],[103.828994,1.353534],[103.828866,1.353576]]]},"properties":{}},{"type":"Feature","geometry":{"type":"Polygon","coordinates":[[[103.828861,1.353923],[103.828843,1.353773],[103.828859,1.353764],[103.828898,1.353771],[103.828911,1.353783],[103.828918,1.3538],[103.828931,1.353914],[103.828861,1.353923]]]},"properties":{}},{"type":"Feature","geometry":{"type":"Polygon","coordinates":[[[103.828833,1.353992],[103.828837,1.353934],[103.828953,1.353942],[103.828942,1.354097],[103.828851,1.354091],[103.828858,1.353994],[103.828833,1.353992]]]},"properties":{}},{"type":"Feature","geometry":{"type":"Polygon","coordinates":[[[103.828826,1.354256],[103.828855,1.354106],[103.828931,1.354121],[103.828924,1.354156],[103.828943,1.35416],[103.828923,1.354261],[103.828905,1.354257],[103.828902,1.354271],[103.828826,1.354256]]]},"properties":{}},{"type":"Feature","geometry":{"type":"Polygon","coordinates":[[[103.828757,1.35441],[103.828802,1.354264],[103.828906,1.354297],[103.828861,1.354443],[103.828757,1.35441]]]},"properties":{}},{"type":"Feature","geometry":{"type":"Polygon","coordinates":[[[103.828711,1.354533],[103.82867,1.354502],[103.828744,1.354407],[103.828844,1.354485],[103.828759,1.354594],[103.828699,1.354548],[103.828711,1.354533]]]},"properties":{}},{"type":"Feature","geometry":{"type":"Polygon","coordinates":[[[103.828775,1.354807],[103.8287,1.354759],[103.828789,1.354622],[103.828864,1.35467],[103.828804,1.354764],[103.828847,1.354792],[103.828823,1.354828],[103.82878,1.3548],[103.828775,1.354807]]]},"properties":{}},{"type":"Feature","geometry":{"type":"Polygon","coordinates":[[[103.8288,1.354604],[103.828873,1.354475],[103.828949,1.354519],[103.828876,1.354647],[103.8288,1.354604]]]},"properties":{}},{"type":"Feature","geometry":{"type":"Polygon","coordinates":[[[103.82888,1.354457],[103.828937,1.354316],[103.829015,1.354348],[103.828975,1.354448],[103.829007,1.35446],[103.828995,1.354489],[103.828963,1.354477],[103.828958,1.354489],[103.82888,1.354457]]]},"properties":{}},{"type":"Feature","geometry":{"type":"Polygon","coordinates":[[[103.828968,1.354519],[103.829002,1.35453],[103.828992,1.354566],[103.828957,1.354555],[103.828968,1.354519]]]},"properties":{}},{"type":"Feature","geometry":{"type":"Polygon","coordinates":[[[103.828942,1.354282],[103.828985,1.354145],[103.82909,1.354178],[103.829047,1.354315],[103.828942,1.354282]]]},"properties":{}},{"type":"Feature","geometry":{"type":"Polygon","coordinates":[[[103.828985,1.354118],[103.828987,1.35393],[103.829096,1.353932],[103.829094,1.354119],[103.828985,1.354118]]]},"properties":{}},{"type":"Feature","geometry":{"type":"Polygon","coordinates":[[[103.829239,1.353918],[103.829205,1.353878],[103.829261,1.353831],[103.829294,1.353871],[103.829239,1.353918]]]},"properties":{}},{"type":"Feature","geometry":{"type":"Polygon","coordinates":[[[103.829297,1.35391],[103.829258,1.353943],[103.82924,1.353923],[103.82928,1.35389],[103.829297,1.35391]]]},"properties":{}},{"type":"Feature","geometry":{"type":"Polygon","coordinates":[[[103.829217,1.354319],[103.829242,1.354241],[103.829364,1.354281],[103.829326,1.354399],[103.829193,1.354355],[103.829205,1.354315],[103.829217,1.354319]]]},"properties":{}},{"type":"Feature","geometry":{"type":"Polygon","coordinates":[[[103.829208,1.354435],[103.829224,1.354389],[103.829298,1.354414],[103.829251,1.354556],[103.829149,1.354522],[103.829181,1.354426],[103.829208,1.354435]]]},"properties":{}},{"type":"Feature","geometry":{"type":"Polygon","coordinates":[[[103.829277,1.354813],[103.829206,1.354769],[103.829256,1.354687],[103.829327,1.354731],[103.829277,1.354813]]]},"properties":{}},{"type":"Feature","geometry":{"type":"Polygon","coordinates":[[[103.829125,1.354896],[103.829191,1.354795],[103.829268,1.354845],[103.829202,1.354946],[103.829125,1.354896]]]},"properties":{}},{"type":"Feature","geometry":{"type":"Polygon","coordinates":[[[103.829105,1.354837],[103.82901,1.354785],[103.829054,1.354706],[103.829081,1.354721],[103.829172,1.354556],[103.829239,1.354592],[103.829105,1.354837]]]},"properties":{}},{"type":"Feature","geometry":{"type":"Polygon","coordinates":[[[103.829097,1.355482],[103.829027,1.3554],[103.829134,1.355308],[103.829205,1.35539],[103.829097,1.355482]]]},"properties":{}},{"type":"Feature","geometry":{"type":"Polygon","coordinates":[[[103.829118,1.354908],[103.829201,1.354947],[103.829149,1.355057],[103.829067,1.355018],[103.829118,1.354908]]]},"properties":{}},{"type":"Feature","geometry":{"type":"Polygon","coordinates":[[[103.829181,1.35499],[103.829211,1.354999],[103.8292,1.355031],[103.829171,1.355021],[103.829181,1.35499]]]},"properties":{}},{"type":"Feature","geometry":{"type":"Polygon","coordinates":[[[103.829238,1.355347],[103.829165,1.355277],[103.829258,1.355179],[103.829332,1.35525],[103.829238,1.355347]]]},"properties":{}},{"type":"Feature","geometry":{"type":"Polygon","coordinates":[[[103.829274,1.355522],[103.82919,1.355442],[103.829295,1.355332],[103.829379,1.355412],[103.829274,1.355522]]]},"properties":{}},{"type":"Feature","geometry":{"type":"Polygon","coordinates":[[[103.829327,1.355698],[103.829256,1.355765],[103.829235,1.355744],[103.829307,1.355676],[103.829327,1.355698]]]},"properties":{}},{"type":"Feature","geometry":{"type":"Polygon","coordinates":[[[103.829347,1.35583],[103.829258,1.35592],[103.829162,1.355825],[103.829206,1.35578],[103.829227,1.3558],[103.829271,1.355756],[103.829347,1.35583]]]},"properties":{}},{"type":"Feature","geometry":{"type":"Polygon","coordinates":[[[103.8291,1.355662],[103.829044,1.355592],[103.82914,1.355515],[103.829132,1.355505],[103.829161,1.355481],[103.829226,1.355562],[103.8291,1.355662]]]},"properties":{}},{"type":"Feature","geometry":{"type":"Polygon","coordinates":[[[103.828926,1.355807],[103.828867,1.355721],[103.829006,1.355625],[103.829065,1.355712],[103.828926,1.355807]]]},"properties":{}},{"type":"Feature","geometry":{"type":"Polygon","coordinates":[[[103.828951,1.355627],[103.828891,1.355554],[103.829011,1.355456],[103.829071,1.355528],[103.828951,1.355627]]]},"properties":{}},{"type":"Feature","geometry":{"type":"Polygon","coordinates":[[[103.828982,1.355203],[103.828916,1.355135],[103.829028,1.355027],[103.829109,1.355111],[103.829028,1.35519],[103.829012,1.355173],[103.828982,1.355203]]]},"properties":{}},{"type":"Feature","geometry":{"type":"Polygon","coordinates":[[[103.829014,1.355],[103.828913,1.354918],[103.828958,1.354862],[103.828941,1.354848],[103.828996,1.354781],[103.829115,1.354877],[103.829014,1.355]]]},"properties":{}},{"type":"Feature","geometry":{"type":"Polygon","coordinates":[[[103.828836,1.355339],[103.828778,1.355256],[103.828898,1.355172],[103.828956,1.355255],[103.828836,1.355339]]]},"properties":{}},{"type":"Feature","geometry":{"type":"Polygon","coordinates":[[[103.828847,1.355165],[103.82878,1.355101],[103.828888,1.354987],[103.828955,1.35505],[103.828847,1.355165]]]},"properties":{}},{"type":"Feature","geometry":{"type":"Polygon","coordinates":[[[103.828828,1.355018],[103.828795,1.355063],[103.82877,1.355043],[103.828803,1.354999],[103.828828,1.355018]]]},"properties":{}},{"type":"Feature","geometry":{"type":"Polygon","coordinates":[[[103.828791,1.355705],[103.828738,1.355609],[103.828847,1.355548],[103.8289,1.355644],[103.828791,1.355705]]]},"properties":{}},{"type":"Feature","geometry":{"type":"Polygon","coordinates":[[[103.828824,1.355837],[103.82884,1.35587],[103.828794,1.355892],[103.828778,1.355859],[103.828824,1.355837]]]},"properties":{}},{"type":"Feature","geometry":{"type":"Polygon","coordinates":[[[103.828737,1.355864],[103.828698,1.355793],[103.828837,1.355717],[103.828875,1.355788],[103.828737,1.355864]]]},"properties":{}},{"type":"Feature","geometry":{"type":"Polygon","coordinates":[[[103.828729,1.355756],[103.828586,1.355805],[103.828548,1.355693],[103.828594,1.355677],[103.828605,1.355708],[103.828655,1.355692],[103.828644,1.35566],[103.828692,1.355644],[103.828729,1.355756]]]},"properties":{}},{"type":"Feature","geometry":{"type":"Polygon","coordinates":[[[103.8285,1.355957],[103.82848,1.355846],[103.828642,1.355818],[103.828662,1.355928],[103.8285,1.355957]]]},"properties":{}},{"type":"Feature","geometry":{"type":"Polygon","coordinates":[[[103.8285,1.355496],[103.828475,1.355404],[103.828583,1.355374],[103.828608,1.355466],[103.8285,1.355496]]]},"properties":{}},{"type":"Feature","geometry":{"type":"Polygon","coordinates":[[[103.828614,1.354978],[103.828516,1.355046],[103.828472,1.354982],[103.828496,1.354966],[103.828481,1.354945],[103.828531,1.354911],[103.828545,1.354932],[103.82857,1.354914],[103.828614,1.354978]]]},"properties":{}},{"type":"Feature","geometry":{"type":"Polygon","coordinates":[[[103.828593,1.354887],[103.828618,1.354856],[103.828655,1.354886],[103.82863,1.354917],[103.828593,1.354887]]]},"properties":{}},{"type":"Feature","geometry":{"type":"Polygon","coordinates":[[[103.828652,1.355312],[103.828575,1.355206],[103.828717,1.355103],[103.828794,1.355209],[103.828652,1.355312]]]},"properties":{}},{"type":"Feature","geometry":{"type":"Polygon","coordinates":[[[103.828674,1.355452],[103.828617,1.355357],[103.828743,1.355283],[103.828799,1.355378],[103.828674,1.355452]]]},"properties":{}},{"type":"Feature","geometry":{"type":"Polygon","coordinates":[[[103.828701,1.354894],[103.828635,1.354836],[103.828686,1.354778],[103.828752,1.354836],[103.828701,1.354894]]]},"properties":{}},{"type":"Feature","geometry":{"type":"Polygon","coordinates":[[[103.828745,1.354594],[103.828683,1.354701],[103.828582,1.354643],[103.828644,1.354535],[103.828745,1.354594]]]},"properties":{}},{"type":"Feature","geometry":{"type":"Polygon","coordinates":[[[103.828605,1.353981],[103.828568,1.353854],[103.828643,1.353832],[103.82868,1.353959],[103.828605,1.353981]]]},"properties":{}},{"type":"Feature","geometry":{"type":"Polygon","coordinates":[[[103.828638,1.354244],[103.828662,1.354246],[103.828658,1.354304],[103.828633,1.354302],[103.828638,1.354244]]]},"properties":{}},{"type":"Feature","geometry":{"type":"Polygon","coordinates":[[[103.82858,1.354091],[103.828607,1.354004],[103.828688,1.354029],[103.828649,1.354151],[103.828605,1.354137],[103.828592,1.354179],[103.828544,1.354164],[103.828568,1.354087],[103.82858,1.354091]]]},"properties":{}},{"type":"Feature","geometry":{"type":"Polygon","coordinates":[[[103.828476,1.354419],[103.828528,1.354252],[103.828601,1.354275],[103.828549,1.354442],[103.828476,1.354419]]]},"properties":{}},{"type":"Feature","geometry":{"type":"Polygon","coordinates":[[[103.8285,1.354811],[103.828474,1.35476],[103.828575,1.354656],[103.828662,1.354742],[103.828552,1.354866],[103.828527,1.35486],[103.828498,1.354828],[103.8285,1.354811]]]},"properties":{}},{"type":"Feature","geometry":{"type":"Polygon","coordinates":[[[103.828409,1.354934],[103.828344,1.354847],[103.828443,1.354772],[103.828508,1.35486],[103.828409,1.354934]]]},"properties":{}},{"type":"Feature","geometry":{"type":"Polygon","coordinates":[[[103.828316,1.354397],[103.828393,1.354345],[103.828513,1.354519],[103.828399,1.354597],[103.828339,1.35451],[103.828376,1.354485],[103.828316,1.354397]]]},"properties":{}},{"type":"Feature","geometry":{"type":"Polygon","coordinates":[[[103.828506,1.354145],[103.828416,1.354106],[103.828454,1.354019],[103.828543,1.354057],[103.828506,1.354145]]]},"properties":{}},{"type":"Feature","geometry":{"type":"Polygon","coordinates":[[[103.828462,1.354021],[103.828413,1.353998],[103.828408,1.353977],[103.82853,1.353951],[103.828542,1.354004],[103.828462,1.354021]]]},"properties":{}},{"type":"Feature","geometry":{"type":"Polygon","coordinates":[[[103.828331,1.354032],[103.828387,1.354041],[103.828373,1.354129],[103.828316,1.354119],[103.828331,1.354032]]]},"properties":{}},{"type":"Feature","geometry":{"type":"Polygon","coordinates":[[[103.828352,1.354296],[103.82839,1.354185],[103.828468,1.354212],[103.82843,1.354321],[103.82838,1.354329],[103.828352,1.354296]]]},"properties":{}},{"type":"Feature","geometry":{"type":"Polygon","coordinates":[[[103.828202,1.3542],[103.828222,1.354132],[103.828359,1.354174],[103.828338,1.354242],[103.828329,1.35428],[103.828299,1.35431],[103.828265,1.354333],[103.828243,1.35431],[103.828224,1.354321],[103.828181,1.354258],[103.828196,1.354245],[103.828179,1.354219],[103.828202,1.3542]]]},"properties":{}},{"type":"Feature","geometry":{"type":"Polygon","coordinates":[[[103.828268,1.355028],[103.828205,1.354937],[103.828322,1.354855],[103.828385,1.354946],[103.828268,1.355028]]]},"properties":{}},{"type":"Feature","geometry":{"type":"Polygon","coordinates":[[[103.82833,1.355151],[103.828276,1.355067],[103.828417,1.354976],[103.828472,1.355061],[103.82833,1.355151]]]},"properties":{}},{"type":"Feature","geometry":{"type":"Polygon","coordinates":[[[103.828249,1.35541],[103.828253,1.3553],[103.828333,1.355311],[103.828428,1.355302],[103.828532,1.35527],[103.828562,1.355363],[103.828492,1.355388],[103.828398,1.355414],[103.828361,1.355415],[103.828249,1.35541]]]},"properties":{}},{"type":"Feature","geometry":{"type":"Polygon","coordinates":[[[103.828391,1.355841],[103.828369,1.355716],[103.828522,1.355689],[103.828544,1.355814],[103.828391,1.355841]]]},"properties":{}},{"type":"Feature","geometry":{"type":"Polygon","coordinates":[[[103.828368,1.355675],[103.828398,1.355671],[103.828403,1.355708],[103.828373,1.355712],[103.828368,1.355675]]]},"properties":{}},{"type":"Feature","geometry":{"type":"Polygon","coordinates":[[[103.828218,1.355765],[103.828228,1.355648],[103.828355,1.355659],[103.828345,1.355776],[103.828218,1.355765]]]},"properties":{}},{"type":"Feature","geometry":{"type":"Polygon","coordinates":[[[103.828255,1.35555],[103.828254,1.355438],[103.828379,1.355438],[103.828379,1.355549],[103.828255,1.35555]]]},"properties":{}},{"type":"Feature","geometry":{"type":"Polygon","coordinates":[[[103.828247,1.356205],[103.828176,1.356179],[103.82825,1.35598],[103.82832,1.356006],[103.828247,1.356205]]]},"properties":{}},{"type":"Feature","geometry":{"type":"Polygon","coordinates":[[[103.828317,1.356231],[103.828247,1.356205],[103.82832,1.356006],[103.828391,1.356032],[103.828317,1.356231]]]},"properties":{}},{"type":"Feature","geometry":{"type":"Polygon","coordinates":[[[103.82831,1.356303],[103.828374,1.356326],[103.828364,1.356356],[103.828299,1.356333],[103.82831,1.356303]]]},"properties":{}},{"type":"Feature","geometry":{"type":"Polygon","coordinates":[[[103.828146,1.356806],[103.828218,1.356693],[103.828292,1.356741],[103.82822,1.356853],[103.828146,1.356806]]]},"properties":{"class":"residential","subtype":"residential"}},{"type":"Feature","geometry":{"type":"Polygon","coordinates":[[[103.828226,1.35686],[103.828299,1.356747],[103.828373,1.356795],[103.8283,1.356907],[103.828226,1.35686]]]},"properties":{"class":"residential","subtype":"residential"}},{"type":"Feature","geometry":{"type":"Polygon","coordinates":[[[103.828378,1.356507],[103.828383,1.356499],[103.828453,1.356543],[103.828465,1.356551],[103.828452,1.356573],[103.82843,1.356607],[103.82837,1.356569],[103.828377,1.356558],[103.828369,1.356553],[103.828376,1.356543],[103.828361,1.356534],[103.828378,1.356507]]]},"properties":{"class":"residential","subtype":"residential"}},{"type":"Feature","geometry":{"type":"Polygon","coordinates":[[[103.828307,1.356912],[103.82838,1.3568],[103.828454,1.356847],[103.828382,1.35696],[103.828307,1.356912]]]},"properties":{"class":"residential","subtype":"residential"}},{"type":"Feature","geometry":{"type":"Polygon","coordinates":[[[103.828383,1.356499],[103.828378,1.356507],[103.828372,1.356504],[103.828383,1.356486],[103.828375,1.35648],[103.8284,1.356441],[103.828427,1.356458],[103.82843,1.356453],[103.828449,1.356466],[103.828446,1.356469],[103.82848,1.356491],[103.828458,1.356526],[103.828462,1.356529],[103.828459,1.356533],[103.828453,1.356543],[103.828383,1.356499]]]},"properties":{"class":"residential","subtype":"residential"}},{"type":"Feature","geometry":{"type":"Polygon","coordinates":[[[103.828323,1.35647],[103.828294,1.356417],[103.828367,1.356377],[103.828411,1.356413],[103.828384,1.356444],[103.828361,1.356425],[103.828323,1.35647]]]},"properties":{"subtype":"civic"}},{"type":"Feature","geometry":{"type":"Polygon","coordinates":[[[103.828388,1.356257],[103.828317,1.356231],[103.828391,1.356032],[103.828462,1.356058],[103.828388,1.356257]]]},"properties":{}},{"type":"Feature","geometry":{"type":"Polygon","coordinates":[[[103.828458,1.356283],[103.828388,1.356257],[103.828462,1.356058],[103.828532,1.356084],[103.828458,1.356283]]]},"properties":{}},{"type":"Feature","geometry":{"type":"Polygon","coordinates":[[[103.828526,1.356399],[103.828449,1.356369],[103.828549,1.356114],[103.828626,1.356144],[103.828526,1.356399]]]},"properties":{}},{"type":"Feature","geometry":{"type":"Polygon","coordinates":[[[103.828559,1.356335],[103.828637,1.356135],[103.828835,1.356211],[103.828757,1.356412],[103.828559,1.356335]]]},"properties":{}},{"type":"Feature","geometry":{"type":"Polygon","coordinates":[[[103.828622,1.356709],[103.82859,1.356702],[103.828599,1.35666],[103.828602,1.35665],[103.828683,1.356668],[103.828704,1.356673],[103.828689,1.356739],[103.828646,1.35673],[103.828648,1.35672],[103.828621,1.356714],[103.828622,1.356709]]]},"properties":{"class":"residential","subtype":"residential","num_floors":4}},{"type":"Feature","geometry":{"type":"Polygon","coordinates":[[[103.828686,1.356658],[103.828642,1.356649],[103.828645,1.356634],[103.828639,1.356633],[103.828641,1.356627],[103.828652,1.356575],[103.828657,1.356576],[103.82866,1.356564],[103.828734,1.356581],[103.828717,1.356658],[103.828716,1.356665],[103.828686,1.356658]]]},"properties":{"class":"residential","subtype":"residential","num_floors":4}},{"type":"Feature","geometry":{"type":"Polygon","coordinates":[[[103.828723,1.356659],[103.828717,1.356658],[103.828734,1.356581],[103.828776,1.35659],[103.828763,1.356648],[103.828746,1.356644],[103.828742,1.356663],[103.828738,1.356662],[103.828736,1.356667],[103.828722,1.356664],[103.828723,1.356659]]]},"properties":{"class":"residential","subtype":"residential","num_floors":4}},{"type":"Feature","geometry":{"type":"Polygon","coordinates":[[[103.828683,1.356668],[103.828686,1.356658],[103.828716,1.356665],[103.828717,1.356658],[103.828723,1.356659],[103.828722,1.356664],[103.828736,1.356667],[103.828738,1.356662],[103.828742,1.356663],[103.828746,1.356644],[103.828763,1.356648],[103.828757,1.356674],[103.828798,1.356683],[103.828796,1.356692],[103.828769,1.356686],[103.828754,1.356753],[103.82874,1.35675],[103.82872,1.356745],[103.828728,1.356707],[103.828708,1.356702],[103.828714,1.356675],[103.828709,1.356674],[103.828704,1.356673],[103.828683,1.356668]]]},"properties":{"class":"residential","subtype":"residential","num_floors":4}},{"type":"Feature","geometry":{"type":"Polygon","coordinates":[[[103.828686,1.356658],[103.828683,1.356668],[103.828602,1.35665],[103.828586,1.356647],[103.828595,1.356632],[103.828537,1.356596],[103.828545,1.356584],[103.828596,1.356616],[103.828602,1.35662],[103.828641,1.356627],[103.828639,1.356633],[103.828645,1.356634],[103.828642,1.356649],[103.828686,1.356658]]]},"properties":{"class":"roof","subtype":"outbuilding"}},{"type":"Feature","geometry":{"type":"Polygon","coordinates":[[[103.828547,1.356581],[103.828531,1.356572],[103.828542,1.356554],[103.828539,1.356553],[103.828556,1.356526],[103.82856,1.35652],[103.828593,1.356541],[103.828597,1.356536],[103.828623,1.356552],[103.828617,1.356563],[103.828622,1.356566],[103.828607,1.35659],[103.82861,1.356592],[103.828596,1.356616],[103.828545,1.356584],[103.828547,1.356581]]]},"properties":{"class":"residential","subtype":"residential"}},{"type":"Feature","geometry":{"type":"Polygon","coordinates":[[[103.828537,1.356596],[103.828595,1.356632],[103.828586,1.356647],[103.828584,1.35665],[103.828573,1.356666],[103.828559,1.356657],[103.828552,1.356668],[103.828545,1.356664],[103.828538,1.356674],[103.828477,1.356636],[103.828506,1.356591],[103.828512,1.35658],[103.828537,1.356596]]]},"properties":{"class":"residential","subtype":"residential"}},{"type":"Feature","geometry":{"type":"Polygon","coordinates":[[[103.828462,1.356529],[103.828458,1.356526],[103.82848,1.356491],[103.828486,1.356482],[103.828556,1.356526],[103.828539,1.356553],[103.828493,1.356525],[103.828482,1.356542],[103.828478,1.356539],[103.828476,1.356543],[103.828459,1.356533],[103.828462,1.356529]]]},"properties":{"class":"residential","subtype":"residential"}},{"type":"Feature","geometry":{"type":"Polygon","coordinates":[[[103.828531,1.356572],[103.828547,1.356581],[103.828545,1.356584],[103.828537,1.356596],[103.828512,1.35658],[103.828506,1.356591],[103.828482,1.356577],[103.828476,1.356588],[103.828452,1.356573],[103.828465,1.356551],[103.828453,1.356543],[103.828459,1.356533],[103.828476,1.356543],[103.828478,1.356539],[103.828482,1.356542],[103.828493,1.356525],[103.828539,1.356553],[103.828542,1.356554],[103.828531,1.356572]]]},"properties":{"class":"residential","subtype":"residential"}},{"type":"Feature","geometry":{"type":"Polygon","coordinates":[[[103.828602,1.357233],[103.828506,1.357199],[103.828509,1.357191],[103.828457,1.357173],[103.828477,1.357117],[103.828531,1.357136],[103.828534,1.357128],[103.828628,1.357161],[103.828602,1.357233]]]},"properties":{"class":"residential","subtype":"residential","num_floors":3}},{"type":"Feature","geometry":{"type":"Polygon","coordinates":[[[103.828566,1.357308],[103.82847,1.357274],[103.828473,1.357266],[103.828421,1.357248],[103.828441,1.357192],[103.828494,1.357211],[103.828497,1.357203],[103.828592,1.357236],[103.828566,1.357308]]]},"properties":{"class":"residential","subtype":"residential","num_floors":3}},{"type":"Feature","geometry":{"type":"Polygon","coordinates":[[[103.828637,1.357163],[103.828541,1.357129],[103.828544,1.357121],[103.828492,1.357103],[103.828512,1.357047],[103.828565,1.357066],[103.828568,1.357058],[103.828663,1.357091],[103.828637,1.357163]]]},"properties":{"class":"residential","subtype":"residential","num_floors":3}},{"type":"Feature","geometry":{"type":"Polygon","coordinates":[[[103.828669,1.357092],[103.828573,1.357058],[103.828576,1.35705],[103.828525,1.357032],[103.828544,1.356976],[103.828598,1.356995],[103.8286,1.356987],[103.828695,1.35702],[103.828669,1.357092]]]},"properties":{"class":"residential","subtype":"residential","num_floors":3}},{"type":"Feature","geometry":{"type":"Polygon","coordinates":[[[103.82871,1.357023],[103.828614,1.35699],[103.828616,1.356982],[103.828565,1.356964],[103.828585,1.356908],[103.828638,1.356926],[103.828641,1.356918],[103.828735,1.356952],[103.82871,1.357023]]]},"properties":{"class":"residential","subtype":"residential","num_floors":3}},{"type":"Feature","geometry":{"type":"Polygon","coordinates":[[[103.828483,1.358034],[103.828318,1.358],[103.828338,1.357903],[103.828502,1.357937],[103.828483,1.358034]]]},"properties":{"name":"Esso","class":"roof","subtype":"outbuilding","num_floors":1}},{"type":"Feature","geometry":{"type":"Polygon","coordinates":[[[103.828465,1.357829],[103.828331,1.357806],[103.828344,1.357728],[103.828478,1.357751],[103.828465,1.357829]]]},"properties":{"num_floors":1}},{"type":"Feature","geometry":{"type":"Polygon","coordinates":[[[103.828373,1.357422],[103.828356,1.357409],[103.828376,1.357353],[103.828389,1.357357],[103.828396,1.357338],[103.828525,1.357382],[103.828496,1.357404],[103.828504,1.357414],[103.828448,1.357457],[103.82844,1.357446],[103.828391,1.357484],[103.828365,1.357449],[103.828373,1.357422]]]},"properties":{"class":"residential","subtype":"residential","num_floors":3}},{"type":"Feature","geometry":{"type":"Polygon","coordinates":[[[103.828537,1.35738],[103.828441,1.357346],[103.828444,1.357338],[103.828392,1.35732],[103.828412,1.357264],[103.828465,1.357283],[103.828468,1.357275],[103.828562,1.357308],[103.828537,1.35738]]]},"properties":{"class":"residential","subtype":"residential","num_floors":3}},{"type":"Feature","geometry":{"type":"Polygon","coordinates":[[[103.828345,1.357066],[103.82832,1.357137],[103.8283,1.35713],[103.828325,1.357059],[103.828345,1.357066]]]},"properties":{}},{"type":"Feature","geometry":{"type":"Polygon","coordinates":[[[103.82826,1.358319],[103.8282,1.358302],[103.828221,1.358216],[103.828344,1.358249],[103.828319,1.358336],[103.82826,1.358319]]]},"properties":{"class":"house","subtype":"residential","num_floors":2}},{"type":"Feature","geometry":{"type":"Polygon","coordinates":[[[103.828309,1.358402],[103.828354,1.358242],[103.828461,1.358272],[103.828416,1.358433],[103.828309,1.358402]]]},"properties":{"class":"house","subtype":"residential","num_floors":2}},{"type":"Feature","geometry":{"type":"Polygon","coordinates":[[[103.828391,1.358756],[103.828062,1.358491],[103.828196,1.358324],[103.828526,1.358589],[103.828391,1.358756]]]},"properties":{"class":"terrace","subtype":"residential"}},{"type":"Feature","geometry":{"type":"Polygon","coordinates":[[[103.828174,1.35967],[103.828278,1.359543],[103.82852,1.359742],[103.828398,1.359891],[103.828485,1.359963],[103.828345,1.360133],[103.827945,1.359805],[103.827975,1.359768],[103.828104,1.359612],[103.828174,1.35967]]]},"properties":{"name":"Allium Healthcare"}},{"type":"Feature","geometry":{"type":"Polygon","coordinates":[[[103.828583,1.35956],[103.828588,1.359676],[103.828502,1.35968],[103.828497,1.359564],[103.828583,1.35956]]]},"properties":{}},{"type":"Feature","geometry":{"type":"Polygon","coordinates":[[[103.82924,1.35904],[103.829292,1.359074],[103.82926,1.359122],[103.829209,1.359088],[103.82924,1.35904]]]},"properties":{}},{"type":"Feature","geometry":{"type":"Polygon","coordinates":[[[103.829192,1.358716],[103.829306,1.358806],[103.829259,1.358865],[103.829296,1.358894],[103.829251,1.35895],[103.829286,1.358979],[103.829209,1.359075],[103.829041,1.358941],[103.829084,1.358887],[103.829036,1.358849],[103.829078,1.358796],[103.82903,1.358758],[103.829068,1.358711],[103.82902,1.358673],[103.829059,1.358624],[103.82901,1.358584],[103.829047,1.358538],[103.828997,1.358499],[103.829033,1.358453],[103.829221,1.358602],[103.829182,1.358651],[103.82922,1.358682],[103.829192,1.358716]]]},"properties":{}},{"type":"Feature","geometry":{"type":"Polygon","coordinates":[[[103.829158,1.357995],[103.82938,1.358165],[103.829264,1.358316],[103.82928,1.358327],[103.829172,1.358467],[103.829,1.358335],[103.829072,1.358241],[103.829043,1.358219],[103.829085,1.358165],[103.829066,1.35815],[103.8291,1.358107],[103.829083,1.358094],[103.829158,1.357995]]]},"properties":{}},{"type":"Feature","geometry":{"type":"Polygon","coordinates":[[[103.829201,1.358429],[103.829261,1.358473],[103.829225,1.358523],[103.829166,1.358478],[103.829201,1.358429]]]},"properties":{}},{"type":"Feature","geometry":{"type":"Polygon","coordinates":[[[103.82887,1.357119],[103.828807,1.357205],[103.828787,1.35719],[103.828849,1.357104],[103.82887,1.357119]]]},"properties":{}},{"type":"Feature","geometry":{"type":"Polygon","coordinates":[[[103.828787,1.35719],[103.828807,1.357205],[103.828783,1.357239],[103.828762,1.357224],[103.828787,1.35719]]]},"properties":{}},{"type":"Feature","geometry":{"type":"Polygon","coordinates":[[[103.828951,1.356664],[103.828949,1.35666],[103.828975,1.35665],[103.828976,1.356655],[103.828988,1.35665],[103.829,1.356646],[103.828999,1.356641],[103.829024,1.356632],[103.829026,1.356636],[103.829041,1.356631],[103.829065,1.356692],[103.82907,1.356709],[103.829038,1.356721],[103.829022,1.356678],[103.829002,1.356685],[103.828992,1.35666],[103.828986,1.356662],[103.828964,1.35667],[103.828961,1.356661],[103.828951,1.356664]]]},"properties":{"class":"residential","subtype":"residential","num_floors":4}},{"type":"Feature","geometry":{"type":"Polygon","coordinates":[[[103.829054,1.356549],[103.829049,1.356551],[103.829054,1.356565],[103.82906,1.356563],[103.829067,1.35658],[103.829061,1.356582],[103.829067,1.3566],[103.829037,1.356611],[103.829039,1.356614],[103.829045,1.35663],[103.829041,1.356631],[103.829026,1.356636],[103.829024,1.356632],[103.828999,1.356641],[103.829,1.356646],[103.828988,1.35665],[103.828959,1.35657],[103.828976,1.356564],[103.828967,1.356538],[103.82903,1.356515],[103.829035,1.356528],[103.829045,1.356524],[103.829054,1.356549]]]},"properties":{"class":"residential","subtype":"residential","num_floors":4}},{"type":"Feature","geometry":{"type":"Polygon","coordinates":[[[103.828883,1.356629],[103.828877,1.356615],[103.828872,1.356617],[103.828863,1.356591],[103.828873,1.356588],[103.828868,1.356575],[103.828931,1.356552],[103.828941,1.356577],[103.828953,1.356572],[103.828959,1.35657],[103.828988,1.35665],[103.828976,1.356655],[103.828975,1.35665],[103.828949,1.35666],[103.828951,1.356664],[103.828933,1.356671],[103.828926,1.356653],[103.828896,1.356664],[103.828889,1.356646],[103.828883,1.356648],[103.828877,1.356631],[103.828883,1.356629]]]},"properties":{"class":"residential","subtype":"residential","num_floors":4}},{"type":"Feature","geometry":{"type":"Polygon","coordinates":[[[103.828936,1.356736],[103.828906,1.356747],[103.828888,1.356698],[103.828964,1.35667],[103.828986,1.356662],[103.829009,1.356726],[103.828968,1.356741],[103.828964,1.356732],[103.828938,1.356741],[103.828936,1.356736]]]},"properties":{"class":"residential","subtype":"residential","num_floors":4}},{"type":"Feature","geometry":{"type":"Polygon","coordinates":[[[103.828871,1.356709],[103.82886,1.35676],[103.828828,1.356753],[103.828827,1.356758],[103.8288,1.356752],[103.828797,1.356762],[103.828754,1.356753],[103.828769,1.356686],[103.828796,1.356692],[103.828863,1.356707],[103.828871,1.356709]]]},"properties":{"class":"residential","subtype":"residential","num_floors":4}},{"type":"Feature","geometry":{"type":"Polygon","coordinates":[[[103.828835,1.356676],[103.828832,1.35669],[103.828798,1.356683],[103.828757,1.356674],[103.828763,1.356648],[103.828776,1.35659],[103.828851,1.356607],[103.828848,1.356618],[103.828853,1.356619],[103.82884,1.356677],[103.828835,1.356676]]]},"properties":{"class":"residential","subtype":"residential","num_floors":4}},{"type":"Feature","geometry":{"type":"Polygon","coordinates":[[[103.828961,1.356661],[103.828964,1.35667],[103.828888,1.356698],[103.828863,1.356707],[103.828796,1.356692],[103.828798,1.356683],[103.828832,1.35669],[103.828862,1.356696],[103.828933,1.356671],[103.828951,1.356664],[103.828961,1.356661]]]},"properties":{"class":"roof","subtype":"outbuilding"}},{"type":"Feature","geometry":{"type":"Polygon","coordinates":[[[103.828825,1.356453],[103.828765,1.356428],[103.828857,1.356212],[103.828987,1.356268],[103.828993,1.356302],[103.828983,1.356339],[103.82896,1.356379],[103.828947,1.356389],[103.828928,1.356391],[103.828825,1.356453]]]},"properties":{}},{"type":"Feature","geometry":{"type":"Polygon","coordinates":[[[103.828845,1.356007],[103.82889,1.356023],[103.828879,1.356054],[103.828834,1.356039],[103.828845,1.356007]]]},"properties":{}},{"type":"Feature","geometry":{"type":"Polygon","coordinates":[[[103.829058,1.356097],[103.828893,1.356043],[103.828911,1.355986],[103.828912,1.355972],[103.828927,1.355962],[103.828944,1.35596],[103.829033,1.355997],[103.829073,1.35605],[103.829058,1.356097]]]},"properties":{}},{"type":"Feature","geometry":{"type":"Polygon","coordinates":[[[103.829133,1.356051],[103.829007,1.355922],[103.829084,1.355847],[103.829128,1.355892],[103.829149,1.355872],[103.829231,1.355957],[103.829133,1.356051]]]},"properties":{}},{"type":"Feature","geometry":{"type":"Polygon","coordinates":[[[103.829156,1.356308],[103.829214,1.356368],[103.829155,1.356426],[103.829097,1.356367],[103.829156,1.356308]]]},"properties":{}},{"type":"Feature","geometry":{"type":"Polygon","coordinates":[[[103.829045,1.35663],[103.829039,1.356614],[103.8291,1.356599],[103.829122,1.356657],[103.829126,1.356668],[103.829065,1.356692],[103.829041,1.356631],[103.829045,1.35663]]]},"properties":{"class":"residential","subtype":"residential","num_floors":4}},{"type":"Feature","geometry":{"type":"Polygon","coordinates":[[[103.829284,1.356527],[103.829226,1.356468],[103.82928,1.356416],[103.829337,1.356475],[103.829284,1.356527]]]},"properties":{}},{"type":"Feature","geometry":{"type":"Polygon","coordinates":[[[103.829281,1.356128],[103.829298,1.356145],[103.829246,1.356196],[103.82923,1.35618],[103.829281,1.356128]]]},"properties":{}},{"type":"Feature","geometry":{"type":"Polygon","coordinates":[[[103.82924,1.356363],[103.82916,1.356281],[103.82988,1.355571],[103.829961,1.355653],[103.82924,1.356363]]]},"properties":{}},{"type":"Feature","geometry":{"type":"Polygon","coordinates":[[[103.830072,1.355776],[103.829351,1.356478],[103.82926,1.356385],[103.82998,1.355682],[103.830072,1.355776]]]},"properties":{"num_floors":2}},{"type":"Feature","geometry":{"type":"Polygon","coordinates":[[[103.829751,1.357669],[103.829526,1.357506],[103.829606,1.357396],[103.82957,1.35737],[103.829706,1.357182],[103.829755,1.357217],[103.829828,1.357116],[103.830004,1.357243],[103.829981,1.357275],[103.830021,1.357304],[103.829965,1.357382],[103.829924,1.357353],[103.829814,1.357505],[103.829851,1.357532],[103.829751,1.357669]]]},"properties":{}},{"type":"Feature","geometry":{"type":"Polygon","coordinates":[[[103.829606,1.357809],[103.829668,1.357788],[103.829688,1.357847],[103.82971,1.35784],[103.829725,1.357885],[103.82964,1.357913],[103.829606,1.357809]]]},"properties":{}},{"type":"Feature","geometry":{"type":"Polygon","coordinates":[[[103.829654,1.357747],[103.829679,1.357714],[103.829769,1.357783],[103.829743,1.357816],[103.829654,1.357747]]]},"properties":{}},{"type":"Feature","geometry":{"type":"Polygon","coordinates":[[[103.829536,1.357859],[103.829645,1.357944],[103.829591,1.358016],[103.829481,1.35793],[103.829536,1.357859]]]},"properties":{}},{"type":"Feature","geometry":{"type":"Polygon","coordinates":[[[103.829319,1.358036],[103.829175,1.357924],[103.829299,1.357766],[103.829307,1.357737],[103.829294,1.357727],[103.829453,1.357524],[103.829601,1.35764],[103.829564,1.35778],[103.829572,1.357787],[103.829486,1.357897],[103.829374,1.357867],[103.829416,1.3579],[103.829396,1.357974],[103.829343,1.358042],[103.829319,1.358036]]]},"properties":{}},{"type":"Feature","geometry":{"type":"Polygon","coordinates":[[[103.82933,1.358256],[103.829417,1.358296],[103.829385,1.358366],[103.829298,1.358326],[103.82933,1.358256]]]},"properties":{}},{"type":"Feature","geometry":{"type":"Polygon","coordinates":[[[103.829344,1.359585],[103.829294,1.359586],[103.829293,1.359542],[103.829318,1.359542],[103.829318,1.359522],[103.829343,1.359522],[103.829344,1.359585]]]},"properties":{"name":"Security Guardhouse"}},{"type":"Feature","geometry":{"type":"Polygon","coordinates":[[[103.82958,1.359034],[103.82958,1.359063],[103.829537,1.359063],[103.829537,1.359034],[103.82958,1.359034]]]},"properties":{}},{"type":"Feature","geometry":{"type":"Polygon","coordinates":[[[103.829644,1.357965],[103.829663,1.357987],[103.829607,1.358036],[103.829587,1.358013],[103.829644,1.357965]]]},"properties":{}},{"type":"Feature","geometry":{"type":"Polygon","coordinates":[[[103.83004,1.358804],[103.829896,1.358807],[103.830008,1.358536],[103.830142,1.358565],[103.83004,1.358804]]]},"properties":{}},{"type":"Feature","geometry":{"type":"Polygon","coordinates":[[[103.830056,1.359717],[103.829961,1.359717],[103.82996,1.359594],[103.830055,1.359593],[103.830056,1.359717]]]},"properties":{}},{"type":"Feature","geometry":{"type":"Polygon","coordinates":[[[103.830012,1.359466],[103.830106,1.359464],[103.830107,1.3595],[103.830013,1.359501],[103.830012,1.359466]]]},"properties":{}},{"type":"Feature","geometry":{"type":"Polygon","coordinates":[[[103.830296,1.359277],[103.830382,1.359285],[103.830379,1.359316],[103.830293,1.359308],[103.830296,1.359277]]]},"properties":{}},{"type":"Feature","geometry":{"type":"Polygon","coordinates":[[[103.829584,1.358904],[103.829943,1.358067],[103.830097,1.358082],[103.830082,1.358119],[103.830078,1.358128],[103.830044,1.358212],[103.83004,1.358222],[103.829998,1.358323],[103.829996,1.358329],[103.829963,1.358409],[103.82996,1.358418],[103.829937,1.358472],[103.829932,1.358484],[103.829868,1.358641],[103.829864,1.35865],[103.82983,1.358733],[103.829827,1.358742],[103.82979,1.358838],[103.82974,1.358952],[103.829775,1.358953],[103.82981,1.358952],[103.829947,1.358952],[103.82997,1.358951],[103.82997,1.358966],[103.82997,1.359029],[103.82997,1.359054],[103.830232,1.359051],[103.831004,1.359045],[103.831004,1.359027],[103.831003,1.35894],[103.831095,1.358938],[103.831097,1.359085],[103.831097,1.359141],[103.830674,1.359145],[103.830586,1.359147],[103.830481,1.359147],[103.830323,1.359151],[103.82994,1.359151],[103.829841,1.359152],[103.829838,1.359092],[103.829836,1.359043],[103.829594,1.359054],[103.829584,1.358904]]]},"properties":{"class":"residential","subtype":"residential"}},{"type":"Feature","geometry":{"type":"Polygon","coordinates":[[[103.83023,1.358425],[103.83011,1.358432],[103.830111,1.358332],[103.830369,1.358315],[103.830369,1.358452],[103.830464,1.358449],[103.830465,1.358552],[103.830223,1.358567],[103.83023,1.358425]]]},"properties":{}},{"type":"Feature","geometry":{"type":"Polygon","coordinates":[[[103.830431,1.357988],[103.830437,1.358065],[103.830298,1.358076],[103.830292,1.357999],[103.830431,1.357988]]]},"properties":{}},{"type":"Feature","geometry":{"type":"Polygon","coordinates":[[[103.830353,1.357735],[103.830392,1.357733],[103.830395,1.357815],[103.830376,1.357815],[103.830376,1.357832],[103.830357,1.357832],[103.830356,1.357795],[103.83031,1.357797],[103.830308,1.357729],[103.830324,1.357728],[103.830324,1.357707],[103.830352,1.357706],[103.830353,1.357735]]]},"properties":{"class":"residential","subtype":"residential"}},{"type":"Feature","geometry":{"type":"Polygon","coordinates":[[[103.830263,1.357899],[103.830263,1.357885],[103.830343,1.357883],[103.830343,1.357866],[103.830367,1.357865],[103.830368,1.357882],[103.830369,1.3579],[103.830369,1.357908],[103.830308,1.35791],[103.830308,1.357916],[103.830277,1.357917],[103.830276,1.357912],[103.830264,1.357912],[103.830263,1.357899]]]},"properties":{"class":"residential","subtype":"residential"}},{"type":"Feature","geometry":{"type":"Polygon","coordinates":[[[103.830238,1.357843],[103.830238,1.357838],[103.830247,1.357838],[103.830268,1.357837],[103.830267,1.357798],[103.83031,1.357797],[103.830356,1.357795],[103.830357,1.357832],[103.830376,1.357832],[103.830388,1.357831],[103.830389,1.357837],[103.83039,1.357855],[103.83039,1.357864],[103.830382,1.357865],[103.830382,1.357882],[103.830368,1.357882],[103.830367,1.357865],[103.830343,1.357866],[103.830343,1.357883],[103.830263,1.357885],[103.830257,1.357886],[103.830256,1.357869],[103.830239,1.35787],[103.830239,1.35786],[103.830238,1.357843]]]},"properties":{"class":"residential","subtype":"residential"}},{"type":"Feature","geometry":{"type":"Polygon","coordinates":[[[103.830325,1.357374],[103.830375,1.357332],[103.830415,1.357381],[103.830387,1.357404],[103.830394,1.357412],[103.830387,1.357417],[103.830361,1.357438],[103.830345,1.357419],[103.830333,1.357428],[103.830311,1.357401],[103.830332,1.357383],[103.830325,1.357374]]]},"properties":{"class":"house","subtype":"residential"}},{"type":"Feature","geometry":{"type":"Polygon","coordinates":[[[103.830256,1.35751],[103.830216,1.357461],[103.830267,1.35742],[103.830275,1.35743],[103.830296,1.357412],[103.830319,1.35744],[103.830307,1.357449],[103.830323,1.357469],[103.830309,1.35748],[103.83029,1.357496],[103.830284,1.357487],[103.830256,1.35751]]]},"properties":{"class":"house","subtype":"residential"}},{"type":"Feature","geometry":{"type":"Polygon","coordinates":[[[103.8304,1.356848],[103.830163,1.357198],[103.830134,1.357179],[103.830101,1.357227],[103.829924,1.357108],[103.829995,1.357003],[103.829982,1.356994],[103.830118,1.356793],[103.830155,1.356818],[103.830217,1.356725],[103.8304,1.356848]]]},"properties":{}},{"type":"Feature","geometry":{"type":"Polygon","coordinates":[[[103.830165,1.357503],[103.830216,1.357461],[103.830256,1.35751],[103.830228,1.357533],[103.830235,1.357541],[103.830223,1.357551],[103.830202,1.357568],[103.830186,1.357548],[103.830174,1.357558],[103.830151,1.35753],[103.830173,1.357512],[103.830165,1.357503]]]},"properties":{"class":"house","subtype":"residential"}},{"type":"Feature","geometry":{"type":"Polygon","coordinates":[[[103.830227,1.357823],[103.830224,1.357741],[103.830264,1.357739],[103.830262,1.35771],[103.83029,1.357709],[103.830291,1.35773],[103.830308,1.357729],[103.83031,1.357797],[103.830267,1.357798],[103.830268,1.357837],[103.830247,1.357838],[103.830246,1.357822],[103.830227,1.357823]]]},"properties":{"class":"residential","subtype":"residential"}},{"type":"Feature","geometry":{"type":"Polygon","coordinates":[[[103.830214,1.357741],[103.830224,1.357741],[103.830227,1.357823],[103.830246,1.357822],[103.830247,1.357838],[103.830238,1.357838],[103.830238,1.357843],[103.83021,1.357844],[103.830196,1.357859],[103.830174,1.357838],[103.830179,1.357832],[103.830179,1.357824],[103.830194,1.357823],[103.830193,1.357812],[103.830178,1.357812],[103.830179,1.357819],[103.830155,1.35782],[103.830155,1.357807],[103.830145,1.357807],[103.830145,1.357802],[103.830133,1.357802],[103.83013,1.357745],[103.830214,1.357741]]]},"properties":{"class":"residential","subtype":"residential"}},{"type":"Feature","geometry":{"type":"Polygon","coordinates":[[[103.830238,1.357843],[103.830239,1.35786],[103.83023,1.357868],[103.830235,1.357874],[103.830223,1.357892],[103.830195,1.357934],[103.83018,1.357924],[103.830169,1.35793],[103.830164,1.357925],[103.830149,1.357941],[103.830096,1.35789],[103.830159,1.357824],[103.830174,1.357838],[103.830196,1.357859],[103.83021,1.357844],[103.830238,1.357843]]]},"properties":{"class":"residential","subtype":"residential"}},{"type":"Feature","geometry":{"type":"Polygon","coordinates":[[[103.829864,1.357485],[103.829907,1.357482],[103.829908,1.357507],[103.82995,1.357504],[103.829952,1.357547],[103.829867,1.357552],[103.829864,1.357485]]]},"properties":{}},{"type":"Feature","geometry":{"type":"Polygon","coordinates":[[[103.830012,1.357371],[103.830093,1.357444],[103.830025,1.357519],[103.829944,1.357446],[103.830012,1.357371]]]},"properties":{}},{"type":"Feature","geometry":{"type":"Polygon","coordinates":[[[103.83024,1.355205],[103.830273,1.355206],[103.830271,1.355274],[103.830237,1.355273],[103.83024,1.355205]]]},"properties":{}},{"type":"Feature","geometry":{"type":"Polygon","coordinates":[[[103.830087,1.355331],[103.8301,1.355274],[103.830188,1.355284],[103.83018,1.355321],[103.830221,1.355328],[103.830215,1.355364],[103.830177,1.355354],[103.830087,1.355331]]]},"properties":{"class":"house","subtype":"residential"}},{"type":"Feature","geometry":{"type":"Polygon","coordinates":[[[103.8301,1.355274],[103.830104,1.355216],[103.830199,1.355215],[103.830199,1.355249],[103.830232,1.35525],[103.83023,1.355289],[103.830188,1.355284],[103.8301,1.355274]]]},"properties":{"class":"house","subtype":"residential"}},{"type":"Feature","geometry":{"type":"Polygon","coordinates":[[[103.830199,1.355215],[103.830104,1.355216],[103.8301,1.355165],[103.830191,1.355147],[103.83019,1.355178],[103.830231,1.355177],[103.830233,1.355214],[103.830199,1.355215]]]},"properties":{"class":"house","subtype":"residential"}},{"type":"Feature","geometry":{"type":"Polygon","coordinates":[[[103.8301,1.355165],[103.830086,1.355111],[103.830168,1.35508],[103.83018,1.355115],[103.830212,1.355106],[103.83022,1.355141],[103.830191,1.355147],[103.8301,1.355165]]]},"properties":{"class":"house","subtype":"residential"}},{"type":"Feature","geometry":{"type":"Polygon","coordinates":[[[103.82997,1.354461],[103.830059,1.354368],[103.830587,1.354407],[103.830648,1.354489],[103.830507,1.354616],[103.830438,1.354605],[103.830433,1.354642],[103.830068,1.354587],[103.829978,1.354472],[103.82997,1.354461]]]},"properties":{"class":"terrace","subtype":"residential"}},{"type":"Feature","geometry":{"type":"Polygon","coordinates":[[[103.830603,1.354336],[103.830064,1.354283],[103.830074,1.354167],[103.830167,1.354092],[103.830612,1.35415],[103.830669,1.354261],[103.830603,1.354336]]]},"properties":{"class":"terrace","subtype":"residential"}},{"type":"Feature","geometry":{"type":"Polygon","coordinates":[[[103.830097,1.353931],[103.830115,1.353962],[103.830071,1.353988],[103.830053,1.353957],[103.830097,1.353931]]]},"properties":{}},{"type":"Feature","geometry":{"type":"Polygon","coordinates":[[[103.829969,1.353792],[103.830011,1.353758],[103.830122,1.353895],[103.83008,1.353929],[103.829969,1.353792]]]},"properties":{"class":"house","subtype":"residential"}},{"type":"Feature","geometry":{"type":"Polygon","coordinates":[[[103.829927,1.353826],[103.829969,1.353792],[103.83008,1.353929],[103.830038,1.353963],[103.829927,1.353826]]]},"properties":{}},{"type":"Feature","geometry":{"type":"Polygon","coordinates":[[[103.829885,1.35386],[103.829927,1.353826],[103.830038,1.353963],[103.829995,1.353997],[103.829885,1.35386]]]},"properties":{}},{"type":"Feature","geometry":{"type":"Polygon","coordinates":[[[103.829843,1.353894],[103.829885,1.35386],[103.829995,1.353997],[103.829953,1.354031],[103.829843,1.353894]]]},"properties":{}},{"type":"Feature","geometry":{"type":"Polygon","coordinates":[[[103.829801,1.353928],[103.829843,1.353894],[103.829953,1.354031],[103.829911,1.354065],[103.829801,1.353928]]]},"properties":{}},{"type":"Feature","geometry":{"type":"Polygon","coordinates":[[[103.829916,1.354478],[103.830003,1.354578],[103.829964,1.354612],[103.829876,1.354513],[103.829916,1.354478]]]},"properties":{}},{"type":"Feature","geometry":{"type":"Polygon","coordinates":[[[103.829993,1.354896],[103.829892,1.35474],[103.830012,1.354662],[103.830113,1.354819],[103.829993,1.354896]]]},"properties":{}},{"type":"Feature","geometry":{"type":"Polygon","coordinates":[[[103.830086,1.355111],[103.830062,1.35506],[103.830138,1.355016],[103.830154,1.355049],[103.830189,1.355033],[103.830204,1.355066],[103.830168,1.35508],[103.830086,1.355111]]]},"properties":{"class":"house","subtype":"residential"}},{"type":"Feature","geometry":{"type":"Polygon","coordinates":[[[103.830062,1.35506],[103.830031,1.355013],[103.830107,1.354962],[103.830121,1.354983],[103.830155,1.354966],[103.83017,1.354997],[103.830138,1.355016],[103.830062,1.35506]]]},"properties":{"class":"house","subtype":"residential"}},{"type":"Feature","geometry":{"type":"Polygon","coordinates":[[[103.830068,1.355378],[103.830087,1.355331],[103.830177,1.355354],[103.830171,1.355386],[103.830201,1.355396],[103.830184,1.355433],[103.830155,1.355419],[103.830068,1.355378]]]},"properties":{"class":"house","subtype":"residential"}},{"type":"Feature","geometry":{"type":"Polygon","coordinates":[[[103.830098,1.355554],[103.830005,1.355471],[103.83004,1.35542],[103.830113,1.355475],[103.830094,1.355503],[103.830121,1.355529],[103.830098,1.355554]]]},"properties":{"class":"house","subtype":"residential"}},{"type":"Feature","geometry":{"type":"Polygon","coordinates":[[[103.830113,1.355475],[103.83004,1.35542],[103.830068,1.355378],[103.830155,1.355419],[103.830139,1.35545],[103.830164,1.355463],[103.830145,1.355499],[103.830113,1.355475]]]},"properties":{"class":"house","subtype":"residential"}},{"type":"Feature","geometry":{"type":"Polygon","coordinates":[[[103.830185,1.355532],[103.830105,1.355618],[103.830072,1.355587],[103.830152,1.355501],[103.830185,1.355532]]]},"properties":{}},{"type":"Feature","geometry":{"type":"Polygon","coordinates":[[[103.829811,1.355324],[103.829731,1.355246],[103.829768,1.355196],[103.829766,1.355183],[103.82977,1.355173],[103.829782,1.355161],[103.829791,1.355155],[103.829795,1.355116],[103.829805,1.355117],[103.829808,1.355096],[103.829817,1.355097],[103.829817,1.355087],[103.829864,1.35509],[103.829864,1.355107],[103.829872,1.355112],[103.829872,1.355176],[103.829879,1.355232],[103.829864,1.355251],[103.829862,1.355272],[103.829811,1.355324]]]},"properties":{}},{"type":"Feature","geometry":{"type":"Polygon","coordinates":[[[103.829813,1.355368],[103.829714,1.355464],[103.829647,1.355394],[103.829656,1.355385],[103.829634,1.355363],[103.829673,1.355325],[103.829665,1.355317],[103.829717,1.355268],[103.829813,1.355368]]]},"properties":{}},{"type":"Feature","geometry":{"type":"Polygon","coordinates":[[[103.82971,1.354987],[103.829601,1.354931],[103.829669,1.3548],[103.829778,1.354856],[103.82971,1.354987]]]},"properties":{}},{"type":"Feature","geometry":{"type":"Polygon","coordinates":[[[103.829607,1.355114],[103.82952,1.355061],[103.829588,1.354949],[103.829675,1.355002],[103.829607,1.355114]]]},"properties":{}},{"type":"Feature","geometry":{"type":"Polygon","coordinates":[[[103.829565,1.35547],[103.82963,1.355409],[103.829684,1.355466],[103.829583,1.355561],[103.829517,1.35549],[103.829552,1.355457],[103.829565,1.35547]]]},"properties":{}},{"type":"Feature","geometry":{"type":"Polygon","coordinates":[[[103.829478,1.355704],[103.829401,1.355628],[103.829502,1.355526],[103.829579,1.355602],[103.829478,1.355704]]]},"properties":{}},{"type":"Feature","geometry":{"type":"Polygon","coordinates":[[[103.829406,1.355773],[103.829334,1.355692],[103.829387,1.355645],[103.829459,1.355726],[103.829406,1.355773]]]},"properties":{}},{"type":"Feature","geometry":{"type":"Polygon","coordinates":[[[103.829354,1.355807],[103.829287,1.355745],[103.829328,1.355701],[103.829395,1.355762],[103.829354,1.355807]]]},"properties":{}},{"type":"Feature","geometry":{"type":"Polygon","coordinates":[[[103.82941,1.35538],[103.829344,1.355322],[103.829375,1.355286],[103.829358,1.355272],[103.829384,1.355242],[103.829401,1.355256],[103.829427,1.355226],[103.829494,1.355284],[103.82941,1.35538]]]},"properties":{}},{"type":"Feature","geometry":{"type":"Polygon","coordinates":[[[103.829374,1.355208],[103.829292,1.35515],[103.82943,1.354957],[103.829512,1.355015],[103.829374,1.355208]]]},"properties":{}},{"type":"Feature","geometry":{"type":"Polygon","coordinates":[[[103.829524,1.355243],[103.829436,1.355179],[103.829509,1.355079],[103.829597,1.355143],[103.829524,1.355243]]]},"properties":{}},{"type":"Feature","geometry":{"type":"Polygon","coordinates":[[[103.829526,1.354993],[103.829448,1.354949],[103.82952,1.35482],[103.829598,1.354864],[103.829526,1.354993]]]},"properties":{}},{"type":"Feature","geometry":{"type":"Polygon","coordinates":[[[103.829264,1.354675],[103.829307,1.354548],[103.829391,1.354577],[103.829348,1.354703],[103.829264,1.354675]]]},"properties":{}},{"type":"Feature","geometry":{"type":"Polygon","coordinates":[[[103.829397,1.354543],[103.829321,1.354516],[103.829377,1.354358],[103.829396,1.354365],[103.829438,1.354428],[103.829397,1.354543]]]},"properties":{}},{"type":"Feature","geometry":{"type":"Polygon","coordinates":[[[103.829315,1.354026],[103.82928,1.353979],[103.829352,1.353925],[103.829388,1.353972],[103.829315,1.354026]]]},"properties":{}},{"type":"Feature","geometry":{"type":"Polygon","coordinates":[[[103.829325,1.354042],[103.829395,1.353984],[103.829513,1.354129],[103.829443,1.354186],[103.829325,1.354042]]]},"properties":{}},{"type":"Feature","geometry":{"type":"Polygon","coordinates":[[[103.829399,1.353959],[103.829339,1.353886],[103.829461,1.353785],[103.829521,1.353858],[103.829399,1.353959]]]},"properties":{}},{"type":"Feature","geometry":{"type":"Polygon","coordinates":[[[103.829484,1.354038],[103.829415,1.353964],[103.829542,1.353846],[103.829611,1.35392],[103.829484,1.354038]]]},"properties":{}},{"type":"Feature","geometry":{"type":"Polygon","coordinates":[[[103.82948,1.354216],[103.82954,1.354169],[103.829648,1.354307],[103.829587,1.354354],[103.82948,1.354216]]]},"properties":{}},{"type":"Feature","geometry":{"type":"Polygon","coordinates":[[[103.82956,1.354126],[103.829494,1.354048],[103.829596,1.35396],[103.829608,1.353974],[103.829643,1.353945],[103.829698,1.354009],[103.82956,1.354126]]]},"properties":{}},{"type":"Feature","geometry":{"type":"Polygon","coordinates":[[[103.829655,1.354052],[103.829671,1.354066],[103.829628,1.354115],[103.829612,1.354101],[103.829655,1.354052]]]},"properties":{}},{"type":"Feature","geometry":{"type":"Polygon","coordinates":[[[103.829677,1.354037],[103.8297,1.354027],[103.829723,1.35408],[103.8297,1.35409],[103.829677,1.354037]]]},"properties":{}},{"type":"Feature","geometry":{"type":"Polygon","coordinates":[[[103.829654,1.354094],[103.829716,1.354178],[103.829626,1.354244],[103.829565,1.354159],[103.829654,1.354094]]]},"properties":{}},{"type":"Feature","geometry":{"type":"Polygon","coordinates":[[[103.829634,1.354816],[103.829513,1.354761],[103.82958,1.354613],[103.829701,1.354668],[103.829634,1.354816]]]},"properties":{}},{"type":"Feature","geometry":{"type":"Polygon","coordinates":[[[103.829614,1.35439],[103.829687,1.354335],[103.829786,1.354467],[103.829713,1.354521],[103.829614,1.35439]]]},"properties":{}},{"type":"Feature","geometry":{"type":"Polygon","coordinates":[[[103.82984,1.354708],[103.829742,1.354562],[103.829828,1.354504],[103.829926,1.35465],[103.82984,1.354708]]]},"properties":{}},{"type":"Feature","geometry":{"type":"Polygon","coordinates":[[[103.829872,1.354508],[103.829809,1.354438],[103.829868,1.354385],[103.829931,1.354455],[103.829872,1.354508]]]},"properties":{}},{"type":"Feature","geometry":{"type":"Polygon","coordinates":[[[103.829742,1.354377],[103.829646,1.354254],[103.829754,1.354169],[103.82985,1.354293],[103.829742,1.354377]]]},"properties":{}},{"type":"Feature","geometry":{"type":"Polygon","coordinates":[[[103.829777,1.353614],[103.829817,1.35358],[103.829949,1.353736],[103.829909,1.35377],[103.829777,1.353614]]]},"properties":{"class":"house","subtype":"residential"}},{"type":"Feature","geometry":{"type":"Polygon","coordinates":[[[103.829737,1.353648],[103.829777,1.353614],[103.829909,1.35377],[103.829869,1.353804],[103.829737,1.353648]]]},"properties":{"class":"house","subtype":"residential"}},{"type":"Feature","geometry":{"type":"Polygon","coordinates":[[[103.829697,1.353681],[103.829737,1.353648],[103.829869,1.353804],[103.829829,1.353838],[103.829697,1.353681]]]},"properties":{"class":"house","subtype":"residential"}},{"type":"Feature","geometry":{"type":"Polygon","coordinates":[[[103.829657,1.353715],[103.829697,1.353681],[103.829829,1.353838],[103.82979,1.353871],[103.829657,1.353715]]]},"properties":{"class":"house","subtype":"residential"}},{"type":"Feature","geometry":{"type":"Polygon","coordinates":[[[103.829679,1.353322],[103.829722,1.353285],[103.829833,1.353414],[103.82979,1.353451],[103.829679,1.353322]]]},"properties":{"class":"house","subtype":"residential"}},{"type":"Feature","geometry":{"type":"Polygon","coordinates":[[[103.829722,1.353285],[103.829764,1.353247],[103.829876,1.353376],[103.829833,1.353414],[103.829722,1.353285]]]},"properties":{"class":"house","subtype":"residential"}},{"type":"Feature","geometry":{"type":"Polygon","coordinates":[[[103.829764,1.353247],[103.829807,1.353211],[103.829919,1.353339],[103.829876,1.353376],[103.829764,1.353247]]]},"properties":{"class":"house","subtype":"residential"}},{"type":"Feature","geometry":{"type":"Polygon","coordinates":[[[103.829705,1.353262],[103.829719,1.353283],[103.829676,1.353314],[103.829661,1.353293],[103.829705,1.353262]]]},"properties":{}},{"type":"Feature","geometry":{"type":"Polygon","coordinates":[[[103.829688,1.353242],[103.829686,1.353278],[103.829642,1.353276],[103.829644,1.35324],[103.829688,1.353242]]]},"properties":{}},{"type":"Feature","geometry":{"type":"Polygon","coordinates":[[[103.829507,1.35347],[103.82955,1.353433],[103.829661,1.353562],[103.829618,1.353599],[103.829507,1.35347]]]},"properties":{"class":"house","subtype":"residential"}},{"type":"Feature","geometry":{"type":"Polygon","coordinates":[[[103.82955,1.353433],[103.829593,1.353396],[103.829704,1.353525],[103.829661,1.353562],[103.82955,1.353433]]]},"properties":{"class":"house","subtype":"residential"}},{"type":"Feature","geometry":{"type":"Polygon","coordinates":[[[103.829593,1.353396],[103.829636,1.353359],[103.829747,1.353488],[103.829704,1.353525],[103.829593,1.353396]]]},"properties":{"class":"house","subtype":"residential"}},{"type":"Feature","geometry":{"type":"Polygon","coordinates":[[[103.829636,1.353359],[103.829679,1.353322],[103.82979,1.353451],[103.829747,1.353488],[103.829636,1.353359]]]},"properties":{"class":"house","subtype":"residential"}},{"type":"Feature","geometry":{"type":"Polygon","coordinates":[[[103.829464,1.353507],[103.829507,1.35347],[103.829618,1.353599],[103.829575,1.353636],[103.829464,1.353507]]]},"properties":{"class":"house","subtype":"residential"}},{"type":"Feature","geometry":{"type":"Polygon","coordinates":[[[103.82953,1.353347],[103.82952,1.353376],[103.829491,1.353366],[103.829501,1.353337],[103.82953,1.353347]]]},"properties":{}},{"type":"Feature","geometry":{"type":"Polygon","coordinates":[[[103.829495,1.353443],[103.829512,1.353464],[103.82946,1.353507],[103.829443,1.353487],[103.829495,1.353443]]]},"properties":{}},{"type":"Feature","geometry":{"type":"Polygon","coordinates":[[[103.829367,1.353617],[103.829391,1.353641],[103.829369,1.353664],[103.829345,1.35364],[103.829367,1.353617]]]},"properties":{}},{"type":"Feature","geometry":{"type":"Polygon","coordinates":[[[103.829342,1.353405],[103.829308,1.353297],[103.829427,1.35326],[103.829461,1.353367],[103.829342,1.353405]]]},"properties":{}},{"type":"Feature","geometry":{"type":"Polygon","coordinates":[[[103.82949,1.353271],[103.829515,1.353343],[103.829463,1.353361],[103.829438,1.353289],[103.82949,1.353271]]]},"properties":{}},{"type":"Feature","geometry":{"type":"Polygon","coordinates":[[[103.829867,1.353139],[103.829906,1.353099],[103.830049,1.353237],[103.830009,1.353277],[103.829867,1.353139]]]},"properties":{"class":"house","subtype":"residential"}},{"type":"Feature","geometry":{"type":"Polygon","coordinates":[[[103.829906,1.353099],[103.829945,1.353058],[103.830088,1.353196],[103.830049,1.353237],[103.829906,1.353099]]]},"properties":{"class":"house","subtype":"residential"}},{"type":"Feature","geometry":{"type":"Polygon","coordinates":[[[103.829828,1.35318],[103.829867,1.353139],[103.830009,1.353277],[103.82997,1.353318],[103.829828,1.35318]]]},"properties":{"class":"house","subtype":"residential"}},{"type":"Feature","geometry":{"type":"Polygon","coordinates":[[[103.829817,1.35358],[103.829857,1.353547],[103.829989,1.353703],[103.829949,1.353736],[103.829817,1.35358]]]},"properties":{"class":"house","subtype":"residential"}},{"type":"Feature","geometry":{"type":"Polygon","coordinates":[[[103.829857,1.353547],[103.829897,1.353513],[103.830029,1.353669],[103.829989,1.353703],[103.829857,1.353547]]]},"properties":{"class":"house","subtype":"residential"}},{"type":"Feature","geometry":{"type":"Polygon","coordinates":[[[103.829897,1.353513],[103.829936,1.353479],[103.830068,1.353635],[103.830029,1.353669],[103.829897,1.353513]]]},"properties":{"class":"house","subtype":"residential"}},{"type":"Feature","geometry":{"type":"Polygon","coordinates":[[[103.829976,1.353446],[103.830016,1.353412],[103.830148,1.353568],[103.830108,1.353602],[103.829976,1.353446]]]},"properties":{"class":"house","subtype":"residential"}},{"type":"Feature","geometry":{"type":"Polygon","coordinates":[[[103.829936,1.353479],[103.829976,1.353446],[103.830108,1.353602],[103.830068,1.353635],[103.829936,1.353479]]]},"properties":{"class":"house","subtype":"residential"}},{"type":"Feature","geometry":{"type":"Polygon","coordinates":[[[103.830011,1.353758],[103.830053,1.353724],[103.830164,1.35386],[103.830122,1.353895],[103.830011,1.353758]]]},"properties":{"class":"house","subtype":"residential"}},{"type":"Feature","geometry":{"type":"Polygon","coordinates":[[[103.830053,1.353724],[103.830095,1.35369],[103.830206,1.353826],[103.830164,1.35386],[103.830053,1.353724]]]},"properties":{"class":"house","subtype":"residential"}},{"type":"Feature","geometry":{"type":"Polygon","coordinates":[[[103.830016,1.353412],[103.830056,1.353378],[103.830188,1.353535],[103.830148,1.353568],[103.830016,1.353412]]]},"properties":{"class":"house","subtype":"residential"}},{"type":"Feature","geometry":{"type":"Polygon","coordinates":[[[103.829945,1.353058],[103.829984,1.353018],[103.830127,1.353155],[103.830088,1.353196],[103.829945,1.353058]]]},"properties":{"class":"house","subtype":"residential"}},{"type":"Feature","geometry":{"type":"Polygon","coordinates":[[[103.829984,1.353018],[103.830023,1.352977],[103.830166,1.353115],[103.830127,1.353155],[103.829984,1.353018]]]},"properties":{"class":"house","subtype":"residential"}},{"type":"Feature","geometry":{"type":"Polygon","coordinates":[[[103.830023,1.352977],[103.830063,1.352937],[103.830205,1.353074],[103.830166,1.353115],[103.830023,1.352977]]]},"properties":{"class":"house","subtype":"residential"}},{"type":"Feature","geometry":{"type":"Polygon","coordinates":[[[103.830063,1.352937],[103.830102,1.352896],[103.830244,1.353034],[103.830205,1.353074],[103.830063,1.352937]]]},"properties":{"class":"house","subtype":"residential"}},{"type":"Feature","geometry":{"type":"Polygon","coordinates":[[[103.830102,1.352896],[103.830141,1.352856],[103.830284,1.352993],[103.830244,1.353034],[103.830102,1.352896]]]},"properties":{"class":"house","subtype":"residential"}},{"type":"Feature","geometry":{"type":"Polygon","coordinates":[[[103.830141,1.352856],[103.83018,1.352815],[103.830323,1.352953],[103.830284,1.352993],[103.830141,1.352856]]]},"properties":{"class":"house","subtype":"residential"}},{"type":"Feature","geometry":{"type":"Polygon","coordinates":[[[103.830179,1.352802],[103.830231,1.352743],[103.830373,1.352867],[103.830322,1.352926],[103.830179,1.352802]]]},"properties":{}},{"type":"Feature","geometry":{"type":"Polygon","coordinates":[[[103.830056,1.353378],[103.830096,1.353345],[103.830228,1.353501],[103.830188,1.353535],[103.830056,1.353378]]]},"properties":{"class":"house","subtype":"residential"}},{"type":"Feature","geometry":{"type":"Polygon","coordinates":[[[103.830123,1.353329],[103.830173,1.353287],[103.830306,1.353445],[103.830256,1.353487],[103.830123,1.353329]]]},"properties":{"class":"house","subtype":"residential"}},{"type":"Feature","geometry":{"type":"Polygon","coordinates":[[[103.830095,1.35369],[103.830137,1.353655],[103.830248,1.353792],[103.830206,1.353826],[103.830095,1.35369]]]},"properties":{"class":"house","subtype":"residential"}},{"type":"Feature","geometry":{"type":"Polygon","coordinates":[[[103.830137,1.353655],[103.830179,1.353621],[103.83029,1.353758],[103.830248,1.353792],[103.830137,1.353655]]]},"properties":{"class":"house","subtype":"residential"}},{"type":"Feature","geometry":{"type":"Polygon","coordinates":[[[103.830179,1.353621],[103.830221,1.353587],[103.830332,1.353724],[103.83029,1.353758],[103.830179,1.353621]]]},"properties":{"class":"house","subtype":"residential"}},{"type":"Feature","geometry":{"type":"Polygon","coordinates":[[[103.830298,1.353488],[103.830314,1.353512],[103.830269,1.353541],[103.830253,1.353516],[103.830298,1.353488]]]},"properties":{}},{"type":"Feature","geometry":{"type":"Polygon","coordinates":[[[103.830173,1.353287],[103.830223,1.353245],[103.830356,1.353403],[103.830306,1.353445],[103.830173,1.353287]]]},"properties":{"class":"house","subtype":"residential"}},{"type":"Feature","geometry":{"type":"Polygon","coordinates":[[[103.830221,1.353587],[103.830263,1.353553],[103.830374,1.35369],[103.830332,1.353724],[103.830221,1.353587]]]},"properties":{"class":"house","subtype":"residential"}},{"type":"Feature","geometry":{"type":"Polygon","coordinates":[[[103.830283,1.353539],[103.83033,1.3535],[103.830447,1.353643],[103.830401,1.353681],[103.830283,1.353539]]]},"properties":{"class":"house","subtype":"residential"}},{"type":"Feature","geometry":{"type":"Polygon","coordinates":[[[103.83033,1.3535],[103.830376,1.353462],[103.830493,1.353604],[103.830447,1.353643],[103.83033,1.3535]]]},"properties":{"class":"house","subtype":"residential"}},{"type":"Feature","geometry":{"type":"Polygon","coordinates":[[[103.830273,1.353203],[103.830323,1.353161],[103.830454,1.353318],[103.830406,1.353361],[103.830273,1.353203]]]},"properties":{"class":"house","subtype":"residential"}},{"type":"Feature","geometry":{"type":"Polygon","coordinates":[[[103.830223,1.353245],[103.830273,1.353203],[103.830406,1.353361],[103.830356,1.353403],[103.830223,1.353245]]]},"properties":{"class":"house","subtype":"residential"}},{"type":"Feature","geometry":{"type":"Polygon","coordinates":[[[103.830337,1.352708],[103.830377,1.352669],[103.830495,1.35279],[103.830455,1.352829],[103.830337,1.352708]]]},"properties":{"class":"house","subtype":"residential"}},{"type":"Feature","geometry":{"type":"Polygon","coordinates":[[[103.830297,1.352747],[103.830337,1.352708],[103.830455,1.352829],[103.830415,1.352868],[103.830297,1.352747]]]},"properties":{"class":"house","subtype":"residential"}},{"type":"Feature","geometry":{"type":"Polygon","coordinates":[[[103.830376,1.35259],[103.830414,1.352623],[103.830383,1.352659],[103.830345,1.352626],[103.830376,1.35259]]]},"properties":{}},{"type":"Feature","geometry":{"type":"Polygon","coordinates":[[[103.832073,1.350149],[103.832122,1.350161],[103.832105,1.350231],[103.832057,1.35022],[103.832073,1.350149]]]},"properties":{}},{"type":"Feature","geometry":{"type":"Polygon","coordinates":[[[103.83208,1.350412],[103.83211,1.350408],[103.832119,1.350475],[103.832088,1.350479],[103.83208,1.350412]]]},"properties":{}},{"type":"Feature","geometry":{"type":"Polygon","coordinates":[[[103.832277,1.350528],[103.832137,1.350544],[103.832127,1.350458],[103.832267,1.350442],[103.832277,1.350528]]]},"properties":{}},{"type":"Feature","geometry":{"type":"Polygon","coordinates":[[[103.832267,1.350442],[103.832127,1.350458],[103.832123,1.350398],[103.832257,1.350383],[103.832267,1.350442]]]},"properties":{}},{"type":"Feature","geometry":{"type":"Polygon","coordinates":[[[103.832094,1.35029],[103.832109,1.350222],[103.832262,1.350258],[103.832247,1.350325],[103.832094,1.35029]]]},"properties":{}},{"type":"Feature","geometry":{"type":"Polygon","coordinates":[[[103.83232,1.350628],[103.832159,1.350736],[103.832119,1.350676],[103.832244,1.350592],[103.832268,1.350628],[103.832304,1.350604],[103.83232,1.350628]]]},"properties":{}},{"type":"Feature","geometry":{"type":"Polygon","coordinates":[[[103.832344,1.350716],[103.832205,1.350807],[103.832159,1.350736],[103.83232,1.350628],[103.832347,1.350665],[103.832322,1.350681],[103.832344,1.350716]]]},"properties":{}},{"type":"Feature","geometry":{"type":"Polygon","coordinates":[[[103.832397,1.350043],[103.832348,1.350098],[103.832217,1.349978],[103.832277,1.349911],[103.83236,1.349984],[103.832347,1.349998],[103.832397,1.350043]]]},"properties":{}},{"type":"Feature","geometry":{"type":"Polygon","coordinates":[[[103.832327,1.350223],[103.832313,1.35028],[103.832262,1.350258],[103.832109,1.350222],[103.832113,1.350218],[103.832134,1.350136],[103.83219,1.350151],[103.832199,1.350119],[103.832233,1.350128],[103.832225,1.35016],[103.832271,1.350172],[103.832262,1.350206],[103.832327,1.350223]]]},"properties":{}},{"type":"Feature","geometry":{"type":"Polygon","coordinates":[[[103.83217,1.350032],[103.832217,1.349978],[103.832348,1.350098],[103.832302,1.35015],[103.83217,1.350032]]]},"properties":{}},{"type":"Feature","geometry":{"type":"Polygon","coordinates":[[[103.832378,1.350725],[103.832457,1.350771],[103.832383,1.350897],[103.832304,1.350851],[103.832378,1.350725]]]},"properties":{}},{"type":"Feature","geometry":{"type":"Polygon","coordinates":[[[103.832345,1.351569],[103.832278,1.351716],[103.83219,1.351676],[103.832258,1.351529],[103.832345,1.351569]]]},"properties":{}},{"type":"Feature","geometry":{"type":"Polygon","coordinates":[[[103.832321,1.351331],[103.83226,1.351468],[103.832161,1.351425],[103.832175,1.351391],[103.832149,1.351378],[103.832107,1.351335],[103.83217,1.351268],[103.832196,1.351278],[103.83221,1.351238],[103.832287,1.351272],[103.832271,1.351309],[103.832321,1.351331]]]},"properties":{}},{"type":"Feature","geometry":{"type":"Polygon","coordinates":[[[103.832273,1.350855],[103.832361,1.350904],[103.832345,1.350934],[103.832257,1.350885],[103.832273,1.350855]]]},"properties":{}},{"type":"Feature","geometry":{"type":"Polygon","coordinates":[[[103.832276,1.350818],[103.832251,1.350852],[103.832228,1.350836],[103.832253,1.350801],[103.832276,1.350818]]]},"properties":{}},{"type":"Feature","geometry":{"type":"Polygon","coordinates":[[[103.832275,1.351058],[103.83211,1.350988],[103.832162,1.350866],[103.832327,1.350936],[103.832275,1.351058]]]},"properties":{}},{"type":"Feature","geometry":{"type":"Polygon","coordinates":[[[103.832266,1.351139],[103.832197,1.351114],[103.832219,1.351055],[103.832288,1.35108],[103.832266,1.351139]]]},"properties":{}},{"type":"Feature","geometry":{"type":"Polygon","coordinates":[[[103.832153,1.350766],[103.832178,1.350806],[103.832146,1.350827],[103.83212,1.350787],[103.832153,1.350766]]]},"properties":{}},{"type":"Feature","geometry":{"type":"Polygon","coordinates":[[[103.832184,1.351669],[103.832106,1.351633],[103.832173,1.351488],[103.832251,1.351525],[103.832184,1.351669]]]},"properties":{}},{"type":"Feature","geometry":{"type":"Polygon","coordinates":[[[103.832138,1.351655],[103.832272,1.35172],[103.832262,1.351742],[103.832127,1.351678],[103.832138,1.351655]]]},"properties":{}},{"type":"Feature","geometry":{"type":"Polygon","coordinates":[[[103.832081,1.351608],[103.832022,1.351579],[103.832081,1.351459],[103.832139,1.351487],[103.832081,1.351608]]]},"properties":{}},{"type":"Feature","geometry":{"type":"Polygon","coordinates":[[[103.83198,1.351575],[103.832059,1.351614],[103.832043,1.351646],[103.831964,1.351607],[103.83198,1.351575]]]},"properties":{}},{"type":"Feature","geometry":{"type":"Polygon","coordinates":[[[103.832016,1.351566],[103.831965,1.351541],[103.832018,1.35143],[103.83207,1.351454],[103.832016,1.351566]]]},"properties":{}},{"type":"Feature","geometry":{"type":"Polygon","coordinates":[[[103.831981,1.351795],[103.831911,1.351777],[103.831923,1.351727],[103.831994,1.351744],[103.831981,1.351795]]]},"properties":{}},{"type":"Feature","geometry":{"type":"Polygon","coordinates":[[[103.83184,1.351692],[103.831893,1.351707],[103.831885,1.351737],[103.831831,1.351722],[103.83184,1.351692]]]},"properties":{}},{"type":"Feature","geometry":{"type":"Polygon","coordinates":[[[103.831755,1.351336],[103.83172,1.351273],[103.831843,1.351152],[103.831923,1.351234],[103.831799,1.351354],[103.831755,1.351336]]]},"properties":{}},{"type":"Feature","geometry":{"type":"Polygon","coordinates":[[[103.832041,1.351112],[103.831973,1.35118],[103.831865,1.351071],[103.831934,1.351004],[103.832041,1.351112]]]},"properties":{}},{"type":"Feature","geometry":{"type":"Polygon","coordinates":[[[103.83211,1.351044],[103.832041,1.351112],[103.831934,1.351004],[103.832002,1.350936],[103.83211,1.351044]]]},"properties":{}},{"type":"Feature","geometry":{"type":"Polygon","coordinates":[[[103.832054,1.351139],[103.832094,1.351141],[103.832092,1.35118],[103.832052,1.351179],[103.832054,1.351139]]]},"properties":{}},{"type":"Feature","geometry":{"type":"Polygon","coordinates":[[[103.831724,1.351445],[103.831635,1.351321],[103.831693,1.35128],[103.831782,1.351403],[103.831724,1.351445]]]},"properties":{}},{"type":"Feature","geometry":{"type":"Polygon","coordinates":[[[103.83163,1.351579],[103.831666,1.351613],[103.831634,1.351646],[103.831598,1.351612],[103.83163,1.351579]]]},"properties":{}},{"type":"Feature","geometry":{"type":"Polygon","coordinates":[[[103.831669,1.351511],[103.831565,1.351389],[103.83161,1.351351],[103.831713,1.351473],[103.831669,1.351511]]]},"properties":{}},{"type":"Feature","geometry":{"type":"Polygon","coordinates":[[[103.83154,1.351661],[103.831444,1.351557],[103.83156,1.351448],[103.831657,1.351552],[103.83154,1.351661]]]},"properties":{}},{"type":"Feature","geometry":{"type":"Polygon","coordinates":[[[103.831408,1.351798],[103.831293,1.351673],[103.83141,1.351565],[103.831525,1.35169],[103.831497,1.351716],[103.83153,1.351752],[103.831483,1.351795],[103.83145,1.35176],[103.831408,1.351798]]]},"properties":{}},{"type":"Feature","geometry":{"type":"Polygon","coordinates":[[[103.830577,1.352474],[103.830617,1.352434],[103.830735,1.352556],[103.830695,1.352595],[103.830577,1.352474]]]},"properties":{"class":"house","subtype":"residential"}},{"type":"Feature","geometry":{"type":"Polygon","coordinates":[[[103.830537,1.352513],[103.830577,1.352474],[103.830695,1.352595],[103.830655,1.352634],[103.830537,1.352513]]]},"properties":{"class":"house","subtype":"residential"}},{"type":"Feature","geometry":{"type":"Polygon","coordinates":[[[103.830497,1.352552],[103.830537,1.352513],[103.830655,1.352634],[103.830615,1.352673],[103.830497,1.352552]]]},"properties":{"class":"house","subtype":"residential"}},{"type":"Feature","geometry":{"type":"Polygon","coordinates":[[[103.830417,1.35263],[103.830457,1.352591],[103.830575,1.352712],[103.830535,1.352751],[103.830417,1.35263]]]},"properties":{"class":"house","subtype":"residential"}},{"type":"Feature","geometry":{"type":"Polygon","coordinates":[[[103.830457,1.352591],[103.830497,1.352552],[103.830615,1.352673],[103.830575,1.352712],[103.830457,1.352591]]]},"properties":{"class":"house","subtype":"residential"}},{"type":"Feature","geometry":{"type":"Polygon","coordinates":[[[103.830515,1.352413],[103.830549,1.352373],[103.830586,1.352406],[103.830552,1.352445],[103.830515,1.352413]]]},"properties":{}},{"type":"Feature","geometry":{"type":"Polygon","coordinates":[[[103.830377,1.352669],[103.830417,1.35263],[103.830535,1.352751],[103.830495,1.35279],[103.830377,1.352669]]]},"properties":{"class":"house","subtype":"residential"}},{"type":"Feature","geometry":{"type":"Polygon","coordinates":[[[103.830509,1.35306],[103.830466,1.353019],[103.830592,1.352888],[103.830635,1.35293],[103.830509,1.35306]]]},"properties":{"class":"house","subtype":"residential"}},{"type":"Feature","geometry":{"type":"Polygon","coordinates":[[[103.830323,1.353161],[103.830372,1.35312],[103.83044,1.353202],[103.830463,1.353183],[103.830526,1.353259],[103.830454,1.353318],[103.830323,1.353161]]]},"properties":{"class":"house","subtype":"residential"}},{"type":"Feature","geometry":{"type":"Polygon","coordinates":[[[103.830376,1.353462],[103.830422,1.353424],[103.83054,1.353566],[103.830493,1.353604],[103.830376,1.353462]]]},"properties":{"class":"house","subtype":"residential"}},{"type":"Feature","geometry":{"type":"Polygon","coordinates":[[[103.830422,1.353424],[103.830469,1.353386],[103.830586,1.353528],[103.83054,1.353566],[103.830422,1.353424]]]},"properties":{"class":"house","subtype":"residential"}},{"type":"Feature","geometry":{"type":"Polygon","coordinates":[[[103.830469,1.353386],[103.830515,1.353347],[103.830632,1.353489],[103.830586,1.353528],[103.830469,1.353386]]]},"properties":{"class":"house","subtype":"residential"}},{"type":"Feature","geometry":{"type":"Polygon","coordinates":[[[103.830515,1.353347],[103.830562,1.353309],[103.830679,1.353451],[103.830632,1.353489],[103.830515,1.353347]]]},"properties":{"class":"house","subtype":"residential"}},{"type":"Feature","geometry":{"type":"Polygon","coordinates":[[[103.830523,1.353777],[103.830568,1.35374],[103.830667,1.353862],[103.830621,1.353899],[103.830523,1.353777]]]},"properties":{"class":"house","subtype":"residential"}},{"type":"Feature","geometry":{"type":"Polygon","coordinates":[[[103.830568,1.35374],[103.830614,1.353703],[103.830713,1.353825],[103.830667,1.353862],[103.830568,1.35374]]]},"properties":{"class":"house","subtype":"residential"}},{"type":"Feature","geometry":{"type":"Polygon","coordinates":[[[103.830614,1.353703],[103.83066,1.353666],[103.830758,1.353788],[103.830713,1.353825],[103.830614,1.353703]]]},"properties":{"class":"house","subtype":"residential"}},{"type":"Feature","geometry":{"type":"Polygon","coordinates":[[[103.830637,1.353184],[103.830594,1.353143],[103.830721,1.353012],[103.830763,1.353054],[103.830637,1.353184]]]},"properties":{"class":"house","subtype":"residential"}},{"type":"Feature","geometry":{"type":"Polygon","coordinates":[[[103.830551,1.353102],[103.830509,1.35306],[103.830635,1.35293],[103.830678,1.352971],[103.830551,1.353102]]]},"properties":{"class":"house","subtype":"residential"}},{"type":"Feature","geometry":{"type":"Polygon","coordinates":[[[103.830594,1.353143],[103.830551,1.353102],[103.830678,1.352971],[103.830721,1.353012],[103.830594,1.353143]]]},"properties":{"class":"house","subtype":"residential"}},{"type":"Feature","geometry":{"type":"Polygon","coordinates":[[[103.830658,1.352885],[103.8307,1.352843],[103.830822,1.352966],[103.83078,1.353008],[103.830658,1.352885]]]},"properties":{"class":"house","subtype":"residential"}},{"type":"Feature","geometry":{"type":"Polygon","coordinates":[[[103.8307,1.352843],[103.830742,1.352801],[103.830865,1.352924],[103.830822,1.352966],[103.8307,1.352843]]]},"properties":{"class":"house","subtype":"residential"}},{"type":"Feature","geometry":{"type":"Polygon","coordinates":[[[103.830742,1.352801],[103.830784,1.352758],[103.830907,1.352882],[103.830865,1.352924],[103.830742,1.352801]]]},"properties":{"class":"house","subtype":"residential"}},{"type":"Feature","geometry":{"type":"Polygon","coordinates":[[[103.830722,1.353267],[103.83068,1.353226],[103.830806,1.353095],[103.830849,1.353136],[103.830722,1.353267]]]},"properties":{"class":"house","subtype":"residential"}},{"type":"Feature","geometry":{"type":"Polygon","coordinates":[[[103.830765,1.353309],[103.830722,1.353267],[103.830849,1.353136],[103.830892,1.353178],[103.830765,1.353309]]]},"properties":{"class":"house","subtype":"residential"}},{"type":"Feature","geometry":{"type":"Polygon","coordinates":[[[103.83068,1.353226],[103.830637,1.353184],[103.830763,1.353054],[103.830806,1.353095],[103.83068,1.353226]]]},"properties":{"class":"house","subtype":"residential"}},{"type":"Feature","geometry":{"type":"Polygon","coordinates":[[[103.83066,1.353666],[103.830706,1.353629],[103.830804,1.353751],[103.830758,1.353788],[103.83066,1.353666]]]},"properties":{"class":"house","subtype":"residential"}},{"type":"Feature","geometry":{"type":"Polygon","coordinates":[[[103.830706,1.353629],[103.830751,1.353592],[103.83085,1.353714],[103.830804,1.353751],[103.830706,1.353629]]]},"properties":{"class":"house","subtype":"residential"}},{"type":"Feature","geometry":{"type":"Polygon","coordinates":[[[103.830751,1.353592],[103.830797,1.353555],[103.830896,1.353677],[103.83085,1.353714],[103.830751,1.353592]]]},"properties":{"class":"house","subtype":"residential"}},{"type":"Feature","geometry":{"type":"Polygon","coordinates":[[[103.830889,1.353798],[103.830932,1.35376],[103.831033,1.353876],[103.83099,1.353913],[103.830889,1.353798]]]},"properties":{"class":"house","subtype":"residential"}},{"type":"Feature","geometry":{"type":"Polygon","coordinates":[[[103.830831,1.353048],[103.830873,1.353008],[103.830994,1.353135],[103.830951,1.353176],[103.830831,1.353048]]]},"properties":{"class":"house","subtype":"residential"}},{"type":"Feature","geometry":{"type":"Polygon","coordinates":[[[103.830808,1.35335],[103.830765,1.353309],[103.830892,1.353178],[103.830934,1.353219],[103.830808,1.35335]]]},"properties":{"class":"house","subtype":"residential"}},{"type":"Feature","geometry":{"type":"Polygon","coordinates":[[[103.830873,1.353008],[103.830916,1.352968],[103.831036,1.353095],[103.830994,1.353135],[103.830873,1.353008]]]},"properties":{"class":"house","subtype":"residential"}},{"type":"Feature","geometry":{"type":"Polygon","coordinates":[[[103.830869,1.352674],[103.830911,1.352632],[103.831034,1.352755],[103.830991,1.352797],[103.830869,1.352674]]]},"properties":{"class":"house","subtype":"residential"}},{"type":"Feature","geometry":{"type":"Polygon","coordinates":[[[103.830827,1.352717],[103.830869,1.352674],[103.830991,1.352797],[103.830949,1.352839],[103.830827,1.352717]]]},"properties":{"class":"house","subtype":"residential"}},{"type":"Feature","geometry":{"type":"Polygon","coordinates":[[[103.830784,1.352758],[103.830827,1.352717],[103.830949,1.352839],[103.830907,1.352882],[103.830784,1.352758]]]},"properties":{"class":"house","subtype":"residential"}},{"type":"Feature","geometry":{"type":"Polygon","coordinates":[[[103.830657,1.352396],[103.830697,1.352356],[103.830815,1.352478],[103.830775,1.352517],[103.830657,1.352396]]]},"properties":{"class":"house","subtype":"residential"}},{"type":"Feature","geometry":{"type":"Polygon","coordinates":[[[103.830617,1.352434],[103.830657,1.352396],[103.830775,1.352517],[103.830735,1.352556],[103.830617,1.352434]]]},"properties":{"class":"house","subtype":"residential"}},{"type":"Feature","geometry":{"type":"Polygon","coordinates":[[[103.830906,1.352155],[103.830863,1.352113],[103.830979,1.351994],[103.831022,1.352036],[103.830906,1.352155]]]},"properties":{"class":"house","subtype":"residential"}},{"type":"Feature","geometry":{"type":"Polygon","coordinates":[[[103.831036,1.352281],[103.830993,1.352239],[103.831108,1.35212],[103.831151,1.352162],[103.831036,1.352281]]]},"properties":{"class":"house","subtype":"residential"}},{"type":"Feature","geometry":{"type":"Polygon","coordinates":[[[103.830993,1.352239],[103.83095,1.352197],[103.831065,1.352078],[103.831108,1.35212],[103.830993,1.352239]]]},"properties":{"class":"house","subtype":"residential"}},{"type":"Feature","geometry":{"type":"Polygon","coordinates":[[[103.83095,1.352197],[103.830906,1.352155],[103.831022,1.352036],[103.831065,1.352078],[103.83095,1.352197]]]},"properties":{"class":"house","subtype":"residential"}},{"type":"Feature","geometry":{"type":"Polygon","coordinates":[[[103.830911,1.352632],[103.830953,1.35259],[103.831076,1.352713],[103.831034,1.352755],[103.830911,1.352632]]]},"properties":{"class":"house","subtype":"residential"}},{"type":"Feature","geometry":{"type":"Polygon","coordinates":[[[103.830953,1.35259],[103.830996,1.352548],[103.831118,1.352671],[103.831076,1.352713],[103.830953,1.35259]]]},"properties":{"class":"house","subtype":"residential"}},{"type":"Feature","geometry":{"type":"Polygon","coordinates":[[[103.831028,1.352358],[103.831055,1.35233],[103.83109,1.352364],[103.831063,1.352392],[103.831028,1.352358]]]},"properties":{}},{"type":"Feature","geometry":{"type":"Polygon","coordinates":[[[103.831131,1.352403],[103.831171,1.352442],[103.831144,1.35247],[103.831104,1.352431],[103.831131,1.352403]]]},"properties":{}},{"type":"Feature","geometry":{"type":"Polygon","coordinates":[[[103.831196,1.352489],[103.831221,1.352496],[103.831213,1.352526],[103.831187,1.352518],[103.831196,1.352489]]]},"properties":{}},{"type":"Feature","geometry":{"type":"Polygon","coordinates":[[[103.831165,1.352407],[103.831122,1.352365],[103.831238,1.352246],[103.831281,1.352288],[103.831165,1.352407]]]},"properties":{"class":"house","subtype":"residential"}},{"type":"Feature","geometry":{"type":"Polygon","coordinates":[[[103.831122,1.352365],[103.831079,1.352323],[103.831194,1.352204],[103.831238,1.352246],[103.831122,1.352365]]]},"properties":{"class":"house","subtype":"residential"}},{"type":"Feature","geometry":{"type":"Polygon","coordinates":[[[103.831079,1.352323],[103.831036,1.352281],[103.831151,1.352162],[103.831194,1.352204],[103.831079,1.352323]]]},"properties":{"class":"house","subtype":"residential"}},{"type":"Feature","geometry":{"type":"Polygon","coordinates":[[[103.831132,1.352021],[103.831092,1.351981],[103.831194,1.351878],[103.831234,1.351918],[103.831132,1.352021]]]},"properties":{"class":"house","subtype":"residential"}},{"type":"Feature","geometry":{"type":"Polygon","coordinates":[[[103.831092,1.351981],[103.831052,1.351941],[103.831154,1.351839],[103.831194,1.351878],[103.831092,1.351981]]]},"properties":{"class":"house","subtype":"residential"}},{"type":"Feature","geometry":{"type":"Polygon","coordinates":[[[103.831172,1.352061],[103.831132,1.352021],[103.831234,1.351918],[103.831274,1.351958],[103.831172,1.352061]]]},"properties":{"class":"house","subtype":"residential"}},{"type":"Feature","geometry":{"type":"Polygon","coordinates":[[[103.831212,1.352101],[103.831172,1.352061],[103.831274,1.351958],[103.831314,1.351998],[103.831212,1.352101]]]},"properties":{"class":"house","subtype":"residential"}},{"type":"Feature","geometry":{"type":"Polygon","coordinates":[[[103.831252,1.352141],[103.831212,1.352101],[103.831314,1.351998],[103.831354,1.352038],[103.831252,1.352141]]]},"properties":{"class":"house","subtype":"residential"}},{"type":"Feature","geometry":{"type":"Polygon","coordinates":[[[103.831292,1.35218],[103.831252,1.352141],[103.831354,1.352038],[103.831394,1.352078],[103.831292,1.35218]]]},"properties":{"class":"house","subtype":"residential"}},{"type":"Feature","geometry":{"type":"Polygon","coordinates":[[[103.831332,1.35222],[103.831292,1.35218],[103.831394,1.352078],[103.831434,1.352117],[103.831332,1.35222]]]},"properties":{"class":"house","subtype":"residential"}},{"type":"Feature","geometry":{"type":"Polygon","coordinates":[[[103.831452,1.35234],[103.831412,1.3523],[103.831514,1.352197],[103.831554,1.352237],[103.831452,1.35234]]]},"properties":{"class":"house","subtype":"residential"}},{"type":"Feature","geometry":{"type":"Polygon","coordinates":[[[103.831412,1.3523],[103.831372,1.35226],[103.831474,1.352157],[103.831514,1.352197],[103.831412,1.3523]]]},"properties":{"class":"house","subtype":"residential"}},{"type":"Feature","geometry":{"type":"Polygon","coordinates":[[[103.831372,1.35226],[103.831332,1.35222],[103.831434,1.352117],[103.831474,1.352157],[103.831372,1.35226]]]},"properties":{"class":"house","subtype":"residential"}},{"type":"Feature","geometry":{"type":"Polygon","coordinates":[[[103.831416,1.352605],[103.831363,1.35258],[103.831426,1.35245],[103.831479,1.352476],[103.831416,1.352605]]]},"properties":{"class":"house","subtype":"residential"}},{"type":"Feature","geometry":{"type":"Polygon","coordinates":[[[103.831469,1.352631],[103.831416,1.352605],[103.831479,1.352476],[103.831532,1.352502],[103.831469,1.352631]]]},"properties":{"class":"house","subtype":"residential"}},{"type":"Feature","geometry":{"type":"Polygon","coordinates":[[[103.831295,1.352532],[103.831251,1.35249],[103.831367,1.352372],[103.83141,1.352414],[103.831295,1.352532]]]},"properties":{"class":"house","subtype":"residential"}},{"type":"Feature","geometry":{"type":"Polygon","coordinates":[[[103.831251,1.35249],[103.831208,1.352448],[103.831324,1.35233],[103.831367,1.352372],[103.831251,1.35249]]]},"properties":{"class":"house","subtype":"residential"}},{"type":"Feature","geometry":{"type":"Polygon","coordinates":[[[103.831208,1.352448],[103.831165,1.352407],[103.831281,1.352288],[103.831324,1.35233],[103.831208,1.352448]]]},"properties":{"class":"house","subtype":"residential"}},{"type":"Feature","geometry":{"type":"Polygon","coordinates":[[[103.831259,1.353063],[103.831285,1.353073],[103.831275,1.353101],[103.831249,1.353092],[103.831259,1.353063]]]},"properties":{}},{"type":"Feature","geometry":{"type":"Polygon","coordinates":[[[103.831194,1.353193],[103.831233,1.353154],[103.831357,1.353279],[103.831317,1.353318],[103.831194,1.353193]]]},"properties":{"class":"house","subtype":"residential"}},{"type":"Feature","geometry":{"type":"Polygon","coordinates":[[[103.831233,1.353154],[103.831273,1.353114],[103.831396,1.35324],[103.831357,1.353279],[103.831233,1.353154]]]},"properties":{"class":"house","subtype":"residential"}},{"type":"Feature","geometry":{"type":"Polygon","coordinates":[[[103.831273,1.353114],[103.831312,1.353076],[103.831436,1.353201],[103.831396,1.35324],[103.831273,1.353114]]]},"properties":{"class":"house","subtype":"residential"}},{"type":"Feature","geometry":{"type":"Polygon","coordinates":[[[103.831582,1.353039],[103.831406,1.352911],[103.831444,1.352861],[103.83162,1.352989],[103.831582,1.353039]]]},"properties":{"class":"house","subtype":"residential"}},{"type":"Feature","geometry":{"type":"Polygon","coordinates":[[[103.831392,1.352997],[103.831431,1.352958],[103.831555,1.353084],[103.831515,1.353123],[103.831392,1.352997]]]},"properties":{"class":"house","subtype":"residential"}},{"type":"Feature","geometry":{"type":"Polygon","coordinates":[[[103.831352,1.353036],[103.831392,1.352997],[103.831515,1.353123],[103.831476,1.353162],[103.831352,1.353036]]]},"properties":{"class":"house","subtype":"residential"}},{"type":"Feature","geometry":{"type":"Polygon","coordinates":[[[103.831312,1.353076],[103.831352,1.353036],[103.831476,1.353162],[103.831436,1.353201],[103.831312,1.353076]]]},"properties":{"class":"house","subtype":"residential"}},{"type":"Feature","geometry":{"type":"Polygon","coordinates":[[[103.831321,1.353458],[103.831359,1.353419],[103.831481,1.353538],[103.831443,1.353578],[103.831321,1.353458]]]},"properties":{"class":"house","subtype":"residential"}},{"type":"Feature","geometry":{"type":"Polygon","coordinates":[[[103.831359,1.353419],[103.831397,1.35338],[103.831519,1.353499],[103.831481,1.353538],[103.831359,1.353419]]]},"properties":{"class":"house","subtype":"residential"}},{"type":"Feature","geometry":{"type":"Polygon","coordinates":[[[103.831397,1.35338],[103.831436,1.353341],[103.831558,1.35346],[103.831519,1.353499],[103.831397,1.35338]]]},"properties":{"class":"house","subtype":"residential"}},{"type":"Feature","geometry":{"type":"Polygon","coordinates":[[[103.831436,1.353341],[103.831474,1.353301],[103.831596,1.353421],[103.831558,1.35346],[103.831436,1.353341]]]},"properties":{"class":"house","subtype":"residential"}},{"type":"Feature","geometry":{"type":"Polygon","coordinates":[[[103.831366,1.353928],[103.831325,1.353887],[103.83146,1.353751],[103.831501,1.353792],[103.831366,1.353928]]]},"properties":{}},{"type":"Feature","geometry":{"type":"Polygon","coordinates":[[[103.831283,1.353497],[103.831321,1.353458],[103.831443,1.353578],[103.831405,1.353617],[103.831283,1.353497]]]},"properties":{"class":"house","subtype":"residential"}},{"type":"Feature","geometry":{"type":"Polygon","coordinates":[[[103.831313,1.353616],[103.831352,1.353656],[103.83123,1.353777],[103.831191,1.353738],[103.831313,1.353616]]]},"properties":{"class":"house","subtype":"residential"}},{"type":"Feature","geometry":{"type":"Polygon","coordinates":[[[103.831274,1.353577],[103.831313,1.353616],[103.831191,1.353738],[103.831152,1.353698],[103.831274,1.353577]]]},"properties":{"class":"house","subtype":"residential"}},{"type":"Feature","geometry":{"type":"Polygon","coordinates":[[[103.831235,1.353538],[103.831274,1.353577],[103.831152,1.353698],[103.831113,1.353659],[103.831235,1.353538]]]},"properties":{"class":"house","subtype":"residential"}},{"type":"Feature","geometry":{"type":"Polygon","coordinates":[[[103.831196,1.353498],[103.831235,1.353538],[103.831113,1.353659],[103.831073,1.35362],[103.831196,1.353498]]]},"properties":{"class":"house","subtype":"residential"}},{"type":"Feature","geometry":{"type":"Polygon","coordinates":[[[103.831157,1.353459],[103.831196,1.353498],[103.831073,1.35362],[103.831034,1.35358],[103.831157,1.353459]]]},"properties":{"class":"house","subtype":"residential"}},{"type":"Feature","geometry":{"type":"Polygon","coordinates":[[[103.831075,1.35331],[103.831114,1.353271],[103.831238,1.353396],[103.831198,1.353435],[103.831075,1.35331]]]},"properties":{"class":"house","subtype":"residential"}},{"type":"Feature","geometry":{"type":"Polygon","coordinates":[[[103.831154,1.353232],[103.831194,1.353193],[103.831317,1.353318],[103.831277,1.353357],[103.831154,1.353232]]]},"properties":{"class":"house","subtype":"residential"}},{"type":"Feature","geometry":{"type":"Polygon","coordinates":[[[103.831114,1.353271],[103.831154,1.353232],[103.831277,1.353357],[103.831238,1.353396],[103.831114,1.353271]]]},"properties":{"class":"house","subtype":"residential"}},{"type":"Feature","geometry":{"type":"Polygon","coordinates":[[[103.831129,1.352766],[103.831171,1.352725],[103.831292,1.352852],[103.831249,1.352893],[103.831129,1.352766]]]},"properties":{"class":"house","subtype":"residential"}},{"type":"Feature","geometry":{"type":"Polygon","coordinates":[[[103.831086,1.352806],[103.831129,1.352766],[103.831249,1.352893],[103.831207,1.352933],[103.831086,1.352806]]]},"properties":{"class":"house","subtype":"residential"}},{"type":"Feature","geometry":{"type":"Polygon","coordinates":[[[103.831044,1.352846],[103.831086,1.352806],[103.831207,1.352933],[103.831164,1.352974],[103.831044,1.352846]]]},"properties":{"class":"house","subtype":"residential"}},{"type":"Feature","geometry":{"type":"Polygon","coordinates":[[[103.831001,1.352887],[103.831044,1.352846],[103.831164,1.352974],[103.831122,1.353014],[103.831001,1.352887]]]},"properties":{"class":"house","subtype":"residential"}},{"type":"Feature","geometry":{"type":"Polygon","coordinates":[[[103.830958,1.352927],[103.831001,1.352887],[103.831122,1.353014],[103.831079,1.353054],[103.830958,1.352927]]]},"properties":{"class":"house","subtype":"residential"}},{"type":"Feature","geometry":{"type":"Polygon","coordinates":[[[103.830916,1.352968],[103.830958,1.352927],[103.831079,1.353054],[103.831036,1.353095],[103.830916,1.352968]]]},"properties":{"class":"house","subtype":"residential"}},{"type":"Feature","geometry":{"type":"Polygon","coordinates":[[[103.83104,1.353341],[103.831079,1.35338],[103.830956,1.353501],[103.830917,1.353462],[103.83104,1.353341]]]},"properties":{"class":"house","subtype":"residential"}},{"type":"Feature","geometry":{"type":"Polygon","coordinates":[[[103.831118,1.353419],[103.831157,1.353459],[103.831034,1.35358],[103.830995,1.353541],[103.831118,1.353419]]]},"properties":{"class":"house","subtype":"residential"}},{"type":"Feature","geometry":{"type":"Polygon","coordinates":[[[103.831079,1.35338],[103.831118,1.353419],[103.830995,1.353541],[103.830956,1.353501],[103.831079,1.35338]]]},"properties":{"class":"house","subtype":"residential"}},{"type":"Feature","geometry":{"type":"Polygon","coordinates":[[[103.830932,1.35376],[103.830975,1.353723],[103.831076,1.353838],[103.831033,1.353876],[103.830932,1.35376]]]},"properties":{"class":"house","subtype":"residential"}},{"type":"Feature","geometry":{"type":"Polygon","coordinates":[[[103.831407,1.353969],[103.831366,1.353928],[103.831501,1.353792],[103.831542,1.353832],[103.831407,1.353969]]]},"properties":{}},{"type":"Feature","geometry":{"type":"Polygon","coordinates":[[[103.831449,1.35401],[103.831407,1.353969],[103.831542,1.353832],[103.831583,1.353873],[103.831449,1.35401]]]},"properties":{}},{"type":"Feature","geometry":{"type":"Polygon","coordinates":[[[103.831552,1.35536],[103.83157,1.355406],[103.831457,1.35545],[103.831439,1.355404],[103.831552,1.35536]]]},"properties":{}},{"type":"Feature","geometry":{"type":"Polygon","coordinates":[[[103.830847,1.353835],[103.830889,1.353798],[103.83099,1.353913],[103.830947,1.353951],[103.830847,1.353835]]]},"properties":{"class":"house","subtype":"residential"}},{"type":"Feature","geometry":{"type":"Polygon","coordinates":[[[103.830804,1.353872],[103.830847,1.353835],[103.830947,1.353951],[103.830905,1.353988],[103.830804,1.353872]]]},"properties":{"class":"house","subtype":"residential"}},{"type":"Feature","geometry":{"type":"Polygon","coordinates":[[[103.830761,1.35391],[103.830804,1.353872],[103.830905,1.353988],[103.830862,1.354025],[103.830761,1.35391]]]},"properties":{"class":"house","subtype":"residential"}},{"type":"Feature","geometry":{"type":"Polygon","coordinates":[[[103.830718,1.353947],[103.830761,1.35391],[103.830862,1.354025],[103.830819,1.354063],[103.830718,1.353947]]]},"properties":{"class":"house","subtype":"residential"}},{"type":"Feature","geometry":{"type":"Polygon","coordinates":[[[103.830675,1.353985],[103.830718,1.353947],[103.830819,1.354063],[103.830776,1.3541],[103.830675,1.353985]]]},"properties":{"class":"house","subtype":"residential"}},{"type":"Feature","geometry":{"type":"Polygon","coordinates":[[[103.830632,1.354022],[103.830675,1.353985],[103.830776,1.3541],[103.830733,1.354137],[103.830632,1.354022]]]},"properties":{"class":"house","subtype":"residential"}},{"type":"Feature","geometry":{"type":"Polygon","coordinates":[[[103.830678,1.35427],[103.830766,1.354368],[103.830745,1.354388],[103.830657,1.35429],[103.830678,1.35427]]]},"properties":{}},{"type":"Feature","geometry":{"type":"Polygon","coordinates":[[[103.830354,1.353919],[103.83073,1.354416],[103.831241,1.354031],[103.831583,1.354481],[103.831677,1.354609],[103.831589,1.354684],[103.831434,1.354816],[103.831395,1.354849],[103.831381,1.354837],[103.831315,1.354768],[103.830875,1.355128],[103.83081,1.355058],[103.830526,1.355283],[103.830357,1.355087],[103.830364,1.355021],[103.830369,1.354968],[103.830068,1.354587],[103.829978,1.354472],[103.82997,1.354461],[103.829917,1.354392],[103.829957,1.35436],[103.829941,1.354342],[103.830023,1.35427],[103.83,1.354245],[103.830354,1.353919]]]},"properties":{"name":"Thomson Plaza","num_floors":3}},{"type":"Feature","geometry":{"type":"Polygon","coordinates":[[[103.830589,1.354059],[103.830632,1.354022],[103.830733,1.354137],[103.83069,1.354175],[103.830589,1.354059]]]},"properties":{"class":"house","subtype":"residential"}},{"type":"Feature","geometry":{"type":"Polygon","coordinates":[[[103.830477,1.353814],[103.830523,1.353777],[103.830621,1.353899],[103.830575,1.353936],[103.830477,1.353814]]]},"properties":{"class":"house","subtype":"residential"}},{"type":"Feature","geometry":{"type":"Polygon","coordinates":[[[103.830431,1.353851],[103.830477,1.353814],[103.830575,1.353936],[103.83053,1.353973],[103.830431,1.353851]]]},"properties":{"class":"house","subtype":"residential"}},{"type":"Feature","geometry":{"type":"Polygon","coordinates":[[[103.830385,1.353888],[103.830431,1.353851],[103.83053,1.353973],[103.830484,1.35401],[103.830385,1.353888]]]},"properties":{"class":"house","subtype":"residential"}},{"type":"Feature","geometry":{"type":"Polygon","coordinates":[[[103.830808,1.356918],[103.830802,1.356866],[103.830903,1.356855],[103.830908,1.356907],[103.830808,1.356918]]]},"properties":{}},{"type":"Feature","geometry":{"type":"Polygon","coordinates":[[[103.830699,1.357126],[103.830765,1.357133],[103.830759,1.357196],[103.830723,1.357192],[103.830722,1.357203],[103.83068,1.357198],[103.830682,1.357173],[103.830667,1.357172],[103.830671,1.357136],[103.830698,1.357139],[103.830699,1.357126]]]},"properties":{"class":"house","subtype":"residential"}},{"type":"Feature","geometry":{"type":"Polygon","coordinates":[[[103.830816,1.357361],[103.830812,1.357409],[103.830741,1.357402],[103.830745,1.357354],[103.830816,1.357361]]]},"properties":{"name":"Floating Gym"}},{"type":"Feature","geometry":{"type":"Polygon","coordinates":[[[103.830759,1.357196],[103.830765,1.357133],[103.83083,1.357139],[103.830829,1.357152],[103.830856,1.357154],[103.830853,1.35719],[103.830838,1.357188],[103.830835,1.357214],[103.830813,1.357212],[103.830793,1.35721],[103.830794,1.357199],[103.830759,1.357196]]]},"properties":{"class":"house","subtype":"residential"}},{"type":"Feature","geometry":{"type":"Polygon","coordinates":[[[103.830909,1.357147],[103.830975,1.357153],[103.830968,1.357216],[103.830933,1.357213],[103.830932,1.357223],[103.830914,1.357221],[103.83089,1.357219],[103.830892,1.357193],[103.830877,1.357192],[103.830881,1.357157],[103.830908,1.357159],[103.830909,1.357147]]]},"properties":{"class":"house","subtype":"residential"}},{"type":"Feature","geometry":{"type":"Polygon","coordinates":[[[103.830883,1.357415],[103.830849,1.357411],[103.830853,1.357371],[103.830888,1.357375],[103.830883,1.357415]]]},"properties":{"name":"Poolside Pavillion","subtype":"civic"}},{"type":"Feature","geometry":{"type":"Polygon","coordinates":[[[103.830937,1.357645],[103.830868,1.35766],[103.830866,1.357652],[103.830853,1.357655],[103.83085,1.357639],[103.830866,1.357636],[103.830852,1.357568],[103.830858,1.357566],[103.830878,1.357561],[103.830876,1.357549],[103.830898,1.357544],[103.830906,1.357578],[103.830921,1.357574],[103.830934,1.35763],[103.830937,1.357645]]]},"properties":{"class":"residential","subtype":"residential"}},{"type":"Feature","geometry":{"type":"Polygon","coordinates":[[[103.830903,1.357678],[103.830874,1.357684],[103.830868,1.35766],[103.830937,1.357645],[103.830934,1.35763],[103.830994,1.357617],[103.831006,1.357673],[103.830985,1.357677],[103.830986,1.357683],[103.830954,1.35769],[103.830952,1.357679],[103.830906,1.357689],[103.830903,1.357678]]]},"properties":{"class":"residential","subtype":"residential"}},{"type":"Feature","geometry":{"type":"Polygon","coordinates":[[[103.830759,1.357756],[103.830753,1.35773],[103.830832,1.357712],[103.830828,1.357695],[103.830852,1.35769],[103.830856,1.357706],[103.830861,1.357732],[103.830803,1.357746],[103.830804,1.357752],[103.830773,1.357759],[103.830772,1.357753],[103.830759,1.357756]]]},"properties":{"class":"residential","subtype":"residential"}},{"type":"Feature","geometry":{"type":"Polygon","coordinates":[[[103.830721,1.357695],[103.830719,1.357689],[103.830728,1.357687],[103.830749,1.357682],[103.83074,1.357644],[103.830782,1.357634],[103.830826,1.357624],[103.830834,1.35766],[103.830853,1.357655],[103.830866,1.357652],[103.830868,1.35766],[103.830874,1.357684],[103.830865,1.357686],[103.830869,1.357703],[103.830856,1.357706],[103.830852,1.35769],[103.830828,1.357695],[103.830832,1.357712],[103.830753,1.35773],[103.830747,1.357732],[103.830744,1.357716],[103.830727,1.35772],[103.830721,1.357695]]]},"properties":{"class":"residential","subtype":"residential"}},{"type":"Feature","geometry":{"type":"Polygon","coordinates":[[[103.830812,1.357565],[103.83085,1.357556],[103.830852,1.357568],[103.830866,1.357636],[103.83085,1.357639],[103.830853,1.357655],[103.830834,1.35766],[103.830826,1.357624],[103.830782,1.357634],[103.830766,1.357568],[103.830783,1.357564],[103.830778,1.357544],[103.830805,1.357537],[103.830812,1.357565]]]},"properties":{"class":"residential","subtype":"residential"}},{"type":"Feature","geometry":{"type":"Polygon","coordinates":[[[103.830689,1.357606],[103.830686,1.357597],[103.830725,1.357587],[103.830718,1.357558],[103.830745,1.357552],[103.83075,1.357572],[103.830766,1.357568],[103.830782,1.357634],[103.83074,1.357644],[103.830749,1.357682],[103.830728,1.357687],[103.830724,1.357671],[103.830706,1.357676],[103.830689,1.357606]]]},"properties":{"class":"residential","subtype":"residential"}},{"type":"Feature","geometry":{"type":"Polygon","coordinates":[[[103.830721,1.357695],[103.830727,1.35772],[103.830697,1.357727],[103.830699,1.357738],[103.830653,1.357749],[103.830656,1.35776],[103.830624,1.357768],[103.830623,1.357762],[103.830602,1.357767],[103.830589,1.357712],[103.830648,1.357697],[103.830652,1.357712],[103.830721,1.357695]]]},"properties":{"class":"residential","subtype":"residential"}},{"type":"Feature","geometry":{"type":"Polygon","coordinates":[[[103.830719,1.357689],[103.830721,1.357695],[103.830652,1.357712],[103.830648,1.357697],[103.830636,1.357641],[103.830651,1.357638],[103.830643,1.357604],[103.830665,1.357599],[103.830668,1.357611],[103.830681,1.357608],[103.830689,1.357606],[103.830706,1.357676],[103.830724,1.357671],[103.830728,1.357687],[103.830719,1.357689]]]},"properties":{"class":"residential","subtype":"residential"}},{"type":"Feature","geometry":{"type":"Polygon","coordinates":[[[103.830574,1.357252],[103.830534,1.357203],[103.830585,1.357161],[103.830593,1.357171],[103.830614,1.357154],[103.830637,1.357181],[103.830625,1.357191],[103.830641,1.357211],[103.830624,1.357225],[103.830608,1.357237],[103.830602,1.357229],[103.830574,1.357252]]]},"properties":{"class":"house","subtype":"residential"}},{"type":"Feature","geometry":{"type":"Polygon","coordinates":[[[103.830483,1.357244],[103.830534,1.357203],[103.830574,1.357252],[103.830546,1.357275],[103.830552,1.357283],[103.830543,1.357291],[103.83052,1.357309],[103.830504,1.35729],[103.830492,1.357299],[103.830469,1.357272],[103.830491,1.357254],[103.830483,1.357244]]]},"properties":{"class":"house","subtype":"residential"}},{"type":"Feature","geometry":{"type":"Polygon","coordinates":[[[103.830415,1.357381],[103.830375,1.357332],[103.830426,1.357291],[103.830434,1.3573],[103.830456,1.357283],[103.830478,1.35731],[103.830466,1.35732],[103.830482,1.35734],[103.830467,1.357352],[103.83045,1.357366],[103.830443,1.357358],[103.830415,1.357381]]]},"properties":{"class":"house","subtype":"residential"}},{"type":"Feature","geometry":{"type":"MultiPolygon","coordinates":[[[[103.830453,1.357563],[103.830454,1.35756],[103.830457,1.357557],[103.83046,1.357555],[103.830464,1.357554],[103.830468,1.357555],[103.830472,1.357557],[103.830474,1.35756],[103.830476,1.357564],[103.830476,1.357568],[103.830475,1.357571],[103.830472,1.357574],[103.830469,1.357577],[103.830466,1.357578],[103.830462,1.357578],[103.830458,1.357576],[103.830455,1.357574],[103.830453,1.357571],[103.830452,1.357567],[103.830453,1.357563]]],[[[103.830439,1.357605],[103.830436,1.357602],[103.830434,1.357599],[103.830433,1.357595],[103.830434,1.357591],[103.830435,1.357588],[103.830438,1.357585],[103.830441,1.357583],[103.830445,1.357583],[103.830449,1.357583],[103.830452,1.357585],[103.830455,1.357588],[103.830456,1.357592],[103.830457,1.357596],[103.830456,1.357599],[103.830453,1.357603],[103.83045,1.357605],[103.830447,1.357606],[103.830443,1.357606],[103.830439,1.357605]]],[[[103.830418,1.357611],[103.830414,1.35761],[103.830411,1.357608],[103.830409,1.357604],[103.830408,1.357601],[103.830409,1.357597],[103.83041,1.357593],[103.830413,1.35759],[103.830416,1.357589],[103.83042,1.357588],[103.830424,1.357589],[103.830427,1.357591],[103.83043,1.357594],[103.830431,1.357597],[103.830432,1.357601],[103.830431,1.357605],[103.830428,1.357608],[103.830425,1.35761],[103.830421,1.357611],[103.830418,1.357611]]]]},"properties":{"name":"Poolside Gazebos","subtype":"civic"}},{"type":"Feature","geometry":{"type":"Polygon","coordinates":[[[103.830398,1.35786],[103.83039,1.357855],[103.830389,1.357837],[103.830415,1.357836],[103.83043,1.357849],[103.830451,1.357826],[103.830464,1.357812],[103.830532,1.357872],[103.830483,1.357927],[103.830467,1.357913],[103.830462,1.357918],[103.830452,1.357913],[103.830438,1.357924],[103.830415,1.357896],[103.830393,1.357867],[103.830398,1.35786]]]},"properties":{"class":"residential","subtype":"residential"}},{"type":"Feature","geometry":{"type":"Polygon","coordinates":[[[103.830395,1.357815],[103.830392,1.357733],[103.830403,1.357733],[103.830487,1.35773],[103.830489,1.357787],[103.830477,1.357788],[103.830477,1.357794],[103.830467,1.357794],[103.830468,1.357807],[103.830444,1.357808],[103.830444,1.357801],[103.830429,1.357802],[103.83043,1.357813],[103.830445,1.357812],[103.830445,1.357821],[103.830451,1.357826],[103.83043,1.357849],[103.830415,1.357836],[103.830389,1.357837],[103.830388,1.357831],[103.830376,1.357832],[103.830376,1.357815],[103.830395,1.357815]]]},"properties":{"class":"residential","subtype":"residential"}},{"type":"Feature","geometry":{"type":"Polygon","coordinates":[[[103.830575,1.358087],[103.830476,1.358087],[103.830476,1.358003],[103.83059,1.358003],[103.83059,1.358087],[103.830575,1.358087]]]},"properties":{}},{"type":"Feature","geometry":{"type":"Polygon","coordinates":[[[103.830316,1.358896],[103.830256,1.358901],[103.830328,1.358733],[103.830387,1.35864],[103.830714,1.358635],[103.831021,1.358629],[103.83109,1.358629],[103.83109,1.358813],[103.831005,1.358813],[103.831002,1.358747],[103.830454,1.358753],[103.830417,1.358821],[103.830374,1.358892],[103.830316,1.358896]]]},"properties":{"class":"residential","subtype":"residential"}},{"type":"Feature","geometry":{"type":"Polygon","coordinates":[[[103.830876,1.358985],[103.830952,1.358987],[103.830951,1.359016],[103.830875,1.359014],[103.830876,1.358985]]]},"properties":{}},{"type":"Feature","geometry":{"type":"Polygon","coordinates":[[[103.83054,1.358539],[103.830537,1.35842],[103.830869,1.358427],[103.830732,1.358123],[103.830647,1.358111],[103.830642,1.358],[103.830809,1.358001],[103.831024,1.358529],[103.83054,1.358539]]]},"properties":{}},{"type":"Feature","geometry":{"type":"Polygon","coordinates":[[[103.831062,1.358448],[103.831109,1.358437],[103.83112,1.358484],[103.831073,1.358495],[103.831062,1.358448]]]},"properties":{}},{"type":"Feature","geometry":{"type":"Polygon","coordinates":[[[103.831358,1.357528],[103.831351,1.357509],[103.831373,1.3575],[103.831362,1.357476],[103.831375,1.35747],[103.831368,1.357454],[103.831376,1.357451],[103.831372,1.357442],[103.831382,1.357444],[103.83138,1.357452],[103.831442,1.357489],[103.831452,1.357473],[103.831463,1.357474],[103.831466,1.357467],[103.831486,1.357474],[103.831511,1.357406],[103.831431,1.357377],[103.831457,1.357281],[103.83149,1.35729],[103.831495,1.357267],[103.831505,1.357225],[103.831602,1.357241],[103.831608,1.357278],[103.83163,1.357421],[103.831611,1.357428],[103.831536,1.357463],[103.831532,1.357456],[103.831358,1.357528]]]},"properties":{"name":"Drop Off Pavillion","class":"roof","subtype":"outbuilding"}},{"type":"Feature","geometry":{"type":"Polygon","coordinates":[[[103.831382,1.357444],[103.831372,1.357442],[103.831365,1.357425],[103.831389,1.357415],[103.831408,1.357422],[103.831419,1.357393],[103.831425,1.357375],[103.831431,1.357377],[103.831511,1.357406],[103.831486,1.357474],[103.831466,1.357467],[103.831463,1.357474],[103.831452,1.357473],[103.831442,1.357489],[103.83138,1.357452],[103.831382,1.357444]]]},"properties":{"class":"residential","subtype":"residential"}},{"type":"Feature","geometry":{"type":"Polygon","coordinates":[[[103.831362,1.357403],[103.831329,1.357328],[103.831333,1.357326],[103.831416,1.35729],[103.83144,1.357343],[103.831428,1.357348],[103.831431,1.357353],[103.831422,1.357357],[103.831427,1.357369],[103.831405,1.357378],[103.831403,1.357372],[103.83139,1.357378],[103.831394,1.357388],[103.831408,1.357382],[103.831411,1.35739],[103.831419,1.357393],[103.831408,1.357422],[103.831389,1.357415],[103.831365,1.357425],[103.831362,1.357421],[103.831351,1.357425],[103.831345,1.35741],[103.831362,1.357403]]]},"properties":{"class":"residential","subtype":"residential"}},{"type":"Feature","geometry":{"type":"Polygon","coordinates":[[[103.831266,1.357221],[103.831229,1.357214],[103.831234,1.357185],[103.831272,1.357193],[103.831266,1.357221]]]},"properties":{"subtype":"civic"}},{"type":"Feature","geometry":{"type":"Polygon","coordinates":[[[103.831294,1.357344],[103.831329,1.357328],[103.831362,1.357403],[103.831345,1.35741],[103.831351,1.357425],[103.831333,1.357432],[103.831319,1.357399],[103.831277,1.357417],[103.83125,1.357355],[103.831265,1.357348],[103.831256,1.357329],[103.831282,1.357318],[103.831294,1.357344]]]},"properties":{"class":"residential","subtype":"residential"}},{"type":"Feature","geometry":{"type":"Polygon","coordinates":[[[103.831227,1.357487],[103.831225,1.357482],[103.831233,1.357479],[103.831253,1.35747],[103.831237,1.357434],[103.831277,1.357417],[103.831319,1.357399],[103.831333,1.357432],[103.831351,1.357425],[103.831362,1.357421],[103.831365,1.357425],[103.831372,1.357442],[103.831376,1.357451],[103.831368,1.357454],[103.831375,1.35747],[103.831362,1.357476],[103.831355,1.35746],[103.831333,1.357469],[103.83134,1.357485],[103.831266,1.357517],[103.83126,1.357519],[103.831254,1.357504],[103.831238,1.357511],[103.831234,1.357502],[103.831227,1.357487]]]},"properties":{"class":"residential","subtype":"residential"}},{"type":"Feature","geometry":{"type":"Polygon","coordinates":[[[103.83127,1.357526],[103.831266,1.357517],[103.83134,1.357485],[103.831333,1.357469],[103.831355,1.35746],[103.831362,1.357476],[103.831373,1.3575],[103.831351,1.357509],[103.831317,1.357524],[103.831319,1.357529],[103.83129,1.357541],[103.831288,1.357536],[103.831276,1.357541],[103.83127,1.357526]]]},"properties":{"class":"residential","subtype":"residential"}},{"type":"Feature","geometry":{"type":"Polygon","coordinates":[[[103.831373,1.357583],[103.831382,1.357599],[103.831103,1.357714],[103.831088,1.357676],[103.831098,1.357644],[103.831146,1.357625],[103.831151,1.357638],[103.831244,1.357601],[103.831259,1.357574],[103.831296,1.357596],[103.831373,1.357583]]]},"properties":{"subtype":"civic"}},{"type":"Feature","geometry":{"type":"Polygon","coordinates":[[[103.831227,1.357487],[103.831234,1.357502],[103.831228,1.357513],[103.831235,1.357517],[103.83122,1.357588],[103.831203,1.357584],[103.831195,1.357593],[103.831189,1.35759],[103.83118,1.35761],[103.831113,1.357583],[103.831135,1.357527],[103.831147,1.357498],[103.831165,1.357506],[103.831194,1.357517],[103.831201,1.357498],[103.831227,1.357487]]]},"properties":{"class":"residential","subtype":"residential"}},{"type":"Feature","geometry":{"type":"Polygon","coordinates":[[[103.830968,1.357216],[103.830975,1.357153],[103.83104,1.35716],[103.831039,1.357172],[103.831066,1.357175],[103.831063,1.35721],[103.831048,1.357209],[103.831045,1.357234],[103.83102,1.357232],[103.831003,1.35723],[103.831004,1.35722],[103.830968,1.357216]]]},"properties":{"class":"house","subtype":"residential"}},{"type":"Feature","geometry":{"type":"Polygon","coordinates":[[[103.831215,1.357267],[103.831086,1.357242],[103.831102,1.357159],[103.831231,1.357184],[103.831215,1.357267]]]},"properties":{"name":"Multipurpose Hall","class":"residential","subtype":"residential"}},{"type":"Feature","geometry":{"type":"Polygon","coordinates":[[[103.83117,1.3574],[103.831176,1.357397],[103.831209,1.357472],[103.831227,1.357464],[103.831233,1.357479],[103.831225,1.357482],[103.831227,1.357487],[103.831201,1.357498],[103.831194,1.357517],[103.831165,1.357506],[103.831168,1.357498],[103.831164,1.35749],[103.831178,1.357484],[103.831174,1.357474],[103.83116,1.35748],[103.831163,1.357486],[103.831141,1.357496],[103.831136,1.357484],[103.831127,1.357488],[103.831125,1.357482],[103.831114,1.357487],[103.831091,1.357436],[103.83117,1.3574]]]},"properties":{"class":"residential","subtype":"residential"}},{"type":"Feature","geometry":{"type":"Polygon","coordinates":[[[103.831209,1.357472],[103.831176,1.357397],[103.831212,1.357381],[103.8312,1.357354],[103.831226,1.357343],[103.831235,1.357362],[103.83125,1.357355],[103.831277,1.357417],[103.831237,1.357434],[103.831253,1.35747],[103.831233,1.357479],[103.831227,1.357464],[103.831209,1.357472]]]},"properties":{"class":"residential","subtype":"residential"}},{"type":"Feature","geometry":{"type":"Polygon","coordinates":[[[103.83126,1.356746],[103.831309,1.356791],[103.831277,1.356825],[103.831312,1.356857],[103.831233,1.356942],[103.83115,1.356864],[103.83126,1.356746]]]},"properties":{}},{"type":"Feature","geometry":{"type":"Polygon","coordinates":[[[103.830828,1.356063],[103.830975,1.355868],[103.831215,1.35605],[103.831068,1.356245],[103.830828,1.356063]]]},"properties":{}},{"type":"Feature","geometry":{"type":"Polygon","coordinates":[[[103.831233,1.356316],[103.831282,1.356318],[103.831281,1.356363],[103.831231,1.356361],[103.831233,1.356316]]]},"properties":{}},{"type":"Feature","geometry":{"type":"Polygon","coordinates":[[[103.831278,1.356658],[103.831311,1.35667],[103.831302,1.356694],[103.83127,1.356683],[103.831278,1.356658]]]},"properties":{}},{"type":"Feature","geometry":{"type":"Polygon","coordinates":[[[103.83142,1.356248],[103.831445,1.356203],[103.831477,1.356222],[103.831452,1.356266],[103.83142,1.356248]]]},"properties":{}},{"type":"Feature","geometry":{"type":"Polygon","coordinates":[[[103.831442,1.356108],[103.831483,1.356142],[103.831428,1.356208],[103.831388,1.356175],[103.831442,1.356108]]]},"properties":{}},{"type":"Feature","geometry":{"type":"Polygon","coordinates":[[[103.831404,1.356049],[103.83127,1.355929],[103.831462,1.355716],[103.831592,1.355832],[103.831566,1.355861],[103.831613,1.355904],[103.831579,1.355941],[103.831622,1.355981],[103.831594,1.356012],[103.83164,1.356053],[103.831504,1.356203],[103.831463,1.356167],[103.831496,1.35613],[103.83145,1.356089],[103.831421,1.356121],[103.831376,1.35608],[103.831404,1.356049]]]},"properties":{}},{"type":"Feature","geometry":{"type":"Polygon","coordinates":[[[103.831572,1.356111],[103.831628,1.356146],[103.831522,1.356316],[103.831466,1.356281],[103.831572,1.356111]]]},"properties":{}},{"type":"Feature","geometry":{"type":"Polygon","coordinates":[[[103.831559,1.357164],[103.83145,1.356739],[103.831521,1.35672],[103.831533,1.356766],[103.831537,1.356764],[103.831634,1.357144],[103.831559,1.357164]]]},"properties":{}},{"type":"Feature","geometry":{"type":"Polygon","coordinates":[[[103.831613,1.356594],[103.831596,1.356544],[103.831641,1.356528],[103.831659,1.356579],[103.831613,1.356594]]]},"properties":{}},{"type":"Feature","geometry":{"type":"Polygon","coordinates":[[[103.831716,1.35667],[103.831821,1.357078],[103.831639,1.357125],[103.831534,1.356717],[103.831716,1.35667]]]},"properties":{}},{"type":"Feature","geometry":{"type":"Polygon","coordinates":[[[103.831765,1.356294],[103.831761,1.356264],[103.831808,1.356258],[103.831812,1.356288],[103.831765,1.356294]]]},"properties":{}},{"type":"Feature","geometry":{"type":"Polygon","coordinates":[[[103.831753,1.356152],[103.831785,1.356153],[103.831783,1.356219],[103.831751,1.356218],[103.831753,1.356152]]]},"properties":{}},{"type":"Feature","geometry":{"type":"Polygon","coordinates":[[[103.831994,1.356815],[103.832013,1.356808],[103.832028,1.356853],[103.832009,1.356859],[103.831994,1.356815]]]},"properties":{}},{"type":"Feature","geometry":{"type":"Polygon","coordinates":[[[103.831206,1.358218],[103.831072,1.357925],[103.831173,1.35788],[103.831229,1.358003],[103.831262,1.358078],[103.831284,1.358123],[103.831319,1.358207],[103.831372,1.358327],[103.831677,1.358321],[103.831721,1.358321],[103.831797,1.358273],[103.831742,1.35815],[103.831911,1.358083],[103.832345,1.357911],[103.832196,1.357565],[103.832129,1.357591],[103.832094,1.357499],[103.832173,1.35747],[103.83227,1.357436],[103.832479,1.357922],[103.832445,1.357996],[103.831878,1.358195],[103.83193,1.358326],[103.831768,1.358397],[103.83178,1.358435],[103.831435,1.35845],[103.831313,1.358452],[103.8313,1.358424],[103.831237,1.358286],[103.831206,1.358218]]]},"properties":{}},{"type":"Feature","geometry":{"type":"Polygon","coordinates":[[[103.831513,1.358075],[103.831379,1.358131],[103.831338,1.358031],[103.831318,1.35804],[103.831293,1.35798],[103.831278,1.357947],[103.831301,1.357936],[103.831259,1.357843],[103.831388,1.357785],[103.831407,1.357776],[103.831678,1.357655],[103.831739,1.357627],[103.831798,1.357601],[103.831876,1.357566],[103.831917,1.357548],[103.831984,1.357708],[103.832002,1.357752],[103.832045,1.357864],[103.831993,1.357884],[103.831513,1.358075]]]},"properties":{}},{"type":"Feature","geometry":{"type":"Polygon","coordinates":[[[103.832108,1.358499],[103.83215,1.358596],[103.832153,1.358602],[103.831755,1.358774],[103.83135,1.35878],[103.831351,1.358831],[103.831288,1.358832],[103.831285,1.358672],[103.831723,1.358665],[103.832108,1.358499]]]},"properties":{"class":"residential","subtype":"residential"}},{"type":"Feature","geometry":{"type":"Polygon","coordinates":[[[103.831784,1.358932],[103.831783,1.359023],[103.83174,1.359022],[103.831742,1.358932],[103.831784,1.358932]]]},"properties":{}},{"type":"Feature","geometry":{"type":"Polygon","coordinates":[[[103.832143,1.359238],[103.832188,1.359226],[103.832216,1.359292],[103.832064,1.359352],[103.831961,1.359149],[103.83129,1.359156],[103.831289,1.359085],[103.831288,1.358991],[103.831356,1.358991],[103.831357,1.35904],[103.831973,1.359025],[103.832069,1.359073],[103.832143,1.359238]]]},"properties":{"class":"residential","subtype":"residential"}},{"type":"Feature","geometry":{"type":"Polygon","coordinates":[[[103.832093,1.358289],[103.832131,1.358374],[103.832067,1.358402],[103.83203,1.358317],[103.832093,1.358289]]]},"properties":{}},{"type":"Feature","geometry":{"type":"Polygon","coordinates":[[[103.83215,1.358596],[103.832108,1.358499],[103.832206,1.358456],[103.832229,1.358507],[103.832261,1.358493],[103.832236,1.358438],[103.832271,1.358423],[103.832338,1.358393],[103.832385,1.358497],[103.832349,1.358513],[103.83236,1.358539],[103.832459,1.358495],[103.832493,1.35857],[103.832504,1.358594],[103.832417,1.358633],[103.832393,1.35858],[103.832351,1.358599],[103.832373,1.358648],[103.832289,1.358686],[103.832251,1.358601],[103.832283,1.358586],[103.832264,1.358545],[103.83215,1.358596]]]},"properties":{"class":"residential","subtype":"residential"}},{"type":"Feature","geometry":{"type":"Polygon","coordinates":[[[103.832337,1.358892],[103.832197,1.358953],[103.832158,1.358869],[103.832302,1.358808],[103.832316,1.358841],[103.832337,1.358892]]]},"properties":{}},{"type":"Feature","geometry":{"type":"Polygon","coordinates":[[[103.832188,1.359226],[103.832172,1.359188],[103.832394,1.359093],[103.832449,1.359223],[103.832516,1.35919],[103.83256,1.359294],[103.832475,1.359326],[103.832452,1.359273],[103.832407,1.359292],[103.832432,1.359352],[103.832343,1.35939],[103.8323,1.35929],[103.832331,1.359276],[103.832319,1.359248],[103.832216,1.359292],[103.832188,1.359226]]]},"properties":{"class":"residential","subtype":"residential"}},{"type":"Feature","geometry":{"type":"Polygon","coordinates":[[[103.832804,1.359701],[103.832812,1.359722],[103.832756,1.359744],[103.832639,1.359789],[103.832601,1.359804],[103.83262,1.359852],[103.832581,1.359868],[103.832571,1.3599],[103.832581,1.359925],[103.832323,1.360033],[103.832234,1.360008],[103.832186,1.359881],[103.83218,1.359609],[103.832845,1.35936],[103.832946,1.359608],[103.832813,1.35966],[103.832825,1.359693],[103.832804,1.359701]],[[103.832844,1.359387],[103.832722,1.359432],[103.832738,1.359477],[103.8328,1.359455],[103.832824,1.359519],[103.832885,1.359496],[103.832844,1.359387]],[[103.832519,1.359742],[103.832552,1.359749],[103.832559,1.359715],[103.832604,1.359725],[103.832606,1.359732],[103.832579,1.359742],[103.832584,1.359754],[103.832541,1.359771],[103.832553,1.359804],[103.832574,1.359796],[103.832579,1.359809],[103.832805,1.359721],[103.832797,1.3597],[103.832818,1.359692],[103.832808,1.359666],[103.832788,1.359673],[103.832787,1.35967],[103.832754,1.359683],[103.83275,1.359673],[103.832728,1.359681],[103.832725,1.359673],[103.832709,1.359679],[103.832706,1.359671],[103.832709,1.359655],[103.832745,1.359662],[103.832749,1.359644],[103.83277,1.359648],[103.832796,1.359639],[103.832808,1.359649],[103.832856,1.359632],[103.832847,1.359607],[103.832859,1.359603],[103.832843,1.359558],[103.832823,1.359565],[103.832816,1.359544],[103.832781,1.359557],[103.832786,1.35957],[103.83278,1.359572],[103.832741,1.359556],[103.83275,1.359533],[103.832729,1.359525],[103.832726,1.359533],[103.832648,1.359502],[103.832626,1.359556],[103.83263,1.35956],[103.832627,1.359569],[103.832645,1.359574],[103.83264,1.35959],[103.83267,1.359598],[103.832663,1.35962],[103.832679,1.359625],[103.832676,1.359636],[103.832662,1.359642],[103.832657,1.35963],[103.832607,1.35965],[103.832612,1.359662],[103.8326,1.359667],[103.832588,1.359665],[103.832594,1.359633],[103.832607,1.359636],[103.832617,1.359587],[103.832593,1.359556],[103.832578,1.359553],[103.832579,1.359549],[103.83255,1.359543],[103.832549,1.359547],[103.832528,1.359542],[103.832511,1.359622],[103.832503,1.35962],[103.832488,1.359687],[103.832495,1.359689],[103.832483,1.359743],[103.832517,1.35975],[103.832519,1.359742]],[[103.832311,1.359896],[103.832409,1.359856],[103.832369,1.359758],[103.832411,1.35974],[103.832397,1.359706],[103.832439,1.35969],[103.832414,1.359628],[103.83248,1.359602],[103.832463,1.359561],[103.832409,1.359583],[103.832403,1.35957],[103.832294,1.359614],[103.832316,1.359668],[103.832262,1.35969],[103.832281,1.359736],[103.832251,1.359748],[103.832311,1.359896]],[[103.832312,1.359928],[103.832225,1.359707],[103.832187,1.359723],[103.83219,1.359881],[103.832222,1.359963],[103.832312,1.359928]],[[103.832474,1.359954],[103.832465,1.359932],[103.832437,1.359944],[103.832426,1.359917],[103.832415,1.359922],[103.832405,1.3599],[103.832324,1.359934],[103.832332,1.359953],[103.832309,1.359963],[103.832326,1.360003],[103.832341,1.36001],[103.832474,1.359954]]]},"properties":{"class":"parking","subtype":"transportation"}},{"type":"Feature","geometry":{"type":"Polygon","coordinates":[[[103.831977,1.35703],[103.831988,1.356924],[103.83206,1.357035],[103.832144,1.357166],[103.832208,1.357264],[103.832152,1.357301],[103.832091,1.357206],[103.832028,1.357109],[103.831977,1.35703]]]},"properties":{"name":"Entrance Pavilion","subtype":"civic"}},{"type":"Feature","geometry":{"type":"Polygon","coordinates":[[[103.832276,1.356684],[103.832252,1.356611],[103.832424,1.356554],[103.832448,1.356627],[103.832276,1.356684]]]},"properties":{"class":"house","subtype":"residential"}},{"type":"Feature","geometry":{"type":"Polygon","coordinates":[[[103.832198,1.356386],[103.832275,1.356357],[103.83233,1.356504],[103.832253,1.356533],[103.832198,1.356386]]]},"properties":{"class":"house","subtype":"residential"}},{"type":"Feature","geometry":{"type":"Polygon","coordinates":[[[103.832131,1.356191],[103.832132,1.356125],[103.832289,1.356127],[103.832288,1.356148],[103.832254,1.356176],[103.83221,1.356192],[103.832131,1.356191]]]},"properties":{"class":"house","subtype":"residential"}},{"type":"Feature","geometry":{"type":"Polygon","coordinates":[[[103.832132,1.356125],[103.832133,1.356059],[103.83229,1.356061],[103.832289,1.356127],[103.832132,1.356125]]]},"properties":{"class":"house","subtype":"residential"}},{"type":"Feature","geometry":{"type":"Polygon","coordinates":[[[103.832128,1.356034],[103.832129,1.355968],[103.832286,1.35597],[103.832285,1.356037],[103.832128,1.356034]]]},"properties":{"class":"house","subtype":"residential"}},{"type":"Feature","geometry":{"type":"Polygon","coordinates":[[[103.832129,1.355968],[103.83213,1.355902],[103.832287,1.355904],[103.832286,1.35597],[103.832129,1.355968]]]},"properties":{"class":"house","subtype":"residential"}},{"type":"Feature","geometry":{"type":"Polygon","coordinates":[[[103.832275,1.356357],[103.832353,1.356328],[103.832407,1.356475],[103.83233,1.356504],[103.832275,1.356357]]]},"properties":{"class":"house","subtype":"residential"}},{"type":"Feature","geometry":{"type":"Polygon","coordinates":[[[103.832404,1.356497],[103.832415,1.356524],[103.832324,1.356559],[103.832313,1.356532],[103.832404,1.356497]]]},"properties":{}},{"type":"Feature","geometry":{"type":"Polygon","coordinates":[[[103.832301,1.356757],[103.832276,1.356684],[103.832448,1.356627],[103.832472,1.3567],[103.832301,1.356757]]]},"properties":{"class":"house","subtype":"residential"}},{"type":"Feature","geometry":{"type":"Polygon","coordinates":[[[103.832378,1.355235],[103.832305,1.355096],[103.832354,1.35507],[103.832427,1.355209],[103.832378,1.355235]]]},"properties":{"class":"house","subtype":"residential","num_floors":2}},{"type":"Feature","geometry":{"type":"Polygon","coordinates":[[[103.832126,1.354717],[103.832044,1.354758],[103.832021,1.35471],[103.832651,1.354398],[103.832681,1.354458],[103.832589,1.354503],[103.832597,1.354519],[103.83214,1.354745],[103.832126,1.354717]]]},"properties":{"class":"train_station","subtype":"transportation"}},{"type":"Feature","geometry":{"type":"Polygon","coordinates":[[[103.832186,1.354371],[103.832236,1.354348],[103.832291,1.354468],[103.83224,1.354491],[103.832186,1.354371]]]},"properties":{}},{"type":"Feature","geometry":{"type":"Polygon","coordinates":[[[103.832243,1.354347],[103.832343,1.354303],[103.832389,1.354405],[103.832289,1.35445],[103.832243,1.354347]]]},"properties":{}},{"type":"Feature","geometry":{"type":"Polygon","coordinates":[[[103.832234,1.354205],[103.832265,1.354191],[103.832296,1.354256],[103.832265,1.354271],[103.832234,1.354205]]]},"properties":{}},{"type":"Feature","geometry":{"type":"Polygon","coordinates":[[[103.832263,1.354282],[103.832269,1.354304],[103.83223,1.354315],[103.832224,1.354292],[103.832263,1.354282]]]},"properties":{}},{"type":"Feature","geometry":{"type":"Polygon","coordinates":[[[103.832185,1.354228],[103.832214,1.354215],[103.832245,1.35428],[103.832216,1.354294],[103.832185,1.354228]]]},"properties":{}},{"type":"Feature","geometry":{"type":"Polygon","coordinates":[[[103.83214,1.35425],[103.832185,1.354228],[103.832216,1.354294],[103.83217,1.354315],[103.83214,1.35425]]]},"properties":{}},{"type":"Feature","geometry":{"type":"Polygon","coordinates":[[[103.832134,1.354252],[103.832165,1.354318],[103.832119,1.35434],[103.832088,1.354274],[103.832134,1.354252]]]},"properties":{}},{"type":"Feature","geometry":{"type":"Polygon","coordinates":[[[103.832103,1.354555],[103.832061,1.354462],[103.83219,1.354403],[103.832232,1.354497],[103.832103,1.354555]]]},"properties":{}},{"type":"Feature","geometry":{"type":"Polygon","coordinates":[[[103.83223,1.354745],[103.832141,1.354788],[103.832129,1.354763],[103.832218,1.35472],[103.83223,1.354745]]]},"properties":{}},{"type":"Feature","geometry":{"type":"Polygon","coordinates":[[[103.832127,1.355401],[103.832129,1.355189],[103.832159,1.355173],[103.832232,1.355311],[103.832248,1.355339],[103.832127,1.355401]]]},"properties":{}},{"type":"Feature","geometry":{"type":"Polygon","coordinates":[[[103.83233,1.35526],[103.832257,1.355121],[103.832305,1.355096],[103.832378,1.355235],[103.83233,1.35526]]]},"properties":{"class":"house","subtype":"residential","num_floors":2}},{"type":"Feature","geometry":{"type":"Polygon","coordinates":[[[103.832281,1.355286],[103.832208,1.355147],[103.832257,1.355121],[103.83233,1.35526],[103.832281,1.355286]]]},"properties":{"class":"house","subtype":"residential","num_floors":2}},{"type":"Feature","geometry":{"type":"Polygon","coordinates":[[[103.832232,1.355311],[103.832159,1.355173],[103.832208,1.355147],[103.832281,1.355286],[103.832232,1.355311]]]},"properties":{"class":"house","subtype":"residential","num_floors":2}},{"type":"Feature","geometry":{"type":"Polygon","coordinates":[[[103.832293,1.355852],[103.832115,1.355836],[103.832122,1.355751],[103.832221,1.35576],[103.832232,1.355627],[103.83215,1.35562],[103.832163,1.35548],[103.832247,1.355487],[103.832242,1.355547],[103.832344,1.355556],[103.832347,1.355521],[103.8324,1.355525],[103.83239,1.355641],[103.832435,1.355645],[103.832423,1.355781],[103.832401,1.355779],[103.832393,1.355871],[103.832328,1.355865],[103.832354,1.355577],[103.832285,1.355571],[103.832283,1.355591],[103.832316,1.355593],[103.832293,1.355852]]]},"properties":{"name":"MMI Preschool"}},{"type":"Feature","geometry":{"type":"Polygon","coordinates":[[[103.831842,1.355727],[103.831752,1.355746],[103.831724,1.355687],[103.831692,1.355632],[103.831619,1.355569],[103.831536,1.355529],[103.831464,1.355519],[103.831469,1.355494],[103.831473,1.355474],[103.831612,1.355488],[103.831687,1.355511],[103.831739,1.355539],[103.831785,1.355592],[103.831821,1.355657],[103.831838,1.355716],[103.831842,1.355727]]]},"properties":{"class":"train_station","subtype":"transportation"}},{"type":"Feature","geometry":{"type":"Polygon","coordinates":[[[103.831792,1.355247],[103.831804,1.355269],[103.831572,1.355406],[103.831559,1.355384],[103.831792,1.355247]]]},"properties":{}},{"type":"Feature","geometry":{"type":"Polygon","coordinates":[[[103.831804,1.354828],[103.831802,1.354836],[103.831735,1.354877],[103.831628,1.354701],[103.831766,1.354618],[103.831829,1.354722],[103.831824,1.354741],[103.831804,1.354828]]]},"properties":{"class":"train_station","subtype":"transportation"}},{"type":"Feature","geometry":{"type":"Polygon","coordinates":[[[103.831531,1.354091],[103.83149,1.35405],[103.831625,1.353914],[103.831666,1.353955],[103.831531,1.354091]]]},"properties":{}},{"type":"Feature","geometry":{"type":"Polygon","coordinates":[[[103.83149,1.35405],[103.831449,1.35401],[103.831583,1.353873],[103.831625,1.353914],[103.83149,1.35405]]]},"properties":{}},{"type":"Feature","geometry":{"type":"Polygon","coordinates":[[[103.831572,1.354132],[103.831531,1.354091],[103.831666,1.353955],[103.831707,1.353996],[103.831572,1.354132]]]},"properties":{}},{"type":"Feature","geometry":{"type":"Polygon","coordinates":[[[103.831614,1.354173],[103.831572,1.354132],[103.831707,1.353996],[103.831748,1.354036],[103.831614,1.354173]]]},"properties":{}},{"type":"Feature","geometry":{"type":"Polygon","coordinates":[[[103.831655,1.354213],[103.831614,1.354173],[103.831748,1.354036],[103.83179,1.354077],[103.831655,1.354213]]]},"properties":{}},{"type":"Feature","geometry":{"type":"Polygon","coordinates":[[[103.831696,1.354254],[103.831655,1.354213],[103.83179,1.354077],[103.831831,1.354118],[103.831696,1.354254]]]},"properties":{}},{"type":"Feature","geometry":{"type":"Polygon","coordinates":[[[103.831862,1.354249],[103.831799,1.354313],[103.831758,1.354272],[103.831821,1.354208],[103.831862,1.354249]]]},"properties":{}},{"type":"Feature","geometry":{"type":"Polygon","coordinates":[[[103.831939,1.354624],[103.831884,1.354511],[103.831935,1.354487],[103.83199,1.354599],[103.831939,1.354624]]]},"properties":{}},{"type":"Feature","geometry":{"type":"Polygon","coordinates":[[[103.831954,1.354375],[103.83197,1.35441],[103.831919,1.354434],[103.831903,1.354399],[103.831954,1.354375]]]},"properties":{}},{"type":"Feature","geometry":{"type":"Polygon","coordinates":[[[103.831928,1.354462],[103.831976,1.354436],[103.83207,1.354608],[103.832022,1.354634],[103.831928,1.354462]]]},"properties":{}},{"type":"Feature","geometry":{"type":"Polygon","coordinates":[[[103.832113,1.354584],[103.83207,1.354608],[103.831976,1.354436],[103.832019,1.354412],[103.832113,1.354584]]]},"properties":{}},{"type":"Feature","geometry":{"type":"Polygon","coordinates":[[[103.832066,1.354372],[103.832082,1.354415],[103.832042,1.354429],[103.832027,1.354386],[103.832066,1.354372]]]},"properties":{}},{"type":"Feature","geometry":{"type":"Polygon","coordinates":[[[103.832018,1.354307],[103.832048,1.354373],[103.832019,1.354386],[103.831989,1.354321],[103.832018,1.354307]]]},"properties":{}},{"type":"Feature","geometry":{"type":"Polygon","coordinates":[[[103.832045,1.352749],[103.832096,1.352773],[103.832037,1.3529],[103.831986,1.352876],[103.832045,1.352749]]]},"properties":{"class":"house","subtype":"residential"}},{"type":"Feature","geometry":{"type":"Polygon","coordinates":[[[103.831907,1.353689],[103.831874,1.353718],[103.831846,1.353685],[103.831863,1.353671],[103.831879,1.353657],[103.831907,1.353689]]]},"properties":{"subtype":"civic"}},{"type":"Feature","geometry":{"type":"Polygon","coordinates":[[[103.831474,1.353301],[103.831512,1.353262],[103.831634,1.353382],[103.831596,1.353421],[103.831474,1.353301]]]},"properties":{"class":"house","subtype":"residential"}},{"type":"Feature","geometry":{"type":"Polygon","coordinates":[[[103.831551,1.353223],[103.831589,1.353184],[103.831711,1.353303],[103.831673,1.353342],[103.831551,1.353223]]]},"properties":{"class":"house","subtype":"residential"}},{"type":"Feature","geometry":{"type":"Polygon","coordinates":[[[103.831512,1.353262],[103.831551,1.353223],[103.831673,1.353342],[103.831634,1.353382],[103.831512,1.353262]]]},"properties":{"class":"house","subtype":"residential"}},{"type":"Feature","geometry":{"type":"Polygon","coordinates":[[[103.831581,1.353112],[103.831601,1.353138],[103.831564,1.353168],[103.831543,1.353142],[103.831581,1.353112]]]},"properties":{}},{"type":"Feature","geometry":{"type":"Polygon","coordinates":[[[103.831589,1.353184],[103.831627,1.353145],[103.831749,1.353264],[103.831711,1.353303],[103.831589,1.353184]]]},"properties":{"class":"house","subtype":"residential"}},{"type":"Feature","geometry":{"type":"Polygon","coordinates":[[[103.831787,1.353225],[103.831631,1.353089],[103.831717,1.352991],[103.831872,1.353127],[103.831787,1.353225]]]},"properties":{"class":"house","subtype":"residential"}},{"type":"Feature","geometry":{"type":"Polygon","coordinates":[[[103.831785,1.352627],[103.831836,1.352652],[103.831776,1.352777],[103.831725,1.352752],[103.831785,1.352627]]]},"properties":{"class":"house","subtype":"residential"}},{"type":"Feature","geometry":{"type":"Polygon","coordinates":[[[103.831734,1.352603],[103.831785,1.352627],[103.831725,1.352752],[103.831674,1.352728],[103.831734,1.352603]]]},"properties":{"class":"house","subtype":"residential"}},{"type":"Feature","geometry":{"type":"Polygon","coordinates":[[[103.831747,1.352342],[103.831798,1.352366],[103.831735,1.352497],[103.831684,1.352472],[103.831747,1.352342]]]},"properties":{"class":"house","subtype":"residential"}},{"type":"Feature","geometry":{"type":"Polygon","coordinates":[[[103.831703,1.352504],[103.831764,1.352533],[103.831756,1.352549],[103.831695,1.352521],[103.831703,1.352504]]]},"properties":{}},{"type":"Feature","geometry":{"type":"Polygon","coordinates":[[[103.831697,1.352318],[103.831747,1.352342],[103.831684,1.352472],[103.831634,1.352448],[103.831697,1.352318]]]},"properties":{"class":"house","subtype":"residential"}},{"type":"Feature","geometry":{"type":"Polygon","coordinates":[[[103.831684,1.352577],[103.831734,1.352603],[103.831674,1.352728],[103.831622,1.352704],[103.831684,1.352577]]]},"properties":{"class":"house","subtype":"residential"}},{"type":"Feature","geometry":{"type":"Polygon","coordinates":[[[103.831684,1.352577],[103.831622,1.352704],[103.831575,1.352681],[103.831637,1.352554],[103.831684,1.352577]]]},"properties":{"class":"house","subtype":"residential"}},{"type":"Feature","geometry":{"type":"Polygon","coordinates":[[[103.831522,1.352657],[103.831469,1.352631],[103.831532,1.352502],[103.831585,1.352527],[103.831522,1.352657]]]},"properties":{"class":"house","subtype":"residential"}},{"type":"Feature","geometry":{"type":"Polygon","coordinates":[[[103.831575,1.352681],[103.831522,1.352657],[103.831585,1.352527],[103.831637,1.352554],[103.831575,1.352681]]]},"properties":{"class":"house","subtype":"residential"}},{"type":"Feature","geometry":{"type":"Polygon","coordinates":[[[103.831555,1.352322],[103.831529,1.352385],[103.831505,1.352375],[103.831531,1.352312],[103.831555,1.352322]]]},"properties":{}},{"type":"Feature","geometry":{"type":"Polygon","coordinates":[[[103.831596,1.352269],[103.831647,1.352293],[103.831583,1.352424],[103.831533,1.352399],[103.831596,1.352269]]]},"properties":{"class":"house","subtype":"residential"}},{"type":"Feature","geometry":{"type":"Polygon","coordinates":[[[103.831647,1.352293],[103.831697,1.352318],[103.831634,1.352448],[103.831583,1.352424],[103.831647,1.352293]]]},"properties":{"class":"house","subtype":"residential"}},{"type":"Feature","geometry":{"type":"Polygon","coordinates":[[[103.831744,1.351743],[103.831733,1.351796],[103.831709,1.351792],[103.831719,1.351738],[103.831744,1.351743]]]},"properties":{}},{"type":"Feature","geometry":{"type":"Polygon","coordinates":[[[103.831577,1.351957],[103.831619,1.351849],[103.831826,1.351928],[103.831749,1.352101],[103.8317,1.35207],[103.831656,1.352034],[103.831577,1.351957]]]},"properties":{"class":"terrace","subtype":"residential"}},{"type":"Feature","geometry":{"type":"Polygon","coordinates":[[[103.831783,1.3517],[103.831879,1.351746],[103.831817,1.351876],[103.831721,1.35183],[103.831783,1.3517]]]},"properties":{}},{"type":"Feature","geometry":{"type":"Polygon","coordinates":[[[103.83183,1.351891],[103.831887,1.351768],[103.832009,1.351825],[103.831952,1.351948],[103.83183,1.351891]]]},"properties":{}},{"type":"Feature","geometry":{"type":"Polygon","coordinates":[[[103.831865,1.351913],[103.831946,1.351954],[103.831934,1.351979],[103.831852,1.351939],[103.831865,1.351913]]]},"properties":{}},{"type":"Feature","geometry":{"type":"Polygon","coordinates":[[[103.831927,1.352135],[103.831873,1.352109],[103.831928,1.351994],[103.831983,1.35202],[103.831927,1.352135]]]},"properties":{"class":"house","subtype":"residential"}},{"type":"Feature","geometry":{"type":"Polygon","coordinates":[[[103.831873,1.352109],[103.831796,1.352072],[103.831852,1.351957],[103.831928,1.351994],[103.831873,1.352109]]]},"properties":{"class":"house","subtype":"residential"}},{"type":"Feature","geometry":{"type":"Polygon","coordinates":[[[103.831848,1.352391],[103.831899,1.352415],[103.831836,1.352545],[103.831785,1.352521],[103.831848,1.352391]]]},"properties":{"class":"house","subtype":"residential"}},{"type":"Feature","geometry":{"type":"Polygon","coordinates":[[[103.831798,1.352366],[103.831848,1.352391],[103.831785,1.352521],[103.831735,1.352497],[103.831798,1.352366]]]},"properties":{"class":"house","subtype":"residential"}},{"type":"Feature","geometry":{"type":"Polygon","coordinates":[[[103.831836,1.352652],[103.831887,1.352676],[103.831827,1.352801],[103.831776,1.352777],[103.831836,1.352652]]]},"properties":{"class":"house","subtype":"residential"}},{"type":"Feature","geometry":{"type":"Polygon","coordinates":[[[103.831887,1.352676],[103.831938,1.352701],[103.831878,1.352826],[103.831827,1.352801],[103.831887,1.352676]]]},"properties":{"class":"house","subtype":"residential"}},{"type":"Feature","geometry":{"type":"Polygon","coordinates":[[[103.831949,1.352439],[103.832,1.352464],[103.831936,1.352594],[103.831886,1.35257],[103.831949,1.352439]]]},"properties":{"class":"house","subtype":"residential"}},{"type":"Feature","geometry":{"type":"Polygon","coordinates":[[[103.831899,1.352415],[103.831949,1.352439],[103.831886,1.35257],[103.831836,1.352545],[103.831899,1.352415]]]},"properties":{"class":"house","subtype":"residential"}},{"type":"Feature","geometry":{"type":"Polygon","coordinates":[[[103.83193,1.352358],[103.831959,1.352368],[103.83195,1.352395],[103.83192,1.352385],[103.83193,1.352358]]]},"properties":{}},{"type":"Feature","geometry":{"type":"Polygon","coordinates":[[[103.832,1.352464],[103.83205,1.352488],[103.831987,1.352619],[103.831936,1.352594],[103.832,1.352464]]]},"properties":{"class":"house","subtype":"residential"}},{"type":"Feature","geometry":{"type":"Polygon","coordinates":[[[103.831993,1.352726],[103.832045,1.352749],[103.831986,1.352876],[103.831935,1.352852],[103.831993,1.352726]]]},"properties":{"class":"house","subtype":"residential"}},{"type":"Feature","geometry":{"type":"Polygon","coordinates":[[[103.83205,1.352488],[103.8321,1.352513],[103.832037,1.352643],[103.831987,1.352619],[103.83205,1.352488]]]},"properties":{"class":"house","subtype":"residential"}},{"type":"Feature","geometry":{"type":"Polygon","coordinates":[[[103.832036,1.352188],[103.831927,1.352135],[103.831983,1.35202],[103.832092,1.352073],[103.832036,1.352188]]]},"properties":{"class":"house","subtype":"residential"}},{"type":"Feature","geometry":{"type":"Polygon","coordinates":[[[103.832132,1.351862],[103.83207,1.351999],[103.832003,1.351969],[103.832065,1.351832],[103.832132,1.351862]]]},"properties":{}},{"type":"Feature","geometry":{"type":"Polygon","coordinates":[[[103.832036,1.352188],[103.832092,1.352073],[103.83216,1.352106],[103.832104,1.352221],[103.832097,1.352237],[103.832028,1.352204],[103.832036,1.352188]]]},"properties":{"class":"house","subtype":"residential"}},{"type":"Feature","geometry":{"type":"Polygon","coordinates":[[[103.832086,1.352239],[103.832139,1.352258],[103.832142,1.352276],[103.832093,1.352284],[103.832086,1.352239]]]},"properties":{}},{"type":"Feature","geometry":{"type":"Polygon","coordinates":[[[103.832104,1.352221],[103.83216,1.352106],[103.832207,1.352128],[103.832152,1.352244],[103.832144,1.352259],[103.832097,1.352237],[103.832104,1.352221]]]},"properties":{"class":"house","subtype":"residential"}},{"type":"Feature","geometry":{"type":"Polygon","coordinates":[[[103.832152,1.352244],[103.832207,1.352128],[103.832255,1.352151],[103.832189,1.352287],[103.832142,1.352264],[103.832144,1.352259],[103.832152,1.352244]]]},"properties":{"class":"house","subtype":"residential"}},{"type":"Feature","geometry":{"type":"Polygon","coordinates":[[[103.832157,1.352038],[103.83207,1.351999],[103.832132,1.351862],[103.832139,1.351848],[103.832226,1.351887],[103.832157,1.352038]]]},"properties":{}},{"type":"Feature","geometry":{"type":"Polygon","coordinates":[[[103.832236,1.352074],[103.832164,1.352041],[103.832233,1.35189],[103.832305,1.351923],[103.832236,1.352074]]]},"properties":{}},{"type":"Feature","geometry":{"type":"Polygon","coordinates":[[[103.832355,1.352126],[103.832257,1.352081],[103.832324,1.351935],[103.832423,1.35198],[103.832355,1.352126]]]},"properties":{}},{"type":"Feature","geometry":{"type":"Polygon","coordinates":[[[103.832266,1.352321],[103.832327,1.352186],[103.832382,1.352211],[103.832321,1.352346],[103.832266,1.352321]]]},"properties":{"class":"house","subtype":"residential"}},{"type":"Feature","geometry":{"type":"Polygon","coordinates":[[[103.83227,1.352288],[103.832215,1.352261],[103.832279,1.352131],[103.832334,1.352158],[103.83227,1.352288]]]},"properties":{"class":"house","subtype":"residential"}},{"type":"Feature","geometry":{"type":"Polygon","coordinates":[[[103.832295,1.352762],[103.832243,1.352737],[103.832303,1.352611],[103.832355,1.352636],[103.832295,1.352762]]]},"properties":{"class":"house","subtype":"residential"}},{"type":"Feature","geometry":{"type":"Polygon","coordinates":[[[103.832243,1.352737],[103.832191,1.352712],[103.832251,1.352586],[103.832303,1.352611],[103.832243,1.352737]]]},"properties":{"class":"house","subtype":"residential"}},{"type":"Feature","geometry":{"type":"Polygon","coordinates":[[[103.832191,1.352712],[103.832138,1.352687],[103.832198,1.352561],[103.832251,1.352586],[103.832191,1.352712]]]},"properties":{"class":"house","subtype":"residential"}},{"type":"Feature","geometry":{"type":"Polygon","coordinates":[[[103.832138,1.352687],[103.832086,1.352663],[103.832146,1.352537],[103.832198,1.352561],[103.832138,1.352687]]]},"properties":{"class":"house","subtype":"residential"}},{"type":"Feature","geometry":{"type":"Polygon","coordinates":[[[103.832096,1.352773],[103.832147,1.352797],[103.832088,1.352924],[103.832037,1.3529],[103.832096,1.352773]]]},"properties":{"class":"house","subtype":"residential"}},{"type":"Feature","geometry":{"type":"Polygon","coordinates":[[[103.832147,1.352797],[103.832199,1.352821],[103.832139,1.352948],[103.832088,1.352924],[103.832147,1.352797]]]},"properties":{"class":"house","subtype":"residential"}},{"type":"Feature","geometry":{"type":"Polygon","coordinates":[[[103.832199,1.352821],[103.83225,1.352845],[103.832191,1.352971],[103.832139,1.352948],[103.832199,1.352821]]]},"properties":{"class":"house","subtype":"residential"}},{"type":"Feature","geometry":{"type":"Polygon","coordinates":[[[103.83225,1.352845],[103.832301,1.352869],[103.832242,1.352995],[103.832191,1.352971],[103.83225,1.352845]]]},"properties":{"class":"house","subtype":"residential"}},{"type":"Feature","geometry":{"type":"Polygon","coordinates":[[[103.832301,1.352869],[103.832352,1.352893],[103.832293,1.353019],[103.832242,1.352995],[103.832301,1.352869]]]},"properties":{"class":"house","subtype":"residential"}},{"type":"Feature","geometry":{"type":"Polygon","coordinates":[[[103.832352,1.352893],[103.832403,1.352916],[103.832345,1.353043],[103.832293,1.353019],[103.832352,1.352893]]]},"properties":{"class":"house","subtype":"residential"}},{"type":"Feature","geometry":{"type":"Polygon","coordinates":[[[103.832347,1.352787],[103.832295,1.352762],[103.832355,1.352636],[103.832407,1.352661],[103.832347,1.352787]]]},"properties":{"class":"house","subtype":"residential"}}]}